temperature,humidity,noise_db,shift_hours,break_hours,ppe_compliance,experience_years,fatigue_level,previous_incidents,near_misses,training_hours,equipment_age,maintenance_score,workload,work_at_height,heavy_machinery,risk_level
26.236203565420873,67.08920959462286,92.4128477038911,11.48146806841617,1.395036062684598,74.98351218645267,12.913813368990768,8.75592220784614,2,2,19.990838867717542,9.071420388460098,40.1106590150945,95.06459171940566,1,0,3
43.52142919229749,75.76769780339606,68.61931810525832,9.152162890916987,0.3900569970903891,87.33733862562971,8.04836988513964,1.318410095751982,0,2,37.14697625576326,15.925686084467012,92.44714852588586,86.20425250721551,1,1,2
36.95981825434215,37.53275291547493,103.61972816774075,10.349461631016506,0.6740771700440432,78.13333903281665,9.438182198291752,4.907473253134974,0,2,0.9785464447629044,12.794759947567488,44.72873798211866,53.99304695601057,0,0,2
32.959754525911094,63.74118697248992,90.65581195346208,8.616289787835527,1.6039388563386887,54.16512915558982,14.334495653629011,7.302356656742408,2,4,25.239394608298614,3.7919415898817865,79.31593705281236,96.81694037596154,0,1,2
19.680559213273096,60.022218820062406,67.86019417784772,9.78020746525463,1.1752002439379345,59.27901183917777,17.52612059333588,8.772080791089184,0,2,33.43369460606169,5.543463455410269,49.08848609300958,69.76339592391162,0,1,2
19.67983561008608,78.29812637517898,108.11690287406034,8.043455624526711,1.8739458581273283,60.96640920154596,5.4443760167955135,6.48669603539105,0,1,12.498433701967087,1.584983728827709,43.736548630657374,35.05737838393853,1,1,2
16.742508365045985,83.42609423368825,85.91827316676603,7.806954118712672,1.00031496459737,62.89321268224224,6.841535919421416,2.5593582334700695,1,4,5.2607418007689954,18.914435098466445,85.58624185127067,79.21468140874703,0,1,3
40.98528437324806,20.850974003417075,63.64492259358275,9.469378717017083,1.7721716401743655,78.27016959752521,18.61478792724825,8.972147487093284,1,1,1.733591504370522,17.731009624585333,68.03218683135057,67.60941504763113,1,1,3
33.03345035229626,67.18139433411548,91.34164522075336,8.988778045103881,1.0356720155869157,75.19828899126968,11.570235848188908,6.173318464065614,0,2,25.7561223774321,1.6959245090187425,75.94375079866956,70.08116353634088,1,1,1
36.242177333881365,23.628505938381032,72.65994535064051,9.477218214899887,1.9636844877284743,60.158001918210445,3.5792363427000207,1.9721636357564019,0,5,22.089375209162732,11.4815203169492,65.52118112784754,99.58729710278254,0,1,2
15.617534828874074,58.42010655541492,100.18467259386512,7.719963487722138,1.9297101674480344,53.37774217278435,13.273902778247654,5.174620996508511,2,0,9.171799535679902,19.20803637721637,44.03031175047053,40.67599983096791,0,0,2
44.097295564859834,40.13429103305747,100.89110367830953,8.201746990901972,0.8259892347231406,58.5716102237359,19.81524311078759,7.290490541736662,1,2,33.26469230526992,14.942855798923114,84.37708997721847,75.97571302015245,1,1,3
39.97327922401266,41.474361966549885,108.94736779273309,6.503387763773456,1.8003664232294057,99.21906563093017,16.469071289408003,5.059141716847414,2,2,29.420254086093735,9.836243879413454,89.2210672701296,62.11187680607842,1,1,2
21.370173320348286,44.70709524166496,85.0934765512252,6.313658233633234,1.7333199048773862,73.4273474895736,14.914822731028055,8.837110965380989,2,1,11.057151399471326,4.822059778132697,42.48523258532202,49.032518742159695,0,0,1
20.454749016213018,63.490471433472706,82.74784398638685,7.520742778038097,0.618690695323235,93.36727523510562,4.160933085325384,4.813248831046947,1,4,30.134520914585355,5.580741501625912,62.54303181903636,78.5481354164074,0,0,2
20.502135295603015,43.38349759681385,97.67378027232402,6.445481155983274,1.342508201370722,92.43762333344216,17.522795693680145,6.251074205798449,1,7,9.799768540030902,14.724759093427213,73.4389922242096,76.77489650749999,1,0,3
24.127267288786133,71.28893354131964,66.62353281709633,6.622648251808444,0.377194052282176,75.57597787314369,10.51577687071093,2.900533924017127,1,5,27.010698474654436,15.611505464876934,76.31100536601504,89.95465756864711,0,0,2
30.742692948967136,48.31691699017088,87.34577568965621,10.877570432363623,1.714243761021058,85.33438542302719,17.78580044143911,5.614177150406004,0,2,4.741801642955177,10.573866487028651,74.68917646847792,91.52084646305528,1,1,2
27.958350559263472,24.7847240216971,87.31238000654255,6.233242182100136,0.555455296131119,59.637600520635615,6.596556588497586,3.005715789394561,0,4,27.689578533328287,2.4189740303340956,81.57643923412778,69.32736171344666,0,0,1
23.736874205941255,74.8631889738875,64.47365614051937,9.953656763608457,0.3739257274250879,84.41983524634541,1.2410210527086551,3.0266843315451313,0,3,9.55097675929041,18.67736747253189,98.00897214517138,52.79007962474022,0,0,2
33.35558684167138,40.00308272148942,80.89920427534568,7.635346492892403,0.9503834171929195,63.619228963164474,9.519519373194923,3.519122880189178,1,2,22.898774169668563,16.8952546913347,63.435191267722665,67.07063153067016,1,1,3
19.184815819561255,50.29368157194838,102.6642399283601,11.229274084248758,1.259613742549376,91.60310483770755,5.396752096357553,1.3977934070290758,1,2,6.898554674075301,2.810775580548457,73.39741401733536,55.147858869200405,0,0,1
23.764339456056547,67.9810718255331,102.80768109973302,8.909953707464997,1.7461046774795992,54.186206655445496,14.304585795525963,2.4697867756579104,4,1,29.038677902718092,1.1345516725770444,81.94471776783993,49.4149258820728,0,0,1
25.99085529881075,43.271931000409836,64.96188324598405,7.833458755966954,1.9549244196630389,88.65693364426387,19.142131057120647,4.819245627997551,1,2,2.4351829757220678,10.717353654994673,75.5454293246683,68.61027644440168,1,1,2
28.682099526511077,23.960995930270094,64.53604413739154,9.105833614136607,1.0191118969972615,54.99684532843098,13.819483023031278,2.1795444883660235,2,5,6.616711472108752,5.682852354590519,63.2050618005509,76.05539219141485,1,1,2
38.55527884179041,46.174473290896955,73.13477385009676,8.291748114271613,0.3557821152242229,94.05946184471546,17.73867859418407,2.200462754653727,1,0,7.365459194833459,5.6649941882913595,77.44475727698958,71.3399900837276,0,0,1
20.99021346475079,86.11140078860124,103.73830312769968,9.385806388018981,1.5609522632952737,65.21022590675018,9.060480272024128,9.71138645542609,1,0,1.6537434341599422,1.744431855008235,79.00669182640968,96.80936649543237,1,1,3
30.42703315240835,64.92140781089907,66.44512925367495,6.687197209958089,1.2390531983918907,82.71966824152874,15.432814743906034,4.843876268774856,1,3,29.800500646409827,19.06771670542775,75.09810851958021,50.90452829877754,0,1,2
32.772437065861276,67.00354040670449,95.99984013137231,11.981943016875306,1.0338098534778104,74.375113931014,16.860868733434067,4.63359429660132,3,2,39.23810018959731,16.603329193196892,52.30663964514225,56.063917953827186,1,1,3
16.393512381599933,64.25975075463478,65.05828098065516,8.553335266180305,0.791220537886332,68.31515726311694,14.217512551670847,3.4096208935598455,1,2,31.135911536467297,2.2766918375183365,70.35888148914592,76.73499762564876,1,0,1
33.226345557043146,33.92944972716057,91.15689268739126,8.089383838244212,1.1291974237261875,82.27209165917483,10.155545721391292,5.612024431967215,0,4,34.42527848489582,17.531975353016605,93.06140858564203,72.02510392525248,1,0,3
20.115723710618745,49.28337048715961,77.80336495595724,10.261259089897589,0.8426893077998041,97.3761490275619,12.517322192307361,6.364584114922478,1,2,0.24030641353108617,13.65912111926274,92.11611268193461,30.130436973615446,0,1,2
16.951547789558386,72.56578588543228,99.44569814829336,8.183396438971995,1.5747707685578805,52.063487368731096,14.010139913577607,4.763669697635435,2,1,4.71479855098373,6.508822636572173,85.04727549976067,51.85998279687189,0,1,1
43.466566117599996,27.09610282872114,71.68452244126819,10.999645830172547,1.2018139688621219,95.9426427941552,5.061688064428537,4.544276648095764,0,4,22.360813571794495,17.425011088302636,81.8317308662335,47.76332967280462,0,1,2
43.96896099223678,39.449694326279854,91.960091469498,8.725624346162551,1.784483604769696,80.45408275105068,16.191585218299696,7.303840152796495,1,0,39.1147553917667,11.960443755639167,49.19674826562705,88.7940420652211,1,0,2
39.25192044349383,39.34233759260975,71.78412672879425,10.317350479592609,1.2012018506365236,90.3657150384526,19.006490779345466,9.547990307975066,0,3,26.428517241928144,16.973396886687723,67.56787987026695,90.63741116194504,1,0,3
24.13841307520112,50.241324931615424,95.68301415560768,6.644719298651319,0.6669592233448776,69.19374767171388,9.30478630359872,8.900398638843276,0,1,14.965467749523107,9.385358489745048,46.65707858484965,49.87251987218108,0,0,2
17.930163420191516,88.62581186595295,103.68390172803744,11.076715113330671,1.7394107939062529,73.59214874188069,14.021343662197548,2.067582402148502,0,3,5.8459722192583685,10.01302080323655,89.03706697816118,37.14498075392755,0,0,1
35.52699079536471,24.725178267867534,66.340089956338,10.414307920668659,1.2251333286275767,93.44253759005821,14.74051811580708,6.870778033305156,0,2,6.113427775306031,5.820200588219122,57.46259238638507,44.36413629410896,1,0,1
28.20457481218804,56.30906960664165,103.32978442977517,7.270300670771794,0.6119718167512322,70.74239849049115,13.244950950429606,1.0634285125090943,0,2,14.510128092671351,7.753853838894164,86.01195185494564,42.35978792433413,0,0,1
18.661147045343366,32.55552774085473,89.6787627207149,6.8717160584747194,1.3411386674233887,76.73297833745426,10.942302166572711,6.697825996157481,0,2,28.552407893760293,11.355041382564428,88.87473349053417,46.62047514995628,0,1,1
29.855307303338105,87.9473581786821,66.3555245433512,7.897754092353747,0.8760043386492482,51.00974615421664,17.63295909149621,5.1791823003243955,1,2,1.2727716409964263,18.941184474172346,93.54976584469244,46.425143160819076,0,0,1
16.031655633456552,27.931245330922494,81.3770927679856,11.856423516191427,1.727709821511115,57.929900291902115,8.978534185377889,5.420017471094497,2,0,34.08710365846554,12.002355199362695,85.2298047092658,63.588705423068134,1,0,2
42.27961206236346,48.25207016531139,68.04301467425489,7.540989447402351,1.0432745426314498,82.08432539873999,1.2220591297320715,6.292230470669005,0,2,37.66205742759223,2.9475638356078715,73.88374003044288,52.37489665162951,0,0,1
22.763399448000506,71.65194893842244,95.01739444332847,8.7367632536798,1.5212723766879792,85.84884505319386,16.891127514243205,7.683898431600276,1,2,35.55265842123325,0.13992370952973454,75.89109488360177,69.18752255988107,1,1,2
34.875668530619464,69.31880996192118,97.94340672089749,6.180121354304018,0.417188363363415,79.13004683922497,13.479625446331013,7.565120223831499,0,2,36.52107637587572,17.0197571101736,59.23493660935715,54.089423703858905,0,1,2
24.35133228268233,49.59100458257526,65.28982601363995,8.383365177397394,0.9430426060291058,57.16550181378054,16.98517252999293,1.4003112839201268,3,0,0.6135711767305496,7.286508467323061,50.61977148342672,87.02738509756894,0,1,1
30.602040635334326,44.25669175669027,85.30699263473221,9.427920092598615,1.9706725138266976,72.27027142889175,2.770948848893886,7.62844947671344,1,2,39.11169263799583,6.299318792796658,47.83817228942681,96.55547344486163,1,1,3
31.40130838029839,47.83286649870094,100.73125280129585,11.71874767504779,1.6648055065850096,67.7547383181595,0.6150588101943266,8.468343826022384,0,3,14.654284595613953,16.01462245884764,50.921411267006285,58.27429173485173,1,1,3
20.545633665765813,38.49933842110475,106.80815207754983,9.100416269640387,0.5298964041421251,74.78306720175442,18.687490807650025,1.6135536199204221,2,2,34.77124473460699,18.907285981796708,96.03711324417085,33.46279743505884,1,1,2
44.08753883293676,34.373305709475986,85.6758933370885,10.914643957066126,0.7360870865851964,93.51645172770472,2.9545661170114856,3.906519406099177,1,1,7.472354827984566,14.960901767039127,49.865995252041024,46.77047731574876,0,1,3
38.253984700833435,53.8127788291223,107.51396118057036,9.282765855413404,0.8271776654986319,88.79307193293259,16.193046641409037,8.128576691488275,1,0,17.861029706489475,3.476946258228646,83.424246695713,37.13007149421292,0,1,1
43.18496824692568,38.79736292473251,86.78444852280148,6.244710080613109,1.38813973086703,54.19947506945795,16.464198843612717,5.437961341315321,1,0,1.7665755449590659,7.827565871820845,51.07771259888348,54.13347368690347,0,0,1
41.844820512829465,40.12231654280751,79.7095247299954,7.890049651138645,1.5747408291068972,94.51545988872822,14.17410401098006,7.254019619289604,1,1,1.6030398737130902,15.187971048694813,98.51738621294642,75.15799639261186,0,0,1
32.93699936433255,65.972924443219,102.41015642764478,9.45329704698662,1.561671565413842,73.58835755749118,2.625244221857419,5.520842268383211,0,2,37.731044030785526,18.138516293411467,61.99507212854185,66.32355362611574,0,0,2
42.6562270506935,87.79761321899245,84.64913552290446,11.703563795586746,1.1422795985362049,87.19310724429992,13.34797249121615,9.804002048273494,0,1,32.424264501161566,19.972001278993204,64.7281857417442,47.00129746193469,0,0,3
17.654775061557586,62.254604039156256,83.59512552822615,11.1547821585074,1.6689359412167646,57.001961563217606,17.78173166653731,9.425737655797255,1,0,21.193041776551734,10.231218142763716,64.27069472692924,83.70813368498597,1,1,3
20.879485872574357,25.388562694547637,84.51562447049142,7.370133685073085,1.0148866448255813,83.5359762853524,8.510632896017665,3.5303071771557915,0,1,21.018326942581513,16.450496366838998,88.98755104361251,39.20365105658104,1,0,1
16.35681866731614,25.290852969784687,102.33925009348727,7.320658980114981,0.46679098926723334,61.816300880472895,8.270337087571978,4.472963395691446,2,3,29.95018473904745,0.9326328555476815,53.097431484526574,45.97371825872908,0,0,1
24.759909922897933,86.59962545918961,101.5970770844026,7.207037802683405,1.2377732228941731,71.91904485704657,8.857166191588382,4.882113980517867,1,0,13.666751262819602,5.716494995099359,89.86148415433776,77.32330054148724,1,0,1
26.660318690684463,40.810355321513356,80.17599962201056,11.534993377815018,1.9165274230519367,50.84314350410522,1.6454378135241288,1.937838996492264,0,1,30.47477103447808,7.430268066949786,79.42353126652486,43.80640706822068,1,0,1
23.140470953216877,26.44468902577328,76.66499299352625,11.115996918610325,1.6377388899368948,57.5805318965238,17.84051138059947,4.636674521915015,0,1,19.400335199730897,19.51047690563788,53.216810067815494,77.51339011150125,0,0,1
39.86212527455788,61.93312110052671,84.59640120195647,10.649300593517692,1.2627261334614241,54.60402465618099,17.38365727961021,7.973630390679648,1,2,25.516696116458597,0.0678729642972109,43.92445275045464,98.38589452073049,1,1,3
25.70259980080768,63.655414480318626,88.63862548685546,8.356410685345367,1.3819099056109196,61.98720864691292,19.958186435805725,8.622066533042048,0,2,38.59317800412591,6.160414755251862,86.49955248633752,88.19473010373073,0,0,1
23.428035290621423,65.39533740830817,71.91686053139985,9.026284225792601,1.878483547312252,55.00090450121611,11.70366282996827,8.97519475394435,1,1,18.852622300810463,18.608245192258078,53.137782748971205,41.20073782540467,1,1,3
31.280882494747456,38.71814195002789,99.69775423577954,8.785990468770917,0.9995998902611809,84.5955013309781,15.023832729027715,1.1310310015432734,0,1,16.736186389858005,6.133564700880225,93.34400978336978,66.43488950522774,0,1,1
19.22772674924288,21.057747895013254,84.32413828662115,7.520388645356236,0.8299397431496154,51.45199511046097,4.053438126146094,8.099254348735226,2,2,36.22996695765434,4.501335316291537,47.787116641884346,59.56250944027393,1,1,3
39.06590942262119,87.55107586181303,76.70227742099797,9.030168276892603,1.9601727387507857,80.88702503124989,13.350576364483391,5.5236491603671105,1,2,36.10321979665376,14.601770228719671,76.98187388845014,99.4168589263378,1,0,2
17.236519310393124,37.562513198377175,65.34104964819953,6.182979287116527,1.7610254836430834,57.03539154127871,12.994656975147814,2.855432303457752,1,0,39.69674807532704,14.906777859997307,81.53010362329067,97.5080491218408,0,1,1
44.60660809801552,67.32184016367833,71.94225802018035,6.7908622409847545,0.8153262730825541,97.25807285889485,18.02417471683225,5.488705202602924,2,3,22.03451997233237,9.443557652950169,79.46214487343315,38.89784369396334,0,0,1
38.16734307889972,69.46409089150967,107.46405858779919,11.319537577013678,1.0616160453816148,96.65470365549271,16.615854456781484,8.59834420013613,1,3,13.770461641064111,18.938349397308468,58.96178886977526,93.61116104114333,1,0,3
20.961470446025174,62.700519195564,75.25498434097634,10.510078602188539,0.9763867257636484,61.27515512604813,18.769329252355263,4.908244309845634,1,3,9.615602527108145,4.054141590836837,92.5314113932281,43.539283662692114,0,0,1
15.165663513708072,41.903517594955375,68.44296446835176,8.537210454354522,0.5109174376750094,80.72106491115147,17.37666945403215,9.914149725391216,2,1,1.363854278066472,18.268316679591948,86.18831900492484,52.361605119892445,1,1,3
39.463842853645026,38.97673776348461,83.03363958274966,9.102902173703264,1.9261838166732033,51.40026597362292,17.37387789797704,6.550148662016545,0,1,29.069144968435417,15.110161530505914,70.61238049727685,54.73855858116604,0,0,1
36.205720315428515,61.836779789189215,75.35438716801244,8.219993315759865,0.957546754634578,96.5894271525587,1.2744665337743655,5.4078730223116755,1,1,9.339046949417869,7.364166817080948,76.19758167630692,50.077543158527504,1,0,1
36.87021504122962,80.6266943528184,61.757962513559704,10.444679202964036,1.781825894616339,76.14936540958549,16.919239053919117,3.654003950806158,0,3,24.26563540902629,16.138172394467478,73.98227361684242,89.72706552168506,1,1,2
38.13811040057837,86.27136102463768,76.15726086397086,10.705123075392478,0.5813733984411639,52.161157570888946,12.149567890062363,1.0994595637512798,1,0,36.66369461457582,2.6640435282750774,96.80191464072551,53.09526841134625,0,1,1
17.221339552022712,27.413406308263035,87.20543119697342,10.579711141218954,1.2087739186151345,67.12499965040686,7.6088890353192244,6.49493521020374,1,1,38.00854429578107,2.619649863864546,93.78479420675737,87.17168933596338,0,0,2
25.753971856328178,30.83800288184039,87.58561860099834,10.335670349006698,0.2919324239674722,53.84247309306171,1.1302924877612464,6.1974599172073095,2,2,0.17640535921241263,18.598744064948118,54.1298371093642,99.606377155347,1,1,3
18.47607178575389,86.13153811481557,77.82794605884443,7.227026032156775,1.58738584672404,69.64722196866799,13.553475495360933,5.65132919709273,3,4,12.683001255054256,1.895610156908234,55.765586662902706,88.85330764789319,0,1,2
40.89310277626781,71.55746598343548,82.36513781263002,8.027819875442873,1.2665993219309872,83.49631710806615,6.564035010752349,5.839340085807968,0,4,33.495121178609075,0.08159213698809342,98.88628432794594,54.230004850400455,1,1,2
33.69894380482674,81.80956773808411,108.27589591173832,8.819072609902049,1.3447817710720673,73.49449540207198,9.355525299720695,8.591701340295678,1,0,21.457808214061412,7.78060983169804,54.193642117172125,79.78766753890037,0,0,2
24.926940745579476,34.18428438947402,78.86742386151558,7.9847579485659335,0.3405115444706436,69.18610873597272,13.634568741102687,3.851829321762077,2,9,32.300349339286115,2.0770194886425553,97.20875946895572,67.37464128937513,0,1,3
16.90675050858071,61.13101097765813,72.91134066299915,10.529641200949975,0.619317077865077,55.95785227702324,18.23549094048286,5.952285496001864,0,0,34.13293131351752,17.260729864885022,78.98522230580471,85.0562448718386,0,0,1
24.329469651469864,69.07977160922316,72.173352203338,7.976121145499728,0.38007902661876525,62.24695228468282,16.50873831209997,7.119528632726917,0,0,17.70504879765291,18.453870268858658,43.006566342464055,40.71681762523692,0,0,1
24.75549966080241,67.60783198128809,82.88823063520671,6.829392520712023,0.7556000526566706,55.00716438691756,9.011942582071997,2.8883703423570486,1,0,14.359317520991421,9.648527287128255,60.143631967650016,74.66942148521326,1,0,1
36.888185350141924,48.57061836066887,97.97600743584721,8.394242712289824,1.3480182634437643,90.37493658283304,7.755663148927578,9.323374735423215,1,0,18.217330642021018,8.509430660200739,68.5692443147735,84.15667413392143,0,0,2
34.12672414065639,21.077642418391594,70.29940920942366,11.879486596694282,1.2408254725554066,56.76199139923613,4.795594776880949,7.6341027229651965,1,0,26.11180810497065,10.780785538881839,89.9855734870271,83.28619347846481,1,0,3
41.616382277289794,60.80482397629842,95.46480635703841,7.355288477601455,1.321262187823433,79.76866832744467,7.448535023519365,1.4796586014046613,3,4,14.686366115472733,4.523892496899724,59.715124796521096,97.45151039226471,1,1,2
29.16644775485848,37.71710774257261,61.057491167470815,9.672951953659375,1.211189724911315,67.13702067944229,2.220927745837966,8.785960281441362,0,1,30.99953154791011,5.95931722840672,58.63469872747279,34.0887966549024,1,0,2
18.58782737814905,51.51779723000232,80.9466488991973,8.597838299038237,0.7278003924327539,61.298919232759175,19.42211016729509,9.36883130824109,0,2,36.1597117474009,2.0195434096800957,95.21579554171984,54.204555836460344,0,0,1
36.39734361668985,87.03067105586722,98.79325326013935,6.42614740589596,0.6778881203527442,81.97342197460519,11.478348879191579,8.143030434013795,2,2,11.292448086349061,8.929001822227267,44.74206072407041,63.35875072540072,1,0,3
37.82355145850693,47.93247223497043,76.93664778872157,8.927259635988356,0.4898544461890172,72.85011546884704,2.556116855904258,4.836021415243019,1,1,38.59958576696958,12.233832450673185,73.09127288289972,51.683446987445684,1,1,3
31.83831592708489,78.78611246650988,88.18685507226998,10.212985971889875,1.7358740310811112,70.00727336422796,7.0561201853181155,9.949392097460068,0,3,24.909009869012422,18.604474687832038,70.2543561908862,51.68526595707296,0,0,3
38.12901539863683,33.19784240244758,70.24896164129554,9.079319854966911,1.3288388774471778,79.64260024461107,10.94078287241312,2.1199230946981995,0,1,35.12675084878964,14.781463412535166,43.440085613350625,42.329002468294846,0,1,1
29.81386789093172,67.07223486175201,97.09976955630862,11.232636382479487,0.5763942718821046,74.56338142450004,10.657712732817393,5.829452572182178,1,0,4.156657410884219,14.461274671063734,45.265553231158634,86.90659821176453,1,1,3
30.681984881459822,88.39048681072605,62.61395516343798,7.733622099945496,0.5601164146871691,65.17421042757803,0.7100673743726471,2.5335172366528553,0,3,10.059965482249549,6.159979241882043,62.918045978680276,93.56483310691797,0,1,2
27.826230550756488,27.132517061105574,102.62713224377501,6.51749502782379,1.777812302670739,77.95306438826259,19.01682068458223,4.954139225615982,0,4,12.840763177303689,17.76586595020089,48.04967316068686,35.76291517002254,1,0,2
15.762573802322855,20.58239595590344,69.9098193210834,11.619393669948037,1.5497790115858088,83.47492882753473,5.5075136294988924,9.34681875963022,0,1,12.112886046980531,18.939113933599955,68.68431426687135,40.8429238230809,1,0,3
18.236742809799132,50.350795484283005,103.71990158541654,8.269178097169315,1.4039483898343998,51.33465792934271,0.32369337863782377,8.148350155614999,1,2,6.874446263941274,18.64525873084074,76.53333312443075,45.99170999102972,1,0,3
15.942875570602027,26.483783813595704,77.62646206502586,9.458433308721801,0.9620121881937747,73.29358644538377,1.5288801790056494,8.038737473773061,0,2,34.72803790099329,0.7760605304877011,81.4838010701786,65.62912386979184,1,1,2
34.09231233791341,72.3869044773362,96.13417872372433,10.752018756781176,0.7084572374874056,52.88416422917719,11.60389806495954,4.1846842088363925,1,2,16.744485651582004,12.087012726080431,72.78820395524588,85.3820423310677,0,0,3
24.4306794322898,84.01840646939912,75.96126488930942,7.945881983253484,1.9640388354474416,59.320270703405555,2.7557104135019372,9.408431596991866,0,0,38.525208498671525,12.8645021145059,62.779600953598745,35.00188673354651,1,0,2
30.257120734941083,50.38146808961312,105.29558356173237,10.296987229065667,1.6451692562899003,78.02543670389866,0.8344958570700656,4.3143483758859364,1,2,23.338894671605885,5.901303204330071,47.78551759627813,74.57690899609,0,1,2
42.22699421778279,38.10981495088087,66.33185627591872,6.812513098906968,0.7781136404884839,93.30944576327903,7.592529328254227,1.3597609214794386,1,0,5.535785425794524,19.848243663158595,54.849124888424655,40.453481938929386,0,0,1
22.47876687446625,50.40823233046268,68.92598946362993,7.747762483233032,1.7332383934873656,94.14028395942424,12.455223846803772,6.7402113621486786,3,2,21.836188393358285,5.823749176371178,65.16530062095121,98.00199475133857,1,1,2
27.31148769106889,70.64134724950007,84.65150625794011,6.86826381681912,1.5781309100756926,53.49720050693156,2.2367960968322476,4.26382854873304,0,4,39.741805908969695,4.332233163621115,95.44686900413802,92.91414015962192,1,0,2
37.66653415629146,20.63379131062597,64.0969219519073,10.867383350408147,0.7698909622864971,70.95525431433533,6.266556643026311,2.383523994119645,2,1,22.60686748397099,9.682913008863835,52.15603487166371,96.47079942620263,1,0,2
21.863944964748676,61.2617792639288,69.79900923508809,7.335895411360712,0.9964674949228695,79.15032415022756,8.355213432490844,9.411922558486824,0,1,0.0747738051825042,6.462947595406869,64.80065385595933,37.431471430789564,0,1,2
17.30939729486379,62.930417942116534,107.18831911060072,10.30442133243126,0.5754185294342966,57.35349522751717,3.1892019557353435,6.735155806308191,0,1,37.32319614361677,18.480589197398885,83.93853144244325,64.16254679979343,0,1,3
23.69254358741304,64.63817728271549,108.82448305739436,11.659790383473915,0.44434177766169136,88.27161083723858,10.121477969334203,9.464767205592077,2,2,9.395776245127575,8.801534626295455,82.31220112011367,41.56725968988627,0,0,3
19.83663861762013,36.941545598661406,78.81296646652109,9.166633254413263,1.5148335574694693,87.21176292186195,1.704281738035418,6.246808140646737,0,3,27.541162122758266,8.202991093451669,97.93555566843659,72.02488855482164,1,0,2
42.890929570277194,69.98369063646888,106.16430105069679,9.240175153564126,0.7181457503692665,95.16705068533973,0.9303699269013732,1.57477293663195,1,1,20.603206198217705,12.517242602170002,51.45407780078046,46.29173788633049,1,0,2
39.24361138693251,26.39740404322435,87.24123378367159,8.766201408586873,1.6851038900559439,50.42430060417215,10.396707343102696,1.2694646233933848,2,3,13.017350273635447,1.6222934250224674,40.99117669599771,83.94416883582795,1,1,2
34.002112695312704,33.94892355267606,73.48712329368836,7.955340860361856,1.9923152451502457,60.834212199450135,4.957939455017513,9.105052915020604,0,4,11.305580947055546,15.134658936330435,59.33939565923217,75.08018204547673,0,0,3
41.143817705631534,81.42290326581374,95.11993605402994,8.853930185549503,0.3840846743768852,91.35933571226609,1.9074761579605504,1.3485514319083722,4,1,37.15039450028419,15.367976436097429,48.98155674896296,70.0123216001088,0,0,2
39.110162306973436,71.71062055085964,92.94509032874285,9.616845193600557,1.0778114688964755,83.52900254134677,8.478251749752646,6.536582174645015,3,2,36.47703583679349,9.480516694553353,72.90814314301036,87.76590105757309,1,1,3
20.597101766581076,20.96218878079417,109.45626595543666,11.915949433023956,1.6536094787939053,94.71949268492455,18.302814790347895,3.6817822669812847,2,3,20.52539360215117,19.113958820008566,93.92674331501402,65.01911215844643,1,0,3
41.77676995469933,37.386338225886014,73.25236437046416,11.626587355909345,1.6306640689471585,52.858982726513325,14.483848933083099,7.188923251926705,0,3,10.339807821405568,11.586782215914955,81.29360997835258,48.88962182419792,0,0,2
31.18026725746952,35.00845380952152,93.60297513308677,11.172917749758732,1.579995027079195,79.84819828582215,16.31231830694055,3.5625018584543144,1,0,4.093681286879911,13.904729084899817,48.147931381007496,73.44938477600617,1,0,2
39.22320465492187,38.956442962588085,62.601187751472345,11.33478321422915,0.8607411367783442,78.45232874468371,17.43827977517273,1.3349995340454095,0,2,6.263055314363424,18.486899110062026,46.96540146372924,96.99438425384642,1,1,2
41.8827389977048,37.32918391959205,65.68230193483598,8.807095099752257,1.0442431974488415,51.783720818026616,19.452554827928378,7.577546255190232,3,3,20.89006902962418,13.326906868495847,94.68698879652564,72.0811554340944,1,0,3
24.540104249155917,24.3768407019992,60.195918747554664,9.94466596306479,1.291194625347573,75.67610384562417,15.26493147028346,3.7981236723719043,1,4,12.313198423160365,8.636520154510944,69.25657299354403,74.07336143276015,0,1,2
18.301557735830304,52.12583616177742,109.97303405298365,11.370400337617285,1.9543960212532,80.47601556549621,12.168158438789593,5.957190345338944,0,2,1.682725690398268,0.4954235126629669,95.42037951935784,95.4325476881765,0,0,1
21.83805487625825,71.29134323503156,100.1136848573739,8.357704589948119,0.8232077241423625,59.56465871010536,7.308517606044944,7.964792379416797,1,1,18.206695412444006,14.565986312636188,84.17306293258099,66.06925702154214,1,1,3
27.813233658787688,62.47122073022055,99.33615073667704,11.770574870072814,1.865501803504501,63.666479156233144,3.6328647311543216,7.32540971647005,1,3,29.847571698572544,19.2973202320209,99.60090763812406,99.74502232003547,0,1,3
39.54044297767479,67.10101680186558,85.48630376440899,8.494716372415098,0.7213746068158647,82.01736731488685,13.733197479665886,4.137139946841827,0,2,35.6678046383995,9.404702470719876,92.2736645596584,41.176343047315285,0,1,1
40.82191749769031,25.680442497536742,75.003354145272,9.606495992359294,1.980880314578983,73.41504737999792,19.898999722438838,7.730439933036676,3,1,23.411361827323574,6.795372755765284,64.8527315357083,67.59278901086242,1,1,3
15.208563915935722,86.60434971237511,67.5632142231338,10.258828279634232,1.4229614519482856,92.90068287841635,9.34717369237838,9.331129063225772,0,4,28.93168495369784,10.385188528275568,85.49366965309542,44.9030588710067,1,1,3
30.32241907732697,78.69442836901175,74.23373694232319,11.70355207845563,1.0611450906274642,67.11908830045942,14.473587361856152,6.4897713326444,0,5,14.562818834597294,14.568744113693183,68.27369003919671,61.73284578384848,1,1,3
27.52233009446337,76.35632229469638,78.79856109645695,7.4676976443135965,1.3234332491113086,63.33298291941006,9.901848999863123,7.331554545800891,1,2,19.84952716867758,0.013809489640985717,53.984337585946875,41.940173665123766,1,0,1
21.663234314121908,77.60886635292373,97.8155048490147,10.476785869431854,0.726929545820362,99.24329701724213,8.638668467269532,8.793173257123389,0,1,29.18507426040117,17.74423445463707,54.46175552538157,45.57701400680642,1,1,3
18.595961020010485,85.2897355692933,86.98308944515762,9.124893516864493,0.7298042506450666,95.55678850650418,8.206112271198302,8.592765546513505,1,3,29.106329094891777,17.727257193566437,63.83932866770881,44.75600347425845,0,0,3
25.12845514210884,58.09777762795884,63.87418132777413,7.611342843723847,0.4487204517261142,51.44963724994899,10.092493658633952,4.164411947372043,0,3,16.981050582780167,10.825958672174176,46.687973560730526,52.402193731680555,0,0,1
43.287291117375574,34.019741250733816,60.901450447945614,10.659641038778343,0.44958802098444783,88.5364307653283,7.3379132373075,9.925305370987537,0,2,21.74669366233291,2.447575323512159,50.66597709331863,39.422352416318546,0,1,2
24.696087960622656,63.17485254967788,65.11660897670316,9.31333368104308,0.8584255475705949,55.516738691260144,14.975466436436156,1.257094000423456,0,3,36.954213582038776,13.436115892272424,70.03652102320595,86.65395224825113,0,0,1
30.563718652300985,72.00170455675573,80.52493568486896,9.965842923898055,1.5849970863186504,51.37425974146855,17.48544053183033,9.880368145918867,2,0,25.279904197729344,2.756913259266267,97.23534864170836,45.44729181045495,0,0,1
36.090568766855334,71.65421753478178,106.65964585245092,7.937406411467406,1.3139495432967845,63.684775798317446,17.657706132903684,3.2139742004794742,1,4,25.702985027463583,10.150943028653614,74.66118052103351,59.15982966003625,1,0,1
25.90888807137882,56.50143169168161,91.87012406046108,8.88764371096563,0.4295229805792864,63.46729395305522,4.5539742685165185,4.96393345409723,1,1,31.3848116954144,1.87259943962234,64.50980495128134,31.1239996761017,1,1,2
44.15346248162882,24.792110353350463,100.09129499377576,9.704125505928403,1.7414139187078441,90.96593811734823,17.918182774629816,8.953198640422428,1,0,4.608915852638913,11.781306765950026,54.562019192158104,37.34170802972475,1,0,2
43.87341884826334,45.97790569010895,83.31872972522743,8.429464885619064,1.3023933472326161,85.53336229714176,6.831024637102101,3.1989595467467655,3,2,20.915371665949102,6.361386502359747,51.75407828238644,92.73903302892761,1,0,2
22.553468874760924,84.45366259243501,78.08330415975215,7.190235239086208,1.9314972593733646,99.0804713666007,6.1861533097059525,3.0230347158105317,0,2,38.37726945083928,16.619828294750057,79.50442176273373,88.60121426883117,0,0,1
29.91745517677156,60.91142368301982,65.42001863583114,11.769842953891825,1.4228245679696132,85.57564501559092,14.535121147964718,6.787978859692742,2,0,14.466415687043956,15.998922524168295,90.89951904529953,88.86457167186362,1,1,3
24.026349294503092,57.68323602789994,103.79665110931025,9.068805240255704,0.5565560114823167,70.9127776628024,6.093926801725789,7.349054730357491,0,3,11.797045856883642,19.96947750948882,63.93135558634981,58.794739207839996,1,1,3
23.545214831324028,38.81974600675355,99.15800145139514,10.403522221726202,1.079120884038689,84.94638304726084,1.0593281121942022,1.0672361578092453,1,4,24.048318624190305,5.150063494087296,73.03954278239696,39.90715591961649,1,0,2
16.106608420635983,45.79142439416052,68.40590487988625,8.46628316133635,1.3848707957076072,99.9729533593201,7.47235544620616,5.053998123782081,0,2,8.844776982612137,1.236021855591607,82.40360567494234,37.55261650460213,1,0,1
33.286930019396905,82.67422624072185,85.61302819381302,8.130790584154298,0.29946322683746096,85.5070941281264,14.42931200716698,5.401980800925581,0,0,22.23780626094596,8.860065302976896,43.49773450333455,72.39219073605008,1,1,2
30.080370696865845,66.6524133268785,84.36874039606224,8.44298579080275,0.27609296227091384,88.08406779901591,6.53916840540353,3.446516797497587,0,2,6.226080434305623,1.6680666993314164,61.053822846171,87.97352784360407,0,0,1
16.54436253749968,75.11709187266331,91.25457763432644,8.455179862713898,0.47645525104749387,96.91825075951297,12.59118111990293,5.914987431660143,2,3,23.191738427916224,3.5699943013152624,83.78517338572654,93.00801374981701,1,0,2
23.359393927098346,51.80417961473586,107.30934469956307,9.265080695651722,0.6904127613295739,55.68256306558417,13.202388885262607,2.3911984510494086,0,2,24.0951673458071,11.946002827231048,81.0771415911563,50.21121553921586,0,1,1
42.24797657899961,64.11730536193105,88.98857208812399,9.260819219888178,1.0017109661611823,85.23921467238634,14.674720234527124,3.9124522167165896,2,2,16.736019160490514,11.842617026885971,43.20086346496548,52.471859888341754,0,0,2
22.186856720009175,37.386852612024526,87.01086333893093,8.98292289529723,1.1030208290796297,92.54029789837244,17.94260932621873,7.419153101990936,0,3,15.309857017547541,0.8665495545938073,54.269109902404296,37.061365980299726,1,0,1
19.346846162736693,69.38225811984404,62.5161466467332,6.8087147095046285,0.4915483156413194,97.71893001104465,8.651289985368628,8.864078840823737,0,2,9.818331136017973,8.858095028365573,80.79743286670008,84.20868524876084,0,0,2
29.68358280832689,49.93209335923361,63.1453738009012,8.976452871003186,1.428435263452704,60.54846448558497,3.3286415332491415,6.304410655418849,1,1,13.236892313343773,10.604373857344832,56.284962541354275,49.29831897847972,0,1,2
44.56951362331802,50.97818603703219,69.36733956633944,7.014623402523909,1.293241607968936,75.1964503862122,6.378514308637788,1.6736008540707816,0,1,19.933838687654536,5.360484756399733,88.86461763624325,63.66506286944008,1,1,1
22.261658145345013,65.4525627203817,61.623538584587415,6.756814717774591,0.7653121729720304,84.02774238222409,8.643345103479717,7.108712827885375,0,3,9.906356041164042,17.44086363750988,41.77029155194956,95.02281131701827,0,1,3
35.16406642217636,85.53964350282486,97.16764477850062,11.595874304047006,0.273904796011761,62.37338647506687,14.277829386562262,9.078380388007275,1,1,31.313378534874502,3.221972952928438,51.4208217576067,82.65510112274558,0,1,3
37.84858845986153,24.480444262603463,96.16651519969815,9.629700078886225,0.3858838518682588,80.02364316251371,0.26244251123267004,5.538826386970138,0,4,28.36140965303087,5.078036100124288,56.87877880303349,33.69165274023502,1,0,2
22.12912631977199,77.73202661429053,66.80281172158215,9.956940348747505,0.935465857143969,62.87893912489997,6.315707668797579,5.443227694927588,1,1,10.77223468583982,3.1398883006550604,95.5173900886053,30.570821612160078,1,1,2
36.84649045835579,40.46681772885351,101.80394503976405,8.410762022000183,0.5194551145399469,66.67285102658236,15.596851620386335,9.922722215070596,1,3,3.8974065240619193,2.3309326774111616,87.77913738223994,85.11855481162856,1,1,3
26.033493981577596,51.07436181544645,67.7393017423056,11.453885351489184,0.909434310758949,72.07593482554326,13.417154066613907,6.726680087914387,3,2,0.007201559358511744,17.57958368014252,93.04870519175907,68.6750165885087,0,1,3
33.96917491780738,21.53393301425063,75.05877934986793,9.827582937477992,1.3493195578931214,76.45950493732835,14.634799471712103,8.254260114995501,1,3,23.868754095259558,5.557183301399638,66.42874883063725,80.42340865538907,0,0,2
34.00589132282684,41.073225448401914,72.44884495806825,10.615019217141525,1.2076654987887463,72.46829358125753,16.236215388783894,6.818441367485907,0,1,8.454549858145954,14.450480389357125,89.3537254765852,40.977072527862944,0,0,1
31.073240522242756,55.18418698410913,78.6153549286524,8.211374814166284,0.6545577954904399,74.65977598939645,15.664714377559246,2.9882411790751973,5,1,0.5032988040615649,8.559647194504995,91.20961431080491,91.04334949794341,0,1,2
17.70869310163225,23.93232541432073,72.73318829449809,11.760071284914753,0.8516893597028168,64.92943781441463,13.643663323055561,3.5567036559663925,2,4,14.363410823680907,12.717469614678336,63.99740943249998,84.13274853101234,1,0,3
40.05907486767714,54.37670105682156,84.4475463219226,10.92276774094989,1.3245545972851387,57.94825470113153,8.79323064741181,6.991351828740475,0,1,38.479938492697336,18.563523923444187,99.66771086465516,92.35872398382296,1,1,3
24.623401949152075,84.89774402008992,80.37039406773427,11.123690778087262,1.7564962990760353,52.367498866341975,19.67196657756308,5.104640170647201,1,1,27.597712305192694,16.892157340864987,91.07431775295215,53.87672578602296,0,0,1
20.595555311995625,27.377525267546368,109.32847453896633,7.033165604554526,1.5681235177930353,59.798936124583385,11.381463911801475,4.639130111945272,0,3,34.310548116898325,1.379727848404757,98.44581812468732,49.299363669827244,0,1,1
16.223254246642917,73.5108509652853,62.796317506411285,7.625779247227317,1.218450046958476,79.09718207528915,4.055384187376783,1.2020675804325385,0,0,5.789563930429202,16.904050705584353,91.98982651870993,40.621200794674884,0,0,1
32.72678829564725,48.67697373631948,67.10906881936758,7.713759598101462,0.8840127470538508,89.30577239015662,5.856257102095688,8.959321606588265,0,2,2.9315261847774554,9.036470305613943,86.57221841533648,95.10619555628979,0,1,2
35.32693085526847,65.86216001670365,62.641294695430126,7.625455339481227,0.8888397356981595,58.46237987214472,13.871249119409399,8.960480108531083,2,1,0.4611905403888983,7.002914537597706,96.63063240787275,42.37804424904885,1,0,2
15.497634867835684,38.21656185896606,91.29205974911879,11.132448972625728,1.7889802929626932,55.427767888632424,18.49479130398927,5.148740122522448,4,3,38.22649160077948,13.447758509232568,65.1891546750754,38.35220635980535,0,0,3
30.36279174897843,31.16445837789508,62.72546387068598,6.191308771251553,0.31867625807095623,87.4645180274625,3.5744025841179505,7.306652877631136,0,1,12.008109414141938,19.00415746198496,87.00000600981176,43.48747462907477,1,1,3
21.79487325593814,31.232382998985848,101.82198686880616,6.456599933884646,1.9789696277354567,65.25791652686448,1.6469299149157268,2.600374183617801,0,1,18.380197693634322,1.8827099517627488,52.77347235496657,83.99672087320793,1,1,1
34.35518371228349,24.934436195020126,85.5969315340964,7.643489223779422,1.412656968990234,97.57497196136762,17.630620960840123,5.534299221254147,1,3,15.780944944070981,15.361540605004782,83.96763128326461,92.26704644880166,1,0,2
20.23099287014974,32.99526934308701,86.35038122907669,7.199237847896661,1.4419909733766834,85.71589853051864,18.305559578256688,4.949790777098697,2,1,29.218277415714372,4.070160615159109,87.12119698314356,86.7639419547497,0,0,1
35.72813214307398,66.49535694922778,88.0797253856097,7.39115768329709,0.31649621528329874,66.33780236215154,5.527586906317989,6.90952213730456,0,3,12.398595278109724,7.6027224565399765,82.9914645930154,69.42669870098993,1,1,3
26.602060389016124,81.71834282904555,68.54068531531054,10.7876591355198,1.3096762310597263,64.47713738968525,7.545714487424798,5.226813110297837,1,3,21.41811530456206,17.476460325265,90.9887839214297,99.57189755444062,1,1,3
43.101899662102035,76.98879799138132,69.88451515572437,9.378759563352281,1.0983616051582823,76.18491931356544,13.203759949957167,5.485908544020661,1,4,39.823290598218705,10.915983680246788,64.80012681097634,34.81978451454141,0,0,2
19.125628324379797,67.95940169121388,75.94086614365024,6.034623967757808,0.43511308706461727,53.95723341391047,6.5986004168494965,3.661412113120213,1,3,17.76254205376945,1.3491329590085255,72.68608792452949,90.70341744751379,0,0,1
25.231990531507755,27.730230438777188,89.67482079109257,8.575936594225173,0.7363635188463784,55.88382563226495,17.54317416540106,1.4358085147412223,4,3,22.050861627990223,10.160971002734767,40.64004464171626,59.93997031996382,1,1,3
18.40420563721767,40.24312124071649,70.50588879701073,8.447309561102154,1.8080502983738898,58.79289406580963,2.1515740542772543,9.253231831156516,0,0,20.10112249243351,15.792838032828485,48.763189780361444,61.85856440938265,0,1,3
42.74080854835688,41.68648127257283,65.81658635666307,6.683671616667262,1.2124797277654176,88.73617966522801,0.7596444192039042,1.1100846115668173,2,3,32.12744632544129,10.577611755311867,78.6516355376693,38.93164255558963,0,0,1
41.32018060142943,37.49698624783349,108.50584432092161,10.056850731608742,0.9734790065543403,75.69286796345612,4.16972413485579,3.531919857051943,0,2,10.673586161343,3.3377847795810456,73.7390319787027,32.340308204767986,0,0,1
22.73824883145467,56.05039617968062,61.099090740481145,10.212583130276947,0.3771937727214192,50.528356138722145,5.7217555640993805,5.028497039748712,0,4,6.817520645711879,8.900821501150638,51.83995081248424,52.16398282486033,0,0,3
34.79952138102537,57.48876704157708,100.13487026680107,10.325359314312585,1.4997126729540349,83.67582637360545,2.258531825777501,3.871831188631623,1,1,30.16372633059448,18.486907360792987,54.60788764961689,42.239747317975045,1,1,3
39.51666600603647,44.982018261977714,99.40175747875111,10.370825673351552,1.4799889409430569,71.18450893302486,1.3138085868129346,5.967260830569434,0,1,16.624727454746168,13.16407980188226,60.644932115407485,63.833712924991815,1,0,3
31.65602434798387,44.76524111155052,74.8607056922548,6.00031696159378,1.3245763122019862,75.5426182481899,15.112154270035965,5.154517136534646,2,0,36.54904035906749,14.597730130171787,82.98488277661056,40.31313682376404,0,1,1
30.889517350680194,77.9988918534257,66.78133080036567,11.723524823080332,1.142959630886136,60.70581217064678,3.2855313180451473,3.299286122772214,0,2,25.766371431735905,15.718730148989007,76.58299615979806,39.654941555159304,1,0,2
22.25556872701355,75.250499382378,67.28143233527118,10.885252602327977,1.0091227038629023,77.58911141970518,18.27844398132608,1.7921811781489594,0,0,22.573724468469702,1.8138684838666963,44.17427585051739,91.38852888726946,1,0,1
17.793083034176977,41.54570821765219,94.87158086185963,11.42389017953571,1.2882244127289866,98.95766198757443,7.359993228961921,2.2378174352575253,1,2,2.8182821930350865,11.630731185399277,85.59634894074163,94.49062909284864,1,1,2
41.91647273859981,83.96519107112815,92.14032955430869,6.093859771844604,0.6584420405247118,53.672234550288074,13.412116194426908,5.376880623313127,2,2,29.216476205511917,7.518303863706162,55.75957378132177,97.4951346011537,1,1,2
42.01254171489991,86.69705119017543,99.13728371256934,11.603152774714436,1.8972033623108835,64.19586998322153,4.508042295376004,8.613509805871654,0,1,27.44161462051833,2.7831832734419426,80.30558070426521,77.63517100117383,0,1,2
33.99304371819804,42.87197794210286,106.87405861995524,10.858731172128628,1.2803904260654018,62.14987964304149,4.806455369837337,1.9057500272978216,2,0,25.60287697948619,4.054191166080477,47.40177067969303,83.97115533571085,0,0,1
25.17089373146102,44.80974641551384,94.5963681633296,11.023314857752192,0.794586777620159,62.42746553755898,11.494184057351507,7.094857466831597,0,4,10.716380942827621,15.623209474494688,99.87527660315008,88.50493286698403,0,0,3
25.476287238379825,55.394390739537116,67.79257682757218,6.559724308331811,1.0369397390490254,68.93531787826886,11.212858502919723,8.128820312610483,1,3,37.869572866977784,3.2297821057954557,44.820110241262846,76.12454413844651,1,1,2
36.77867036610718,85.87845687735715,72.17213083827053,10.432668173511587,1.6599483805345616,90.90548923720837,15.374584560241626,3.4909505048325533,0,2,12.866205081312803,6.248372144434386,84.50404170405972,53.117017329177045,0,0,1
41.913307798577314,81.34236031996181,102.10968654365573,11.759500137852546,0.5328281062780205,95.64293449821938,15.15626611388532,7.014155435667095,3,0,6.089238270157371,5.6974667652616295,72.47982155518572,40.94708989034669,0,1,2
41.61259272795352,27.179757380851285,70.46530379171043,10.071284048508964,0.7624623393054557,60.11075437294866,13.413755293273223,7.179921502146252,1,1,39.48804619740055,0.9726072782913531,45.1563514770483,46.60913150107051,0,0,1
38.396266375728715,47.49115202899914,63.62611584772407,9.42336842774764,1.439139039788972,77.14749689740563,8.98261131786982,7.3701345792378365,1,0,29.84985116495072,9.243168984787172,41.60862745304533,88.82898359834738,1,0,2
34.26094938462863,58.73598328248403,95.16400270211253,11.673778066493982,0.8021061113438919,81.84494860827402,17.812807725612345,9.017281824395386,1,3,16.591475293047253,15.318596843384174,61.75994305100072,78.72680668007888,1,1,3
17.524198949851467,55.2192730786078,80.1263177745071,8.657622730406615,1.6368779432575655,76.09137371819224,12.451569804425976,4.5867345804199475,0,2,37.436657235548275,0.4430526549779934,88.13343592042864,61.905703446830614,1,1,1
19.84886142283841,33.57041475558249,106.00200262729518,9.595761397862873,0.47829360256038145,71.70381970984597,19.803969809247143,3.1932022390428365,1,0,3.6446949746478907,2.2510290095979224,42.46907441688355,32.05835540263169,1,1,1
41.956625655812374,80.11717398177083,92.51275355468309,8.858029760966197,1.584700798295565,59.59877529296189,16.387396358687173,5.894603810985427,1,1,3.506448657062311,14.403733591951358,82.26391979968325,48.63430593037182,1,0,2
33.1928717897877,67.3858548097786,64.52094888958304,11.597077328161795,0.36961550098849094,74.41096795996192,0.8861962247665245,1.5629353591187387,3,3,27.298040745143417,11.871619813458272,79.32257657585433,81.02282451880347,0,0,3
15.27591154849889,78.65358623962625,107.39282836268303,6.456508360593044,0.2720370721681159,70.06074138556644,6.411878141606355,4.005288371804068,1,1,7.11888193515374,14.30495228097364,55.93226060636603,65.86710645665161,0,0,1
18.044146285980965,80.11349955446306,72.92786318201229,9.00671820495209,1.8218911579562838,89.77816812511348,11.437514329419034,8.949026140424541,2,2,36.68558060773137,4.60207909754277,44.64952214409342,60.487274613771504,1,0,2
34.905053073241675,72.38490975660179,76.86062452031429,10.12171464831263,1.2673436296315226,88.18021795814977,14.429390757429744,5.788518042197917,1,1,33.61436697195484,16.075375665948098,94.91931763324372,51.95755805459354,0,1,1
15.15184751538656,50.74474208748021,80.1130206841771,10.751439230533421,0.8656970699019201,56.69993406028354,11.00672995523883,4.930077738156331,1,2,12.254688964047457,9.597421202205535,58.02098816420344,72.48522814039168,0,1,2
19.82424154252496,62.73827285107972,62.56121482021566,9.498111884664818,0.6570406146867382,54.42595262815338,15.722608449243635,3.3911551963092794,4,3,35.55358329077481,12.206039483577143,46.68299390720567,97.64697697601824,0,0,3
31.462013680997583,31.225578428382022,84.82577111153024,11.453506464728724,1.3295501207064282,95.40769716137515,5.653113055146893,3.253381162355573,1,1,1.7155074802931347,1.843068344016725,80.89102470165497,93.07865503082542,0,1,1
35.7568559307808,67.15517922324354,66.16592455376461,11.65194868130323,1.1407538211892918,76.77541944822488,3.678241024656501,3.129508192242873,2,2,21.945514109499754,4.100631667196426,53.00087372749768,32.13485566589974,1,0,2
34.55883778507801,32.54772790174965,80.04851633441758,6.385915339161501,1.985296107177474,92.89004686412953,1.078333675795402,8.463103013078936,0,1,37.42251094835333,15.467157632206163,68.53784533375779,63.6667675808412,0,1,2
21.728079283816793,68.57647133571098,77.53548939960422,8.414223237248246,1.970627976644055,52.90755602832006,11.46627489143044,9.865183349735286,0,2,34.21531915742793,4.478168823775571,43.02433265416198,53.06285086328634,1,1,2
36.36537664042608,36.07187125277781,98.64200417132517,6.140754130326926,1.3612929907478168,76.32578082608151,13.771990413509904,5.81318589945801,1,2,14.2429329520398,1.8505965504291733,99.5790369344863,65.74232636378608,1,0,1
22.117472624904003,28.228591010515398,100.15852558163655,7.976499944246657,1.0250233856853084,76.97132572881182,6.522994342387232,1.718500754555319,2,3,7.314817409385395,11.944065645042006,66.85726760652955,72.43495829102002,1,0,2
24.76199094477803,31.56991431000702,67.6706441194544,9.221209307823614,1.1094966959856587,93.0351016271075,12.271683697117533,7.759351413416712,1,1,8.421623536149783,10.958730323234656,99.94659887857206,44.001964759828276,1,1,2
37.394742153540726,20.13944946533492,78.32755936896132,11.464769583059693,1.4443383659145084,54.88049991148537,1.0431446170665848,8.893489810782881,0,0,20.58031512313621,12.157878579665859,63.14049261604398,84.70976486837793,0,0,3
34.48898697141644,70.31177324974712,78.66765805159159,11.079325934792417,0.42775545241191737,62.022278183795464,1.9858669259360728,9.38105353890561,1,2,23.87091775345896,12.366109927261826,60.87115335653316,63.25476350601764,1,1,3
40.47670231482534,71.26807343408655,67.57052219680425,6.764998360031914,0.8246161291687568,70.32691569435066,14.035095445169967,6.658978114192466,0,4,1.3125726649454572,10.003946917290074,94.8743396960244,99.44042384287722,0,0,1
34.7283867690103,56.04533449392816,99.92267525255953,6.558182248445374,0.3817264217563068,93.2920737709971,7.361394104345975,5.561927499329375,1,2,16.542062369395524,9.875478411373116,59.76795123066928,31.758917002049284,0,1,2
32.04925810006415,31.29539607387686,95.36141641677116,9.535604032540002,0.3783813291546092,96.94416575352835,13.426680622060111,6.584745830197717,3,2,33.21548462575618,18.48331130578925,65.92033283897624,43.2803423330521,1,0,3
17.810243034842774,25.848803625748282,69.51908931485174,9.192707834752696,0.592718673314909,99.63623097968139,16.63442240559836,1.1165564585168155,0,2,17.773158009431885,10.677634497594806,44.68662620284945,78.27408603922787,1,1,1
26.031474091783004,21.33902765061009,78.33609542968995,7.598265848580143,1.099193195538147,97.95967432292608,17.052448749522338,6.898778877688749,0,2,6.767015637976419,12.346004048277175,97.32774328212854,78.66258225678911,1,0,1
22.956071030451763,31.60237238756545,65.29025124282572,11.396718507323012,1.6233550620348813,50.297087792217724,3.443352909289019,7.3868175392999325,2,1,38.194411720763874,5.339387838774892,45.109074451054134,70.75317570918614,1,1,3
22.319689301372506,82.35988744882027,91.41032985465219,11.56419845676932,1.0996178095402769,52.3854170726936,9.72571144702693,7.498273128740995,0,0,10.651021597058667,17.421864016043823,86.27109601211944,98.03720200834401,1,1,3
44.190316642573364,36.907578919117725,66.06859622743099,8.415668630040976,0.8370840684815221,57.38034095787943,14.67853447264973,6.067646028184719,1,0,31.93713062536242,0.4873618531832635,72.31692362867062,59.07205061039534,0,0,1
26.792931740002814,44.7989929052051,109.29670843124589,11.341815342681121,0.39411773308932674,67.44310483851365,15.479611925338208,7.300399341892261,1,2,7.751766653557395,11.144535245955488,43.68430864285208,59.19257684472636,0,1,3
41.7613966553134,27.374183913693322,99.03410373439311,8.303693365577836,1.2130171655704767,91.49590154934793,15.693519614577552,6.74949151657173,1,2,16.926909168863595,7.677005903962173,40.102229682463374,93.73334542569214,1,0,3
33.93415877991789,35.56529133237192,79.51192747919976,10.4209009909782,0.7247200263455593,94.63280976677402,4.5633466876116895,2.039755778580693,1,1,19.616901590992477,12.07808391120954,96.13321831162776,67.69092473977675,1,0,2
38.84433910624945,56.34571995461436,88.92819661396771,8.855653305286346,1.326134811355008,59.34172031472915,3.850696354475467,9.085300924621924,1,0,20.02541183792978,7.203440995427604,84.53040425413263,54.76093631099203,1,1,3
30.079112793155765,62.542687816695675,105.56709081082045,6.735498939043098,1.960078543481732,80.98320758098544,11.800249365473919,6.6045475691910065,2,1,20.65895472402819,14.353758234352938,81.1861746123649,80.32565900837014,1,0,3
32.30711653879077,37.17466199163478,87.7049640197913,11.56760520742213,0.4448000625857128,95.86809925326384,14.821715954764393,7.55014933434724,2,2,8.997901627590457,0.40662885946861627,66.31339183595333,73.37694327312693,1,0,2
29.77553081456592,24.041251145758203,68.72492431989775,8.72457956026522,0.6212194477633949,73.18658679656605,6.382790310683866,4.085987679257059,0,3,20.63662087843341,8.11778877538286,54.316827202658644,51.44870352006141,1,0,2
20.857289633941335,47.37230083891791,78.93516777905796,10.40692224193442,1.0779154416739058,55.1771785976392,2.094103137248431,9.273155646061769,2,1,19.26851015511017,16.625271994848273,80.79178448383443,50.85501586568509,0,0,3
36.67356345784516,36.39423596484339,102.15724325148727,8.203042886587752,1.9450741768553765,72.89068250423125,14.33492765820155,5.523541895698221,2,4,8.34877988505053,5.004014355588717,76.49806411702596,57.69289582690783,0,0,1
23.423170873225672,35.368774626086136,92.2106507994809,6.113285271457408,1.6006671084724924,68.78974511440286,5.99395662760009,7.111053924927917,1,1,39.527662380148435,1.05501756760644,83.58053169090019,35.013404596213554,1,1,1
15.729478992943616,87.19039618994186,92.53621921669001,6.603182152151016,1.8219010880349527,78.88289980330035,3.3272544862344366,9.569638545381093,1,3,34.62253571146201,9.930481491303372,61.94755111001572,95.98318317413474,1,0,3
34.364168877215036,63.14103401480068,103.34107428442445,8.977316876939547,0.8340009848326376,71.93293422035518,2.954470567942633,9.244744704395739,0,1,35.50305404089932,19.5306692105358,99.21542563079142,42.811402813766556,1,0,3
20.31332038221147,58.98149102204671,104.69865287312524,10.139786142758174,1.9860673291125406,50.8672963426859,6.298190950534326,6.803188936648371,1,2,27.422842015315794,1.2831712307027332,44.02051932571197,43.56770116294044,1,1,3
43.21375753058743,49.104257246632535,105.98962858897181,8.008411959475675,0.42995742811227544,99.69988667068355,11.85356131827491,2.4916725237992026,0,1,6.3958812276702615,1.4011298549958662,44.78209702217284,75.29268835119544,0,0,1
43.617857310077625,50.0261033401101,64.74245966265781,10.172930755065902,0.34270258558067646,77.17701188652855,7.168044773876332,9.55511587876254,0,3,22.723682555989953,11.902331298933564,95.0125508548369,80.6972933109868,0,0,3
42.44593170661346,57.863350268665656,87.20630009815504,10.191813536591736,1.7473045973445491,73.68153777423048,0.4132370318686318,9.85722127579871,2,1,32.857585265095445,5.001354257562582,78.86238609514261,81.57848217199107,1,1,3
26.10476100766333,68.75008649252752,97.02547606091593,10.223615443966985,1.8727135228622258,97.73086857520269,1.9381686935562215,1.9305702584381392,1,3,1.5494595475465012,8.204624672744508,59.580044090926265,56.25525164529617,0,1,2
15.463698495866023,69.15022673272806,97.84634225635068,8.95513112412305,0.40852437570567807,57.79301837935385,5.810064943972382,5.0526791390647325,0,0,19.833724131504788,16.610143059987816,85.71716546203757,91.13302670369478,1,1,3
42.84955687763176,32.01857353938147,90.33581009850019,11.489316900729024,0.4484979968052226,59.46188012726241,13.194089642941837,5.934300074615589,0,0,15.844915199796725,3.976973683650329,67.16640327118239,68.0799343223631,0,0,1
27.84552444951943,55.00789264536389,68.3393667591837,8.935179107883695,0.3080547760726042,90.40073745313917,1.9703014693706766,1.8287338642203141,0,3,8.484989186372145,14.385998739628661,41.267290528463924,60.70112865137889,0,0,1
43.999644571310085,48.837066652387136,99.8710276970832,8.701591160979829,0.43288823462476717,63.04155400125044,11.213137070013637,2.7071195451369396,1,2,15.130000150612709,10.089710265351126,79.06622016519745,86.72705226059671,1,1,3
43.90859931267758,80.93688763885689,96.00556667574729,7.196284914063762,0.6164846794004916,89.96135531457634,2.397717416480085,5.839348519714357,0,2,39.339900434778116,18.099153848285432,54.58671622549137,47.04928744566864,1,1,3
40.5902836640208,64.19932448528635,64.30678857745181,7.845930524138019,1.9476340830925016,63.57667414542513,4.23230654698763,9.667805030655895,4,4,28.929733054471104,19.45924000587128,46.92010699660407,90.21298104048634,0,1,3
23.83346676208757,57.275284649118724,83.19049123371882,6.25400695510982,1.4187553889194409,51.659381511250075,3.443770551115255,1.250289783358822,1,1,11.981483200597655,9.699215713067916,53.516390949964254,67.71805761954494,0,0,1
26.552931858057757,28.077624952524218,68.69886997609018,9.801211761697022,1.6124677946574486,75.8507361943358,1.3445727114162098,9.211987667411863,3,3,24.214202059233184,11.692941182309337,68.56947286775491,93.00407103711956,0,1,3
40.534100145505704,62.3946522526388,76.8738522856486,7.4912144635625575,1.6082439564601638,59.83432170634307,13.426596347731806,9.087473530444516,2,2,9.866249611427191,14.916850814751065,42.991385876994414,44.112877173903144,0,0,3
24.50766015468833,28.20427339761634,60.90405461028427,7.82493152691279,1.1863790621136256,87.89231464662356,9.268070947720691,8.714607716679007,1,6,24.433756360970953,6.3734828374401005,92.98914320677287,95.52441532016981,0,1,3
20.084782400582775,43.60446028960264,80.01649342053791,10.624887129985927,1.64560571099778,82.05998166160741,16.621068817946764,4.397958357978198,1,2,35.84666757939727,4.534807010464936,73.59508099416172,78.15137193806731,1,0,1
31.704037873750504,29.99893753700323,87.49384605781052,7.9633270989687235,1.292663181682447,96.18013339889589,1.9778167996463392,5.4174118348720235,0,1,22.275071997702092,19.293703448860104,57.57977080692494,73.28299687616699,1,1,3
43.08464322482343,68.44515529170582,90.97912964135435,7.453175352078853,0.8004556708058759,89.1494178632868,2.894658666761445,4.632351753932854,1,1,29.333599018107307,8.652307824391563,81.22029088532098,59.54472636381051,0,1,2
35.88089390024919,34.43764796853068,93.17451725643551,7.0143464948022345,1.2319426903447013,59.038797742036344,6.1291546270090125,9.528275677859456,1,1,18.13355994865187,0.03181653031547382,88.25418981879648,96.94204999760069,0,1,2
32.10183510268095,47.43015612316182,101.814565655123,10.649150413091736,1.1836400257353985,90.00791183323982,15.317319738776163,5.6921555779651545,3,4,20.964956706559864,16.75436597050167,76.83547767900882,61.07437398180589,0,1,3
17.915294813123054,82.6972344333145,70.7731453637865,6.7782375479401615,1.6910428440788112,82.08685224070116,6.115176463113976,1.725513478003387,0,2,27.803003150195146,11.993283225821713,52.14968091463142,64.89800667133031,1,0,1
33.45021680097509,34.30214683792792,66.02409112192339,8.722522561502121,1.9680226304179034,83.44758208803125,8.168374149973852,3.466538598800596,1,4,32.49620020205589,3.3711712544060823,46.61730520878662,84.70486760097188,1,1,2
44.7016155031279,55.54635447711454,102.57685859489628,9.041580696463166,0.9693244894866284,91.61314429850744,6.032071325943291,5.158298916232789,1,4,26.378055461017986,0.6027938635415797,91.5939818220032,49.93897007288943,1,1,2
19.202520457095723,49.349016281621545,67.83064074463249,10.124339476114287,1.5859336872723795,78.69120345944701,1.6044858360205994,9.58200339086015,1,0,39.09967975560372,5.829648620834622,54.08124481310443,50.404671896965425,0,1,2
30.5498895709121,21.26868287320108,108.73800406680976,9.799700893997972,0.42458525706673367,73.30017571765065,18.78867245792375,6.1205598156007515,0,1,32.792903511931314,18.557741909473293,41.20494584064986,84.2708381334854,0,0,2
41.32119215783867,75.4930679500969,102.12691146993185,10.864324037671048,1.609454896534505,81.8320517679364,10.970779841423777,7.2646536085120506,0,1,31.086408184315005,18.669823400712247,78.57412648925512,39.000585243307555,1,1,3
37.22305853262613,24.83321344202198,85.04383029447996,6.268508603557429,0.8999795959881562,64.89787144791795,15.756663763709934,1.796678626004446,1,3,33.80406315924102,6.220069726042363,49.173119791858774,87.60751642051164,1,1,1
35.910472229858044,53.19785146838675,109.07107124610127,7.778644348676384,0.31893278505695166,59.129856554354966,13.16714184370592,8.89591641332273,1,2,11.248437416973962,16.718619856414335,99.45818918587452,73.76225058168939,1,1,3
36.07452251961328,59.2474806457265,64.86883645540021,7.680804712652279,0.8856808124838101,80.82939190356232,10.285085581239501,5.851163998124086,0,4,17.281886157935226,8.836906465141913,92.1838499043647,67.73586364822897,1,0,2
25.784734536592655,63.989851963021096,75.15328805875508,6.876101433552649,1.3186248141128782,61.692418454273884,1.7935651331876024,9.291055712865477,1,1,22.57851673578363,13.08689498273189,76.50674356007306,46.03765675259171,0,0,2
23.8077553279348,68.20421405155129,91.91122075203057,7.735069523138659,0.4586877934425665,53.99575546733033,12.854670905406087,5.009290168515004,2,1,18.495452737707424,6.688877517421801,90.03193855651261,85.04577185410861,1,0,2
39.28083466435541,37.72906684659006,77.50034342365893,7.858591884857421,1.8670603617529455,50.0277092292627,3.1074071187366425,7.147755972504259,1,4,33.89831272896319,10.3194519254197,68.23214204612177,86.34671626561244,0,0,2
39.30340184037542,20.698514366091455,106.41862759903958,9.13130677156487,0.3859267232274675,80.41597007000335,8.287663387125532,5.237547343542703,0,5,1.0827407071692807,5.87558893100653,87.3091746677461,63.80593075135625,0,0,2
41.01216955740311,70.64105636484385,63.281304408890875,9.982226873557536,1.8775117597080409,68.10743917401184,12.582262869608607,2.283021365628794,0,2,8.367016689312834,1.2222872471292545,78.79201314382907,57.241828240004615,0,0,1
42.397216576694134,57.495961954330504,87.47059160304823,8.286603081670885,1.4874906563874513,87.61554853367281,15.644580009442468,3.4484498015980733,1,2,35.26826164007419,2.787563723830777,41.718678878179354,47.23132862667579,0,1,1
30.340271965828133,78.52823922450742,89.54331336975572,10.316821387880287,0.8269963069748563,68.75881991565512,13.700903514172392,1.6053156499706231,2,2,2.364005507078688,5.813489889464744,96.92546005317055,82.79638119624224,0,0,1
30.045488840615988,77.4971854030486,92.6364061888612,8.01699203147748,0.9338131084909131,74.30017241191133,13.430670581092576,4.962397086206021,2,1,9.079532144351923,19.525075679522597,91.65517469180122,74.76163461886944,0,1,3
38.948855369003255,79.03283174515182,72.78331116659072,7.741702063888562,1.5464163882823023,70.35424864076924,2.98084418350415,6.844073891152121,2,4,14.05001321505945,19.313443004999833,97.2044434355933,44.46417205568004,0,1,3
34.498917923332954,53.95662619856781,78.22832137599322,9.247128335142147,1.3025744265421129,82.5287395554673,6.922570801431758,3.193401482286843,4,2,30.029622432467637,16.553266849690623,83.88195607364894,85.61276557794305,1,1,3
36.059006317731104,43.3539877085806,102.18402648324889,6.142298161834743,1.425375112546154,67.8069581007484,0.858245453203883,5.4134925238594365,2,1,22.407227846673937,4.650121021921738,64.72365529969733,91.75437193509217,1,0,2
38.873780083083034,75.40907418139591,69.747138448508,6.478734741804002,0.93103807889859,98.18838249711544,14.389537863529291,5.130760008143467,1,3,38.184188111213246,8.832042810836452,52.41911339717693,34.14730839237721,1,0,1
41.70016025452699,51.590587912047845,101.3433923586681,8.507817261519161,1.1036735931632982,96.80734932992651,19.051719626348383,5.800784418130065,1,1,9.11500060291894,8.795656769814087,50.79978085395214,84.0694446616829,1,1,2
25.139854705546075,32.840953748240416,88.13277114513713,11.657476268350539,1.9822680970663134,92.40139513286407,5.282207803581516,2.661262003243707,0,1,34.88481619954918,7.7394648963636765,48.6949749032663,89.69613533993568,0,1,1
26.26748857919832,79.8481813693032,98.1093755597041,10.329070679060543,0.624365023374506,96.01501352863741,1.7539341832461863,5.805856795661681,0,3,11.316539589969953,0.8976061017949122,53.23657855849106,99.40555296321828,0,1,2
17.81945819522607,81.77919137406431,95.68036831317357,6.5287594170033465,0.9812483264137299,72.45698442296955,9.511401535073071,4.277850011084541,1,1,9.819930365062408,10.690547484486356,73.03816080084371,46.632104925615685,0,0,1
32.34840422988522,52.64168292981191,70.37557476924395,11.077908076685242,0.7606905782544428,76.8215198394746,17.133964462551376,3.5743766406314332,1,0,19.935007923974027,1.4562398424972178,81.02470379727046,55.97022436499769,0,1,1
16.078268213902263,25.29898091168512,88.44063682169364,10.393804623649086,1.5889451432697372,87.10462962791223,11.039483905435594,6.2738381262125404,1,1,2.8481802102597475,16.038373614358875,58.84339366097609,97.63337645406153,1,1,3
28.967940543973803,47.14782629418519,103.38615764025462,9.665679154215919,1.5870220949150111,84.80729624692705,0.9355430038022661,2.332331231514274,0,4,15.372280519731326,13.82614285689563,72.92481817047181,36.58108852055091,0,1,2
31.2793390412273,76.24763616238224,81.60581184009646,10.921757763655064,0.7617795567454428,94.53392978027354,19.48544481055892,9.105927855467282,2,2,14.227038724389747,7.054740132870694,60.47515956723101,66.65954907403278,1,0,3
23.596237563848533,83.124181998236,108.32953851116584,8.424659086457742,0.3924330541077201,85.81655136283476,16.572998199252012,9.413675316907435,2,0,6.404062228070941,12.942727644249263,81.79059842043975,65.47212058865213,0,0,3
32.724997817070324,34.24309197483171,82.6107550050859,7.329006305123117,0.27000718417635705,99.89423541142303,2.631881541030203,6.94548720815754,0,3,34.431793810996425,4.660740131181962,99.30917321921507,72.45834172168145,1,0,2
15.915007498171484,24.688152841769007,67.13928183339424,9.072140334652556,0.9980384331743496,67.42528999157955,18.435955130070177,3.7283922064335995,1,3,15.435585748375331,5.305001299132648,81.34101810297301,53.15548303924031,1,0,1
16.12044566247643,81.41453171929871,79.47173400388365,9.293050533560843,0.968090790087599,91.6498871119709,9.013765772103772,6.634052830237725,2,4,39.2768071805473,6.282670338508098,43.5418346102592,94.8142662070254,1,0,3
39.67801681978975,47.25834572852127,107.58512031952685,9.229958232059472,1.9796822876197602,84.88174114163321,7.437959811498825,6.4137111987533295,1,2,35.98831796151097,15.940231998706595,68.63409747003936,48.904288267135094,0,1,3
25.805719242337886,57.92326749872943,75.98604246699271,9.39044274888063,1.0721536324709393,84.56932226075094,9.221066610543765,4.521258834664028,0,2,7.792427982797019,4.21382693692169,86.22324955807184,75.47868623090817,1,1,1
18.811815379556542,87.76460684355312,103.40490799335313,11.692229509435084,0.6987321467569861,66.29177974224994,16.691439137418943,3.585225226359786,2,3,20.20488689351754,11.255624549720771,72.53449637521493,64.71489159284553,1,1,3
30.667297801644132,24.6595309539956,104.0625340840945,11.413473738577387,1.809651521805068,89.28008962115112,13.189593565735716,2.516076570810097,1,1,24.072165534662116,4.0093422884297,97.06378178337388,48.66714167360559,0,0,1
38.09980659295832,65.38226052164669,77.50932621659805,11.254302219353637,1.1093689118937622,95.01880111737995,1.1849690479945507,2.9564545602308554,0,3,32.75842011774485,5.700748501248299,43.28630075225267,43.219765700569894,0,1,1
21.474630824905297,25.187379580240695,64.1628829025316,10.808500865451762,1.298557361618511,60.92742307602815,19.15208742232342,6.877269311937047,2,1,35.42570998605579,4.709625859729827,57.46933259774068,96.95934869803612,1,0,1
33.68671427457001,46.28282499265502,96.22789545794092,11.660568643591713,0.4174202432493722,81.2748418558352,2.955682669566355,8.973048979592118,0,2,24.960720846219594,12.900093421465717,53.24308645838732,69.29040231170501,0,0,3
17.56042394981304,76.26701816354128,75.5756149506993,6.590967850076419,0.9201037128271046,69.60674145513876,14.911359034707022,4.464604494419103,1,3,1.4053681256886152,10.534578889115608,86.05733210581533,72.29336385571092,1,1,2
16.55045163505823,50.34305629289441,99.14618071287862,7.5907395686744366,1.9023914303291267,99.47740596474385,12.722730608562621,2.097095360516487,1,3,19.25105798072517,14.425982918111067,71.42758410904041,84.80268213293849,0,1,1
30.94063894704444,89.80276477320653,82.13274241302166,8.97033567392751,1.2816344223069944,73.94164079158408,3.750560958931217,1.1152567148612447,6,0,35.39214144745329,4.3988687466597165,48.300652681180345,35.68586610198482,1,1,2
31.219053648303195,59.134149946262156,84.26333711713107,11.079206958740432,0.8528782464993079,61.41600868984713,3.4146415222609927,4.653150895561469,2,2,28.563584101770395,0.18297071452074487,57.135595807685675,79.9634987457745,0,0,2
34.1228970449462,42.48135068451674,98.89547033742684,9.030994269136395,1.344917566105288,69.09288126109163,17.40655187409384,3.0931025606776794,0,2,34.80567765637831,13.610191342606697,71.3595593797825,41.559809630062425,0,1,1
36.78274001167985,35.40779281333272,79.1181665530814,10.488208436049533,1.8432194067617031,82.69191949083131,8.393898469991942,3.903000103079564,2,2,26.963191588908295,2.297079169901519,99.76773887521895,81.83367595535191,1,1,2
44.275562383876036,44.53643740003133,82.15636726614572,6.8337594314934975,0.7294835508270325,53.804468567478814,13.09153028348277,3.1750288705521603,0,1,1.7614003925989064,4.926104488479122,61.857541444922305,39.89300701391641,1,1,1
30.48901044903586,46.07732916316856,78.80952343848111,7.514482877859361,1.1339542573236803,80.18009601106188,10.081420077133465,6.977328688672856,1,1,38.72026624826442,6.113723049224453,49.40956584038172,88.27455899115174,0,0,1
24.688694188237378,24.809957440677266,78.367025763864,10.390656570226035,1.9277086443455718,96.5612379589449,14.547070341519191,6.746628707603132,1,0,36.720741622787145,14.93604184581736,69.82399154749947,77.67113825089088,0,0,1
38.85558584306111,45.87019395987412,86.29732884507297,6.988404053326344,0.5516932507722921,92.51813938289251,9.58484750078661,9.210740720597324,2,1,5.063181596504931,12.517836213148543,58.611182633983944,57.01232021966943,1,1,3
23.124967537862226,52.49669638174574,100.43997222505755,8.108135607929562,1.5094118697942451,53.38367683289917,5.747598305111367,7.2977042336020626,0,4,4.507646673749952,3.6853087305165766,73.95800942971289,55.11841107318084,0,0,2
28.169142621169083,70.59164265671632,78.0884155961283,7.589197546881429,1.325341764355219,99.66949393695342,7.2676674199299285,2.4844724253535317,0,3,21.563140019080805,11.957756212394834,68.00261816711355,40.42629444891437,0,1,1
17.35369144026798,65.97106393051256,86.21273602688683,8.099170165334872,1.439431479496111,84.93634618519395,17.181553889006853,7.764349863772413,0,3,30.28203338227533,14.162959902212238,81.36939530275137,93.28373490362816,1,0,2
15.760522302463725,69.6135958660408,93.53636627213004,10.249944294467822,0.8646343536682469,58.114041215701185,9.36069385845454,2.631410762971954,1,4,15.286928477530148,7.777944055803429,94.85744253205098,38.29704909941687,0,1,2
43.87945244033775,20.585457731379996,73.47197231518275,8.207083086856805,0.7992889035965887,50.62080445847118,4.268986644892186,6.02740797349384,0,1,5.4552865417296825,4.91905828055704,52.03086104612506,63.045417197038795,0,0,1
40.079403615366175,35.23671797063752,73.87614024511963,9.33157993564764,1.4473669235296482,58.56413181460756,18.692107761545063,1.693703885368536,2,4,20.42224395125418,13.579655458295786,89.27080422210389,46.556291835286245,1,0,2
35.87922618281094,66.31790018798995,106.67065635117274,6.599591262326458,0.6272007489329543,91.90879603428692,15.93200912996754,1.425925512708838,0,1,13.502645448758898,12.217824002829945,96.95594293291212,99.74292556133182,1,1,1
27.268588332428095,53.8792557725823,96.17672866655442,10.830106159407766,0.984395803503259,51.08196624725819,1.1133229211239826,5.178069933617764,3,2,14.070878222052986,1.5582431694164023,62.41658089107773,71.00908360630888,0,0,3
20.19882960212537,20.371943296784217,88.85933381116544,8.21933175388875,0.5793056305926065,61.65736518090433,19.978859239610355,1.9448520529825308,3,2,25.799421473615286,13.333592804675085,46.81976203580193,40.470915237370896,0,1,1
19.69311128013258,76.31462497022756,92.3860027210306,9.891204954200054,0.26453347196582705,87.86527976674377,13.898533928802046,3.7599994439387316,0,0,35.42432396918016,9.770358656705973,89.3146702469735,76.7294798335265,1,1,1
22.50728694493786,74.09667013032362,61.46497215517092,10.352337609970995,1.9476003800666215,79.30552679490675,3.2053319808117386,4.049500404820204,0,2,22.34366923422577,15.067379139554548,82.06574856629433,99.41263120557859,1,1,3
31.476799941183614,58.38934140954939,90.90514827808485,7.257965532670203,1.0054802126487332,89.13678551800959,4.743353625971929,7.924842271424212,0,2,27.504100433185425,3.8143508375965363,52.762732290043104,72.35302964307618,1,0,2
36.437877681001865,24.65243280433905,85.4754436612101,11.3080499097201,1.9463618252346941,87.3075251913394,13.848909624830938,3.9941209466172696,0,2,26.39787966084966,5.164328358027528,66.713415590953,62.016536618933614,1,0,1
34.80592130153194,73.65605346728093,87.28748398897179,9.697345509641718,0.49556615959369565,52.53006935609024,15.59522110558244,5.448701664296486,1,1,22.0458477022772,10.866254781950424,74.67953238939326,50.52890851330582,1,1,2
23.398016908378285,60.859951141195474,77.97119134154086,8.572350850508888,1.2778918640506005,94.62557095470757,4.780718862996123,7.953273370004502,2,4,12.430325823325203,9.634670557843982,50.19124519908545,36.44863903801376,0,1,3
43.64595841989582,74.73719840105714,64.0736948856471,7.0940111014693175,0.6017045573846693,61.35159171411343,5.139377077985417,2.8440847616489378,1,3,15.111767396409551,7.727307421129932,82.89476959777359,45.97724092929213,0,0,1
37.13690750087305,72.62228946770884,69.66696168060261,11.653805627407241,1.6326297221857309,77.66962201148819,6.142413897441217,8.244076530141708,2,3,12.628151939616647,14.920666288595775,81.39296448366139,68.75345456954116,0,1,3
31.63062157534202,76.21014503704859,107.53723566063358,10.53040922478975,1.6214802303317066,82.21440782638894,11.960367296732734,8.486153172657698,2,3,36.699923859282194,11.295031272565648,93.22759675069771,82.76499890547075,1,1,3
33.35162238703057,56.26056464832374,80.43497811354669,7.248147376399493,0.44706251081879567,58.43141054425477,3.4363235660255387,9.899621156522658,2,4,33.064746820417724,14.205437077882372,74.0363778656917,91.45516231607547,1,1,3
27.588001872833697,29.82271627354605,83.3341577915432,8.026264648345347,1.846112792533681,98.81156283504872,2.08486397769555,4.996429109778754,1,0,23.17389491404883,3.0650992463823146,74.45878184173822,85.55985752608693,1,1,1
22.431929685034724,66.98102313657822,62.63548949267195,10.85804554852844,0.5906018826056431,74.40779780436546,13.577281781710271,4.335843957943926,1,3,36.48973883896802,14.579765902910744,77.16324135815809,38.78256409606924,0,0,2
25.679180359537845,63.43316495363794,61.87831147719903,10.174065979292035,1.3227103477813806,52.88213477986967,15.581958795863402,7.318047435176899,2,2,35.456347725919116,9.230562162005837,56.426995682914395,84.14219195091327,0,1,3
37.735383313931074,71.9577231039361,95.85907235233788,10.594705756294346,1.9748588351534822,96.86310223889203,10.018588088330109,1.5233600554370472,0,4,37.10777599007341,0.6753587136917405,85.51635107668017,70.71231823020639,1,0,1
15.431804658892677,31.89167042355147,86.90473320605557,8.647206613277595,1.7941939358411367,79.31339215966341,7.2766542053677075,1.357763603768698,0,1,8.870954306221318,4.6898310799299825,79.74995567575786,62.83752902533766,0,0,1
18.482179215207488,33.648263993020244,85.43529921081333,10.298857575853003,1.9239868749820457,84.95965989906881,8.640854270529527,4.014917771191362,1,1,28.70012151055579,0.5151278348115595,90.34873752765465,70.09348829304565,1,0,1
16.380079260652582,82.32866620535299,72.15622652113343,8.318962337183482,0.849547849631709,76.2587894967112,7.768156677439038,7.5656357935894265,3,1,24.368979996940073,9.137490439820874,86.11516029835624,30.565273014074126,0,0,2
16.221864069569104,72.49844589164496,97.2375365814961,7.267577501629178,0.4347573738840609,91.73689773884837,19.199698164753507,2.048089993102933,0,2,29.353225513384285,6.517595211101708,78.31433383024375,34.74111700797188,0,1,1
40.66381752033021,83.57599420902261,68.4118289554246,9.79606220904816,0.5796070282565376,51.656673109660545,15.361798104382805,6.719921633911922,1,3,10.535174556731487,19.748991198265028,49.65352905457594,66.80944953510868,1,1,3
36.109735781400715,73.11007248147445,69.496737183051,11.856083553592764,1.125866066384074,63.418918263857385,4.161744297002206,3.425547387696783,2,2,27.79236285753191,17.370082339137262,95.1488393925298,42.15334746370903,1,1,3
29.225214872619755,61.80087141932113,83.03560856741377,7.863605828371978,1.6381519369783137,73.48241782013461,7.683783041079602,6.865072054169502,1,1,16.39314061017548,16.513417206862986,62.0327308829889,68.18786664934032,1,1,3
17.935024819530042,65.78929159195116,74.31399310559705,8.765817553275237,0.5127688773217817,53.8301808156855,10.880245827262197,5.112785115003928,1,1,33.36367185225201,10.02233098062491,97.85791411100574,54.794950031237065,1,0,2
29.74847625350497,82.2389546758007,72.37314906165732,10.044008226419121,1.404530181456325,85.29533346633292,12.25971724127377,2.0363650776523095,0,0,31.814629006470923,16.141749987015338,64.11224812003283,93.51884144723269,1,0,1
29.204153123416972,60.51647281583584,92.26188222766658,9.249037692734927,0.8162608070691457,69.68317070278204,9.363677920575341,3.225545332866756,3,3,8.454304434356686,5.337392949255104,48.75629756099025,96.47783991131176,0,0,2
20.196056097300456,64.26739270298711,92.54858726092723,11.060566774254296,0.8471036266862686,63.6333995134072,16.202532700239182,2.9774237850376792,0,5,7.354211056132121,11.212989356930498,93.09038484998008,98.58488791479637,0,1,2
28.01554947713919,30.95337012025204,101.22585348999647,10.570456238817096,1.4083560277763711,50.168942340420614,15.352120389164634,2.4812613343807306,0,1,28.709268851394643,7.858361226388199,87.70352440772231,92.9256597117973,0,0,1
26.955142031921206,53.17448540812719,80.88542834864879,6.349783223174143,1.0672489841831354,85.99151558749769,10.103158372563335,5.2151090356429926,0,3,22.018995789126418,3.426838230454594,87.17776336678838,99.01235958346331,1,0,1
33.47550294156649,70.14779783706692,63.65425455130751,11.990527403542643,1.6710582627954893,91.69046544364309,17.088587735634608,9.591989853852962,2,2,22.28823642728196,1.4522686273680807,45.364645043867085,79.43029880175533,1,1,3
34.052809526029314,38.96598888214558,73.68331924607288,10.514414722316804,0.5228573919099473,69.75202678407493,15.021790608847718,6.922799202618885,2,0,30.100612938374184,11.164367659432298,92.75678998311803,97.2379595930736,1,0,3
16.359120293161336,34.157792636717446,109.00027315984084,11.18341989776468,1.6324094720923172,78.21089885166828,15.571636974412865,8.524018283482972,1,3,34.1988317208716,1.952782697604123,75.78403822977167,74.9254725819779,0,0,2
26.238378438794136,41.967876575709084,89.8129287616351,9.907186272572078,0.3624116841004865,61.38433129647992,19.128015588668333,9.829721701283264,3,2,9.55855602434867,14.360061933719647,68.22134417637722,86.64499448200041,1,1,3
33.77579747142709,36.90504395949834,95.48685424005102,11.137710768280574,0.5895942904298087,81.10988231400665,5.329338824184053,5.86560396874211,1,1,22.221581871622007,18.429369574523115,94.79029728478832,39.23369949065972,1,0,3
30.094087757402633,35.04388459254771,60.367891481270725,6.674297849572256,1.3982620003805395,50.60687291576003,5.352963247336984,3.1426306811773763,2,1,33.15818837968309,3.2421221942312184,79.96248114891642,77.78197113217905,0,0,1
40.69469523564967,49.739559000766086,85.91028660912605,8.086427013355895,1.7461198988943747,74.43219485493792,17.779045113812803,9.35029906339228,3,2,34.9117668478001,9.418771570204566,47.98184943117916,95.17723165346817,0,0,2
34.760808948568354,83.5486959718474,61.87643287659016,11.258525661626956,0.6921893485438608,82.21027409203461,15.44452746771359,7.2908559016458225,2,3,11.496375533540665,14.775491861196503,71.17223056340222,67.80337690729338,1,0,3
19.88803281244289,55.49417527171028,88.4615106045724,7.209931267601354,0.8225853102005977,95.90958866148671,18.53091082871255,9.630471344923151,1,2,4.166154263900501,5.7367932206605365,78.19699533085377,43.07737994712165,0,0,1
17.117062422012896,33.15442665707261,106.03854248180377,6.469452591480136,1.189961309501795,69.06679085611421,1.2626032064890613,6.859287654899714,0,1,9.312930155111196,18.415290392658747,93.91304186389806,66.8821992507501,0,1,3
34.27257834618947,25.388016856661185,108.42095652502039,10.728713639671314,0.6202524113562791,88.2595101490515,12.555141545231931,7.976305090263445,1,4,37.81998056058109,17.769311177398215,56.79364610049401,79.48586958416418,1,0,3
15.795339316248654,68.73093015965478,87.02763376944621,11.012916933859778,1.6695234577781348,79.88435149717503,2.892566762468949,9.015725753009907,0,1,18.499188497408568,2.075087114593559,87.65403313884491,83.88519493681785,0,0,2
32.5732674382039,46.79591351054715,82.9102402626108,6.975913309139404,1.6038641287600814,96.35060564625402,10.077943965851652,7.833243803680733,1,5,16.742951622240994,0.5479954306368029,87.98877423008477,66.65914069523888,0,1,2
43.20690724274873,77.52816626097515,107.2508547124247,11.126075896696292,0.5042604959401178,69.91888378297153,3.1149386370688847,6.063811948114499,1,2,0.5233739493684064,19.529169659588035,47.682969089420844,45.2157616953055,1,1,3
32.26422533627637,66.16575380485392,93.68049159983475,10.120606773583017,1.0617020306791063,65.9547669936494,2.5615701796975854,5.247288390353252,0,0,2.0405873168540456,19.129500495422622,41.03399096535237,94.86821520051231,0,0,3
26.645097786195656,75.73690153789579,63.244963976920474,9.120496099299503,1.6059485916455873,94.35709993470718,0.24336690764066304,8.410396014215609,0,1,26.747837178988945,8.445712089319263,74.88458175390738,84.153219151735,0,1,2
34.29864655327059,39.03622275929141,83.28627888337488,10.98150115668831,0.8403266794309758,52.46222007041445,12.604776247658087,7.947872315386196,1,2,23.59308274899986,1.0112664821194484,87.36873317745915,48.94818804323228,0,0,2
28.7475867147455,68.46512457227408,72.01225092321519,8.515495495913795,1.3579369397560304,56.81926964668384,7.180452333801721,4.297877415379148,1,3,23.02113193981615,12.377511054920557,73.26584945963782,86.8269042177462,1,0,2
31.36850367947805,38.48433892856032,83.49021607243408,7.163963737340383,0.3378729625507523,54.12022172920222,2.103765697579434,5.484987706079384,2,2,4.412915040978862,5.868202147773125,88.80084911199252,54.35038546626414,1,1,3
43.24394426329576,85.7347935615204,82.7732786003181,7.709116059663682,1.3152053309263065,92.15549782882013,6.456755554626197,6.7149168029712305,4,0,14.08244678261414,18.734459738011083,77.33818842805084,51.87019412678665,0,0,3
26.58307913402323,64.5461997073362,89.1072401407371,9.030984109759888,0.5171427150010622,50.53037116851597,3.378881829031699,1.2553319714693267,1,0,32.49432554560592,15.893238501086069,79.19754170033802,90.41536391430009,1,1,3
43.83571691471742,42.71582601227395,77.83852451746256,9.187984756039054,1.7035208189502897,93.08285777485241,18.833896630033188,3.2281182993848168,1,2,6.996448956665491,12.99187568266887,41.68926554575153,91.12646447719848,0,0,1
42.160519258681916,38.865830360459086,68.2135224727964,10.833484958647402,0.8720365612658373,72.56338976856334,6.400097715226963,3.251929555642203,0,1,35.307490039297456,5.690076950270571,45.315892175165565,57.89369819732854,0,1,1
20.873734043678894,33.36486095501505,85.18597172949782,10.748116341914006,0.7427192597743425,50.20126394269854,6.679070465787797,8.949084035331811,0,2,4.859132013956127,14.02537158883435,83.50177706295248,30.624596355709517,1,1,3
17.080839026254964,68.62486712256094,101.5101442172881,9.48819934322745,1.7215557092450988,70.0822588606021,16.79716006799171,3.983389781466622,0,2,6.765973204959526,5.783365335184081,85.77059694257734,43.05959349799943,1,0,1
18.0233400413228,35.31009290985491,93.20061140338012,10.684712900192858,0.33775204037566786,59.340042052251775,12.955115225720084,5.906290490181222,1,2,19.109998446149138,0.7526196830375209,72.53067868385955,93.65074297571911,1,1,3
15.546654769546493,61.67122861492423,76.91839329626079,7.150640749762026,0.9440653988351033,81.22002437360815,14.203432148060028,8.484278203038052,0,0,37.811996177941495,10.168691752405481,75.40990764706207,92.91245359385405,1,0,1
17.83328882267785,38.52445188477502,106.77615113794286,6.300387162559766,0.8975061960063049,83.96793949608232,12.720036079779211,3.3372443128900233,1,0,13.181907125816945,9.773690895773818,76.86195039070465,61.73413236654133,0,0,1
35.490203202490704,66.3378261355708,105.61037856245912,11.2418029358082,0.7484006549367139,74.37637852025,18.923925678971308,2.1138136972017776,1,2,26.328719742321955,15.260119460524669,46.299479131236964,51.2881695093115,0,0,1
17.13565945380687,77.04578099783774,70.46741996920494,6.453326962576617,1.8455700810025848,52.025976271983495,4.140016631160903,9.535238258576024,0,2,23.54685023956305,17.31347764708889,80.07451625505581,51.19238044736201,0,0,2
24.569268908812838,74.46176702012572,61.97087925601815,7.480130578463983,1.564124688654264,82.8064402183601,19.780784835115913,7.342146424307466,0,2,5.984905460022301,7.089369773885242,68.70819860572303,92.80363618399767,1,1,2
40.34625932908364,73.25959316515471,97.06543541753811,10.171913697746307,0.3618655373358929,92.10193918027606,16.619123551130265,2.593483891121272,2,3,9.926676055766531,8.989460204073419,76.15137860123674,52.731331768286154,1,0,2
15.698158072074776,33.140568398457646,101.38051306745766,8.456687625763855,1.5007030365111698,86.01621386632007,11.779451777526845,8.377403986113936,1,1,37.20611090575288,9.408008392890563,73.78850972863135,65.81061818180767,1,1,2
39.43405447766807,26.18694628891631,108.39322829756776,11.257883819493053,1.1727734829753893,91.49789594776593,13.247432487924979,8.084139520020267,2,4,7.393184946123981,6.4844816874475875,85.78001490724233,81.17077354150285,1,1,3
23.455643243201997,68.92641799411699,104.49181970441553,7.787878767973617,1.8265188152027636,60.02547617754438,12.97651753001228,8.537869877279372,0,1,27.80039559020453,14.867738472503806,59.11409582295888,44.66367291265932,0,0,2
18.544944828649687,45.78430496560459,90.02673841032075,6.071228080016156,0.7976548303596274,94.44439698282413,1.167924481183078,3.4859131898880635,2,0,38.58777930401218,10.442023704125988,62.411574704047126,47.76873571101255,0,0,1
35.90211496092452,50.26423584823431,86.50261696061904,7.803933843364465,1.2547834993167701,66.10967253239814,4.360329970638772,5.037217060500739,0,3,4.7802396880911235,18.279115487772795,63.49637839147478,55.06433251665888,1,0,3
33.86828540339652,22.180436495537375,61.39205256312931,9.46845029510899,1.1263217307967255,50.67024071259955,19.229417690494984,7.243063689053022,4,1,15.967279607492578,13.00621543791172,85.74736595044075,75.7956372543173,1,0,3
41.32416040581159,38.170351449253445,72.3328223422389,8.25563025241976,1.10673158589831,92.16958231645353,10.687288577187585,4.516008168064645,1,4,8.95728577770949,4.237931177879448,65.86675730818212,87.22434558024295,0,1,1
37.05213131411657,22.35734827121248,82.98073758664631,9.20923653455253,1.048184449155122,97.09106344823633,7.567072065238241,1.6297495499463925,2,2,8.862460696181715,3.2961729749407276,50.624486302003284,68.26940343316997,1,1,2
39.10442791154546,81.54300408208734,91.42519500417839,11.259588713010112,0.6098515821814923,82.77790987086743,15.2407692677815,2.2280477859589243,0,2,4.759433759987233,7.447686758325842,98.98245822502173,39.305011565473656,1,1,1
23.461037177139197,37.03776782529714,87.86259166592053,11.474910325382211,1.5724923643616873,61.571831523171234,10.49037885311619,6.374021545876873,2,3,25.982047359658633,6.9385308051394645,69.60291183787287,61.23718661488048,0,0,2
20.323186313391684,59.01360187011056,97.13179948408452,7.595844387924672,1.0398380572937551,62.58722321412652,0.2632554286379518,4.376513796387595,0,1,29.85374039642847,8.142636497250205,46.554884989363785,38.938350548623575,0,0,1
37.51844254922575,22.728552446279128,73.98834654435204,8.772842839619404,1.92740348125456,73.32964367178097,14.724751934302358,1.0484211862873698,0,3,27.071756400922247,3.671821406088842,80.21649735956214,36.180801876668674,0,0,1
39.20504217801792,66.67931739139607,88.24763038262367,9.294864091448707,0.7064147475873586,94.89155398007097,14.644351201057226,7.901690742784882,0,0,36.98625830476611,19.564453400529786,84.34974145170902,71.27317388960135,1,1,3
44.7151542600202,42.61191420278657,64.4071121695396,11.694674741329482,1.444801719347322,57.47988280737792,3.302974242199488,4.750333685156448,4,2,5.827152348722167,2.9141954573745776,70.01337033453373,96.9348478258546,1,0,3
27.378530307342793,82.8543430870366,80.68327617916034,11.991703914986308,1.8962548893684397,91.29868347917434,19.133201768484266,3.8239235690133917,1,0,12.793814935400247,13.05297548448642,78.78743309663929,88.63282833338417,1,1,2
26.160542573783495,82.1682732253825,97.50804164773005,7.41244349304916,1.411052065278162,64.56514043525752,4.478162630822286,7.421672611459894,1,0,13.78291238809824,0.2613847012917958,50.3604918689638,84.21298837797451,1,0,2
38.29238882225991,42.77034328532234,94.6700426714522,10.361879228074892,1.7747275883304405,90.4293084714549,9.154987347643985,5.095979370877631,1,1,9.283284153876185,8.139220766380262,62.07534311682274,80.89391761057337,1,1,3
25.224106207590538,83.06726269833275,109.53213685860895,8.268186373399171,1.6980916795747607,96.01355988007694,2.2947192252182935,7.253479984529685,0,1,5.688197766278664,6.183667981900727,49.709716202296974,92.79894999949883,0,0,2
42.922719768106944,89.73103714491452,73.8945562993878,6.04864918131728,0.8802060021057567,71.37469359971601,12.065646389011768,1.118782741431003,3,1,19.46813903705055,7.6404927547883705,63.2341153818885,82.69845588999443,0,0,1
40.75238255529035,77.77909648867637,84.90946495869896,6.055515134615414,1.3002168948941188,68.25253270527654,7.50902240114425,1.0847810267634201,2,2,33.37758512189714,9.961546895462272,73.76803133121516,73.881414171054,0,1,1
27.86982082125055,79.14099434286604,76.47652068869984,8.763396045373534,0.5234573446698723,90.11106594856508,7.06346924419411,6.0391173736934025,1,1,38.18158902413273,12.007500030486355,66.55236443091479,55.527605619160425,0,1,2
37.52613203374492,37.430611527636295,82.03015570295874,8.930009478026008,1.187170294717299,76.4741441189697,16.539537544418945,9.839908308056568,2,2,5.173625288739907,11.670226895886,75.59289044414444,37.06607229018549,1,1,3
37.63628622254047,60.36916792004294,102.84750649346941,6.135418179440656,0.6532384506750901,84.22245242315987,0.19123425700956487,3.451215141264988,0,1,32.92628912290944,12.61427340242226,70.10555040211311,62.27233546908073,0,1,1
18.093716065077977,24.707913977715748,94.21045375942433,10.121564500645814,1.5515394261667799,81.14146184805898,15.95893541784845,7.146042014500077,0,1,32.98324491861099,16.89095365107581,59.06886240410538,94.73489653017572,0,1,3
42.076587200386996,26.64425557751688,104.12205956737908,7.764020331569719,1.174102238311218,57.644442282239815,11.428971314961574,2.5503178861241413,0,2,15.559124862102678,17.734343112293026,48.604959887260726,70.81701857626068,0,1,2
30.157571173435713,89.92248284233034,70.17555541659432,9.359358609215697,0.9696478846054059,92.23951801447808,19.721970269603982,3.8039376858475045,0,1,4.401184965818166,14.745006011215951,55.16037168527663,42.91529259265935,0,1,1
39.79372398323225,42.86474745981377,103.66805589207189,7.805514438992512,0.7203949182922107,59.78875557065681,11.78886441208498,1.702674014276872,0,1,39.60032027027592,1.5788448584880799,52.04279511367599,75.43163159365906,1,1,1
24.601488030918354,72.37287384341926,62.98811370891922,7.002805889215843,1.997722343222252,96.61410720353905,1.1075826829591584,8.927138439611602,0,3,26.223721221152747,19.22584783019869,82.44533762144263,62.582356385635315,1,1,3
41.86569685488601,76.46655371187715,104.42996402185761,8.443042431593252,0.3754934115486322,62.528564571107395,1.0129065288745265,3.793936613978468,0,1,39.28782780166322,18.947961726940925,89.19801066474285,95.19660620080765,0,1,3
26.676050362024895,80.06162897050604,76.45368897303639,7.393640188743005,0.32623119100173503,86.6940486636871,17.66305972743664,3.0741980266269104,0,3,19.346220627386337,14.234075890907075,83.22331631796554,41.26579370434018,1,1,1
15.32512954440895,89.83398081815096,75.72938167070332,9.208805861515009,0.6302004508642629,64.2327696746796,16.82428291022106,7.575437605959104,0,1,15.80771999746915,10.348781428038476,78.6240488197095,79.84082239547337,0,0,1
42.16145929257791,36.90475396798075,85.6044288349332,7.19297118171888,1.9493768025986844,65.8892704293432,6.917801511640464,2.7949614004944348,1,2,9.887419038818152,5.012367166717844,58.47108122882618,77.71217253647612,0,1,1
17.738600303584008,22.82455788017898,107.03450938616159,9.050435859867761,1.9636667945599728,65.50009263911527,12.360649683622745,3.1624782444854476,0,0,39.34288007088078,15.12702278997752,82.65913354639068,98.84791049650534,0,1,1
24.579409127712445,48.78340625962102,62.389068234070265,6.944271089213205,1.3961235358512378,87.39461270130417,9.791827141112005,1.9325462829464313,3,1,10.130290778490947,17.557203574325783,76.30500759934878,69.54384886329072,1,1,2
43.50185901152415,29.105646888026286,77.61154875353726,10.02584825691471,1.7901866676112084,77.84075589846965,19.343281102721043,9.665847182753891,1,2,0.9505102487220141,13.303752017798757,42.81360200125754,91.0101825153548,0,1,3
43.51821440812668,21.569812241343858,102.82859943416679,10.523626106648544,0.624433028971392,94.14762279237486,18.99921801753783,3.2287397456951106,0,1,20.498736543539113,12.581452657235415,94.45672710360492,31.729975627200147,1,1,1
32.203136643698585,45.229877899904025,79.80272387177334,6.662365405499603,1.9510736648090912,65.36863596020224,19.67678017081549,9.960969725221442,0,0,15.082019722036616,3.860094091411723,44.797230466098355,38.60243777568928,1,0,1
33.95511636509398,74.86167757526655,69.95784487985335,8.806814472224035,0.4998734877442381,84.59962610283722,17.328975612685284,2.585344968716311,0,2,10.45530013717058,7.155930457883793,70.16247424953033,54.215700099257134,1,0,1
28.453365659349593,59.63264838575496,81.23970906657058,6.4252302039292415,0.42696907931790196,87.64742998315553,18.191031815502026,1.1858666498035304,1,2,25.384324659246936,14.462724440650243,70.78414916314388,73.35291780100664,1,1,1
23.796323150941937,41.894459244724786,79.27762507458347,9.589094673252013,0.44637019368272757,57.57410565149791,4.345575575342728,9.06124252099855,1,3,14.57074459591289,0.3379747770244679,90.2204313255029,61.435554147718605,0,1,3
24.85993636109748,65.80394038449037,105.77081007333517,7.5864257875778724,1.2529738657269882,70.02946786599055,16.62013577979549,6.22015526656104,0,1,16.090035532674914,12.825285543777722,94.78405006254198,44.18873731426122,1,1,2
35.175553682311154,36.24127262161675,98.09671878715486,9.165746741032248,1.6167052012565917,74.14087471752055,14.177142264085493,4.162689999857158,0,1,0.9218241557617723,15.333406020204961,96.38054749058757,71.24426179240041,0,1,1
37.5712358831304,21.00670122504595,85.25577778720032,9.104766056305747,0.891667561280608,67.78436949471872,19.255730176561404,5.620056962113461,0,2,23.5628371421223,6.694089725415633,74.18032800873868,69.66893415389539,0,0,1
38.74737131177545,73.50473705054992,109.41852833607855,11.546126077162803,1.9613179786257213,66.1056297984569,11.425236568852387,3.3465425941668574,4,2,4.882841193881711,1.523355384015781,80.74253381269621,66.7113234964594,1,1,3
38.68854428383662,63.662015940480636,83.26387656379617,9.294499335412336,1.0102352417070766,84.32099469988209,1.703343334211127,6.712829652534619,1,2,8.552194355816871,16.38238757767997,45.311191744753785,36.33892784774887,0,0,3
17.73618309146071,73.3611837150672,62.91189154101376,9.497990878309894,0.5132849638531285,60.79331988297443,11.94797782374306,6.548217025083097,1,2,28.684712824505528,2.836736589700455,69.27496065064133,94.89178449293615,0,0,1
29.832609141077445,22.725661168136593,73.11371609074925,8.409918754586283,1.0654418093257392,85.46953726255643,13.731618560425755,1.721730601357204,1,3,12.529709047356441,7.416022119395471,93.87140225453707,71.45787125910056,1,0,1
16.72676280049933,78.59837394814565,81.80352401096563,11.6944776190969,1.4383150394892699,96.75220981953652,4.406420574248566,9.19619290540969,2,3,6.528407897535238,14.1450821013556,67.34182906228367,48.479422303906006,1,0,3
31.485866469712064,63.36683400254123,67.84513120730601,10.663115456637659,1.7063951158826627,78.25987605888756,7.882267670254568,5.144728080025976,1,1,23.096965882499234,16.33971975302867,44.17563612600584,78.11927332761644,1,1,3
28.24591504120131,59.43767454988481,107.37825631620214,7.712431741817049,1.0528445074240376,80.5717118369737,11.9700682810336,2.756387188740014,1,1,8.596179797517625,17.247638369770318,52.03846854498721,52.25355936082211,1,0,2
41.63112548274899,63.72298336801721,98.34244489088866,11.065257514657393,1.2888119455860432,53.446635106204454,7.482114746330111,3.7664547349241406,0,3,10.8391285583482,10.60834383222231,65.77041534612968,65.40992187420981,0,1,2
25.52745037656236,80.51032728078549,73.41436002138863,8.59437816111054,0.7178532462779934,93.2238451808914,7.498954344773279,8.795995793538458,1,3,24.853572399114952,9.517433929117312,54.25169829454315,53.879223974128806,0,0,2
18.512010492828175,61.08555545912349,89.5402266758958,10.972002861201563,1.3803539212096494,64.27238935999327,2.661732783455948,4.44866654783891,2,2,29.594471254556595,16.966345540360596,63.53755512050324,91.6275818576385,1,1,3
19.289750461585076,60.66652659217255,96.0724578554786,10.937328409761012,1.9754509019131015,80.75255827642825,18.81493446155332,6.057650540760656,2,2,29.586387407823086,11.261541900949423,59.97771252016354,99.57864091744511,1,1,3
37.84531895152416,89.3475409946036,107.0639464453399,7.133221120577126,0.33584375202863925,98.95560848724011,15.00988768990193,9.52920761394656,2,3,19.289736474833216,11.573014568304622,59.13574316895712,41.28274457295291,0,0,3
33.546541899487835,72.97111169479976,104.08176745877054,10.206846788301462,1.8014286737340437,79.77513002864039,0.02486877732204018,6.865447938237698,3,2,18.171876440377417,8.679467359876014,45.46987658541012,31.65052653896178,0,0,3
18.033680283683708,50.96056638157947,85.75961130691068,7.743857815839187,1.233994379843165,86.23547437321888,15.312265680443303,7.0814506953304175,0,2,31.505807369250295,7.4562794384207915,92.96288146519518,45.35257548874297,1,0,1
17.523204183449923,69.51779000230493,98.73263098965089,7.7849560199560095,0.6911726542340249,72.2659809111876,14.795899853157175,3.237119534458678,1,3,7.721389004500683,9.610817145796581,81.56237520792479,71.29663881683294,1,0,2
36.0290739437736,47.2461330184252,88.10723769137925,7.778088461283485,1.9210569925162013,53.01829217575287,0.19461920311045988,7.014656665251862,2,1,6.08809790113837,7.296949873922545,77.40291450814749,42.17657977042731,1,1,3
17.182890190925807,36.021282373844926,87.635194502277,10.35340948535969,1.095870030353073,89.87996747448943,7.392085952275291,4.544224697732512,0,3,26.587802641180392,6.8709289993847715,76.38816448572442,86.80390972243073,1,0,2
39.65580177871068,61.77963138214316,65.73709791690959,7.378956250755216,0.8304579404284248,51.749942063199285,12.134953806510612,9.199382361397065,1,0,16.380277375570213,19.873286840157878,63.790133482879526,58.60694037561097,1,0,3
36.18726681469489,84.9727468679766,66.30688290080761,6.005435011476541,0.5676208494739721,85.0328914443927,9.055013037160718,2.165849631195194,3,3,28.399938422807235,6.724269881436962,89.39891853108999,72.73729184998908,1,1,2
17.440463419256993,85.03976640108239,86.47668075112287,10.291421120895798,0.6777913679491586,51.146078657481844,15.559722374410146,3.5707631469726526,1,1,10.26400893852944,5.127674950653343,95.80239963567632,61.89324891360012,1,1,2
17.54513142255576,43.933369467384324,73.44307724895033,7.027108463010752,1.7074858227850245,93.11526182883352,8.50916665268868,1.5940065577799065,2,4,12.994875242670677,7.0784817968525315,40.337034939726465,93.23295451332675,0,1,1
44.59918735503526,56.93742263551865,61.05184512302343,6.626894371847008,1.3252175163050401,57.88180179164903,3.077259389076741,4.428134642530009,1,2,35.867105967415625,11.815626812722122,44.751908610280445,32.459473594359444,0,1,1
26.22812387268361,34.81451289989028,96.14196019501061,7.42509672356436,1.848179834104553,75.71357477212756,19.528312485476572,2.335353995407699,2,3,16.866261072863526,18.2198097324633,80.49853704197676,81.05113269596197,0,1,2
26.11926441200673,89.69417766492184,61.624329834508245,8.279403133936224,0.6559447912761251,79.85753522415737,4.840799855520932,8.606293790161699,1,2,23.638138788815375,15.757285003955221,54.16400336338433,75.65204933386067,0,0,3
39.383987017725076,88.6782535507555,89.76384205520273,8.855437964839204,0.4619925042355776,72.87727036867061,14.353846210826646,9.325388817902645,4,1,4.267287764732379,16.84482278151403,94.70229992619292,75.46605216900319,0,0,3
43.41745732151576,65.46562507952132,86.95968970636572,6.267420244275785,0.2606531792072825,67.03817446744436,2.863126233281439,7.024830803242442,0,2,7.153166887710349,17.180172213677153,80.04478390697528,58.97925751267436,0,0,3
44.58003191468613,76.30898417742313,108.44073452889023,11.823439995764163,1.138758565827989,73.39071480904859,6.580252275678653,1.9300113998725534,0,3,1.4355091529057695,18.410567928937347,62.097475309522785,31.097265993312828,1,1,3
37.60134555776825,70.05701128985899,84.21065696738208,10.296378320517348,1.9970371281684793,65.57078769405794,8.840552168608475,4.074677934601782,0,3,16.974832470466662,4.701424658177597,64.9169441667658,78.24685053775704,1,0,2
26.287787565927474,61.52107533276278,63.18007181888987,7.939164391946017,1.4661892204326181,71.90611735404316,3.844640090541278,9.680427031131451,1,1,39.55680017980096,9.167320620748711,81.45295031479348,88.06298489657773,1,0,3
17.505021500960062,23.73435978922284,87.58439839032309,7.912183543712384,0.7896905359390056,67.94564954990153,8.99919152737219,2.2267110156355026,2,1,34.95492610605864,7.70395333152893,48.457846156128596,35.966121769114366,1,0,1
38.3144074778231,51.833503978686274,102.05480853080508,8.691255296210755,1.7845025202958005,78.31024117535726,3.143256459835,6.008404443605168,1,1,25.316356597620278,7.637539892270009,93.00471281479656,60.9132252970778,1,1,2
31.752127492074152,67.23504115171875,109.842464214072,9.757468936578197,1.6180139654789294,61.89620811224917,11.180130779717803,4.176365283960063,0,6,34.443859678298644,13.045673034043697,40.28630190581067,41.381639776293795,0,1,2
27.726660277409287,67.42721297185793,81.51715868445362,6.878238399533807,0.2769765406339437,99.43282774570062,13.27426505040388,9.992463509375757,0,3,23.766774254096923,8.036061206354868,98.73681719823196,72.76564505007258,0,0,2
42.19063155284208,46.11858328956685,76.01493712483713,7.133578882589714,1.6795058409467893,75.04349766910828,1.2486856805602153,3.5685015817763084,2,2,14.750755213365508,12.326606118344074,50.05872882178565,84.99234134513256,0,0,2
18.33592446918454,85.91843906606213,105.33266484759994,11.156607497001305,0.775921825167368,59.70810387072548,17.42264242164336,1.4299503875509902,1,1,6.941856044044612,7.645587274556156,84.52668151683295,76.66945954491844,0,0,1
29.778753128725775,31.714992256574668,69.56210645380607,7.537529543334435,0.511928563021302,73.85333747836363,3.7028177008407104,7.319645333422008,1,0,26.121949670408966,6.22256365448846,42.39548242258963,52.264204934011985,0,0,1
15.340609343022573,55.02516123508924,90.77144575164633,8.281169987851065,0.6460789695398805,93.32075647624121,4.5072485064064765,3.9406539721969898,3,2,7.722051055629815,7.061543568863615,65.88573394258556,39.78128919826687,0,1,2
29.05981925982379,68.36187835855759,80.28572120904738,11.227631105700702,1.0700146576564933,51.09033965621978,13.22699680166126,6.918232905591606,0,0,16.69713668800241,16.075141120275195,77.81882093884825,85.59877022353236,0,1,2
16.68909827045512,68.79950641242664,62.054118247777765,9.978886976398936,0.9935188723690193,83.97770595536444,9.375021208688281,1.9418678813306314,2,2,33.03207368621052,12.02102072457782,44.21364745558504,52.67418009448845,0,1,1
18.564537488042156,65.40472697381709,77.36442371528489,8.050271276050129,0.7555527739048968,77.3983898396964,9.987911983421313,5.70756880837226,1,0,5.1691721024691395,19.47995466033229,66.59761173399542,31.54978822210983,1,1,3
18.525787403313146,39.270174941630216,73.26142612513372,10.102197274347724,0.5513820638623073,58.47789971850678,2.5630996912626536,4.37708393562383,0,2,5.160856762271804,16.653124527594652,58.18818418661335,69.99948500444755,0,1,3
34.47630906348191,30.934459808063536,94.30455769717435,6.118099292288482,1.5839038818737963,90.87382196524604,16.114716437528166,5.830904205807675,2,1,8.976096623663894,9.715612166680822,69.89461671803157,47.26741171633648,1,0,1
37.3813463779627,64.51582287786977,107.4395248845959,10.413855960068192,1.9826921215361049,68.44423111870029,12.3410849220842,8.68125158147023,2,2,22.076692284891962,4.847526701881517,70.27459215814889,88.88441988507239,1,1,3
32.50106295291479,61.95114812976064,73.40235936893188,8.922096243097437,1.6111352657344582,64.69010144077538,2.7076408661891205,9.754725591651479,2,3,10.068939130396522,13.478182229102904,87.11389635053851,40.0278643073545,1,1,3
43.86517645423626,32.55492072024687,100.57329695758409,10.879092883706768,0.7678896934251971,91.40625959284506,7.47998734051192,7.778189342062028,1,3,20.12791749020003,14.532920546238714,47.41027170669386,60.43605943414752,0,0,3
26.246117385711123,69.35974018993943,62.767990846920476,11.72782591203881,0.6784156824712334,81.92625230958323,16.208198654700603,7.901724836983582,2,1,12.079304442387485,9.28351959583918,44.963176062847985,47.71911425277082,0,1,3
23.57136258845582,51.862039421355945,86.90605050199066,11.554731296967411,0.6309152831153919,94.91295418374122,11.367100919732414,5.760424807654532,2,3,20.249688196336223,4.598442648213814,64.11341399432744,78.2721133454757,0,0,2
41.057973845683804,66.7432414122207,63.52750318549473,11.455590260732045,0.4892163803558135,81.49418518355998,2.1729755826586095,1.876599494724486,1,2,11.105257960069208,11.144766357265304,93.25119516259196,68.39716365501951,0,1,2
21.70787515558358,78.61569558391055,106.70164955653198,9.073019735603323,1.214828461961527,87.04088289660577,7.455540915785734,7.00353591689555,2,3,39.20049502434261,5.076585047188933,91.31617118032557,85.36914034740172,0,1,3
43.89667618321834,31.88099000038462,98.31756402786951,8.160852684833628,1.3094506509183523,91.82229481298064,4.853887969114692,2.3300188460422486,2,1,19.708716045678713,18.799966352608752,73.59957455688453,62.10288026565565,0,1,2
15.36463424069449,21.340140759778567,92.89749556022961,8.790211948384037,1.4846296561604901,52.736981795496845,10.349311073074528,3.2109495092085734,2,1,29.745737364329603,12.57768496067439,93.32642913826643,30.33659020810769,1,0,2
44.09636480122917,74.53718104770508,101.19481908123322,10.139376019880164,1.440373399133919,88.80244794346902,16.86722257743979,7.368242617631723,0,3,28.021862355928203,5.838619233384296,88.32061585292271,45.0637536377647,0,0,1
16.294797358517283,62.67881976068311,92.37598977850816,11.303986661227121,0.7615832947459193,80.68532409247884,8.725342696088397,6.912933347062872,4,2,19.622374992574446,4.314613766690492,56.67636760558296,99.94099757359915,0,0,3
41.73429341094213,68.97476987354852,108.44721985871456,7.241917818000717,0.8280442594444815,53.47538982575966,8.666840607366462,3.828933474308029,1,5,9.554482466717008,14.334465667702418,50.2063768267498,58.37414925166571,0,1,3
30.831033272588996,78.67084824920498,95.69789739323858,11.509158950770217,1.4426504370240913,75.42889609343575,18.107018046540738,7.948398123762141,3,4,20.428731116514594,14.155865604835059,58.06939005860235,73.41645755203578,0,0,3
44.78894388357901,76.19676543771504,106.23293047911234,10.891081391819334,0.8615333713713496,54.122903899197695,11.523708250145448,9.453842059980296,3,1,27.23886494881738,11.942644630171497,53.62707270632886,93.345212564113,0,0,3
17.213896942061965,87.26441028501773,85.8565946005319,11.873136091069409,0.6220905818337978,86.79736008616112,11.323821747948138,5.9073365902996,4,1,18.396770822528474,12.286020503584428,77.36312755952183,31.43669275015619,0,1,3
31.615628532039622,57.51545551964828,65.85322064909313,11.281510639690122,0.9050882689692943,77.32508569489416,5.238197837507787,7.0991799311538095,0,1,3.2770042945096645,12.07738005651246,75.09394676647901,76.17251774781766,1,1,3
44.079076068572974,54.194694286193375,86.40888607115086,7.67962397815144,0.7261472757614609,97.67867687061486,12.154454956742526,3.4460162602324145,0,0,0.7193291823233583,7.202068936210344,75.9062430071669,50.186388178490574,0,1,1
30.692935325104465,48.132103992351105,66.34364140315466,6.635735468064286,0.40454726213251113,59.15676857858849,11.518209348347927,9.737263401784247,1,2,13.11507233871354,18.748288200149467,51.35821218948693,49.547377874670204,0,1,3
33.88195914405787,30.75837299909432,89.62467395882025,6.6734464319495315,1.7027430789841438,80.30167262601893,7.937029406837279,3.4633442060721005,0,1,6.008957043732477,9.585569285258355,87.51176351658633,45.73959822738148,0,0,1
35.87246066953851,60.08250630174157,84.12465302638314,7.747339911469656,1.7429449310248135,60.579106728524565,19.81391131798361,8.986681218239363,1,0,36.247609837039825,0.40655800291179656,66.01756501255788,87.59104514038118,1,0,1
28.636231943033195,39.39087670281852,91.12876989163908,9.685102343907236,0.6345630252920391,80.70324923636991,17.637819298961734,9.350822006188473,1,2,7.033306803396995,6.967226847766508,68.34711522199197,56.106341271254614,1,0,2
33.8267424025219,84.49152585490829,60.50234905274158,10.825921956583034,0.36335134916910306,86.13248511804282,14.991725801536312,7.476657351435424,2,2,15.771308560462645,2.6056515729519902,99.81771077267437,34.698157678229805,1,1,2
32.529429357693004,60.82335629939683,69.74202458276821,11.395501841889388,1.542948015364564,86.11521646647694,10.74691176826001,8.304286849486717,1,4,28.483100482859257,7.267675820957669,56.93630715776489,36.77958105182142,1,1,3
42.034740314729675,61.49881263556771,84.56652159560655,9.742520306215397,0.6201750952609739,90.7536995341305,9.241196037892605,5.1207112701114434,1,1,32.61686640064244,12.165249700714654,63.64828024646265,40.403005388076146,0,1,2
16.363391410243736,44.844726261390704,107.52517807945674,6.033787876488322,0.9385121065145055,92.67751139791584,3.6979479044639874,9.275921105050486,1,2,19.108526127125238,0.4532894904384821,80.58779247424525,92.92493110756476,0,0,1
23.42889568776691,23.639254638439525,79.18045201775791,7.117900659111201,0.3622366914154207,53.86358631335885,6.114749480292474,7.683816205352263,0,0,7.245400384335685,17.40401062455737,92.82478121141449,59.92103985551397,0,0,2
43.51234452229676,22.222063576109203,81.21860130268173,6.598357223120208,0.6459717733272615,67.1633578536202,15.479215996464204,3.9406959238091797,1,2,10.835808943034122,12.20618236936351,47.60686040104187,94.12345377196645,1,0,2
41.70791351672749,49.63346009072383,95.73480445033111,8.17994685341406,1.6375789870768627,84.35612601799028,9.074979078751028,1.3145065088989638,2,2,16.758737905645887,5.907437525179895,84.10274838562984,87.2235630933487,0,0,1
28.669702583571386,25.91957646680665,90.1896378643059,9.008105961802475,1.6576937821016031,74.92931436956061,17.645390331390026,5.867049037211929,1,2,14.583783573023318,6.224103478485632,95.09683155973303,88.65178348804935,0,1,2
33.6039779340461,62.479286887809735,74.94630750491666,6.260383071471365,0.6123984435534933,59.53379733773957,2.9582227269105754,8.565852922670128,2,3,13.94691028678626,9.313363530323016,65.37547680561214,50.07822677922829,1,1,3
23.32143548943398,81.66811039477602,80.54081977837139,8.090867854773933,0.8378492289367067,77.6354785083349,10.16694192027273,8.746013069850713,1,2,5.274152070266571,4.961836120035869,57.20361537601105,48.9920088896675,0,1,2
20.64363479171284,81.80403715631056,70.88498994286162,7.075078047751935,0.48491723341405124,70.3717826383072,12.939313680426174,8.51606852935184,4,1,36.53241008683799,0.08683855521892436,80.66422880649623,69.20478658864795,1,0,2
28.910952148199463,66.13317870925627,108.30107295651042,9.882420997553243,0.37980210299861417,69.50191388271526,10.33696912615852,2.9327183687900664,1,0,1.190264256708602,0.531148963585264,54.76441907429749,59.25474733929656,0,0,1
25.600566840781585,34.78622820310517,66.53171907786799,8.78563421594604,1.9863005002847165,90.48768587178319,17.784537831699744,4.835336316399079,1,2,17.600085115030048,7.154813439440398,63.05738479283717,65.63424818102428,1,0,1
32.509683355526164,80.40977819512105,78.59183922832096,8.971905881603453,1.3972894146784687,70.37991669160905,19.791265636582796,6.524432696633252,1,2,39.21285970012347,2.4844335321721656,93.81480244538817,33.72429413003896,0,0,1
17.332039108949544,82.02654047192456,61.29194861100056,8.566150728200768,1.1986688910970578,51.32272527402121,2.316693166827395,7.0080084286123,1,1,26.388957552964083,0.44727349294163776,75.41995315548265,98.01131338837696,1,1,2
44.23184422998499,33.76575094670711,71.08897459667732,11.736118262919401,1.5896223757092742,52.90316694455456,2.59909808153842,4.01125079463567,1,0,14.21642654932333,17.185385400696806,45.69863599599066,34.07181654880862,1,1,3
44.586322334388086,71.61982600394741,99.02355691900775,7.28841075072938,1.7201350294535172,92.81220208458102,2.6064822712024216,7.23378091375415,2,4,5.843903378126796,5.482746272857064,59.781851886782256,42.51819083633211,1,0,3
35.94485142059236,40.05636842489861,70.05876161444397,9.099985559063246,1.6617508440782731,98.03004050062606,13.62354192141055,6.318073067208516,0,1,38.55490422583044,10.062451543336024,77.63590990704256,77.47403673846807,1,0,1
31.082890990323612,76.18482186470507,64.00317012644828,10.416104210192016,0.27894403625728403,84.42046682278539,7.453521909916758,6.1009801723553645,1,1,0.5594544749259889,3.588181683832463,68.88985822928068,40.885108621000825,1,0,1
24.285828488589832,89.80665299325219,83.72265899222617,9.341066478807376,0.5769138218333724,68.21841470500401,14.666293225318121,6.967223413617495,2,2,27.25550282452574,0.9344994448752453,79.62035900509544,37.48089493954523,0,1,1
39.41385059120846,22.101820373057496,60.49846173672592,11.574125314300806,1.3960842787062044,96.93001578973637,8.109429457739575,6.430311359795574,4,2,35.20549885781309,14.897325989771629,85.68648506082043,40.75342669596455,0,0,3
35.54193517661638,82.81561060536524,64.23830772131666,8.267810133847705,0.9075788586569351,83.14015431878678,12.552134426641272,2.5018717119279574,1,0,1.006419595449688,2.499137092935668,68.83690721228248,34.33441702514864,0,0,1
19.87850818034674,63.584137351906065,100.38129347814876,8.782054834639068,1.9693446393569372,92.21667745996689,15.39716011357787,8.86974694628752,1,1,29.006994563620047,0.514338048073173,99.2171011781163,47.5923118180841,1,0,1
42.32781553481527,88.13678334153748,98.57366724298032,6.531133891288371,1.4144583871169445,88.29261520185047,10.964318213098412,3.1651277812526506,2,0,39.9535104501894,11.744606565268196,94.88043254043401,48.97834897103702,1,0,1
39.67611728769507,52.550666226849934,105.7569410202448,9.653994666311572,1.9239605902761114,68.95696578862962,10.790071809000121,7.70039903109155,1,2,25.585698742933975,0.2693514484289916,43.594444364119376,64.90354612838252,0,1,1
43.49399739875772,79.31715513999616,102.72577179553747,7.729271810688636,0.6025313428801392,73.93511004253928,1.7646865057126893,2.588110056626093,0,3,16.58715791373595,8.72571889620643,55.985868265013096,60.71057620433426,1,1,2
36.7715852516508,24.367584801879406,94.15877816199091,6.961854237093413,1.7619247992012903,59.306607718404976,8.215634858188697,6.948697715751044,0,3,34.976028774251276,5.776720969556324,58.03261073858704,63.15993906041916,0,1,1
33.402455878073695,43.4695335054807,62.61664286503314,9.267187757427049,0.8123665351766444,64.6007050220367,10.915543064498753,9.061153829192408,0,2,22.167169856905133,6.388359698755057,51.05742140020064,73.12276529462318,0,1,2
27.547291088718566,24.6911576425847,99.14243089933288,9.193861580279464,1.9817384144161618,88.90628306432609,9.2396165133282,1.0873946383356166,1,2,29.977633871597604,0.07798086228059553,58.72099018302882,46.16730018746807,1,1,1
42.9818545006204,88.27401934353493,102.27554054202803,6.4552298473442855,0.5259551761280078,94.69891959415541,18.01564000376851,9.817098998862605,1,2,23.511159672740195,19.286921607655906,65.48923797612761,39.42928917643266,0,0,2
40.98191668501225,77.18817350902857,99.95410728859773,10.189292720966836,1.1535946829670716,86.22302116257059,18.13061264238979,1.2670827999391427,2,4,1.5316436995179705,10.339262049670758,43.093058739547466,91.52147950518804,1,0,2
16.356560103185682,79.67831948721793,85.4239517654013,9.742633143905117,1.6374779342149635,73.25868483283192,16.438347611775235,1.1023085880518884,0,1,8.525799528213902,11.450242660833677,47.63801416794487,74.37589376982659,1,0,1
15.79100923491756,85.6575662003726,71.64509193247409,7.1341036964789835,1.0071243410570627,54.32546344698738,7.5059615074624,8.718040885035684,0,2,3.150542959469984,13.32244969824056,45.77475272760903,34.24643057543597,1,0,2
26.293901006341486,25.957244028384974,102.26649878443634,8.816609172924263,1.0691471053283816,52.847397434922414,14.345983033750686,7.378336027936623,2,1,4.267510495328919,15.950435820995338,42.77901634879903,97.27361549305742,0,0,3
39.31659992345499,46.99183147593334,96.35814048700692,10.32193749887136,1.9761226421350468,68.71627823064269,7.905769221392196,1.9522959213553888,1,0,0.6162197435228789,12.158182326183516,68.88982121809711,78.51479515878862,0,0,1
44.618283879448335,24.972442233080148,109.03805871944257,9.176614443247658,0.9942892630270184,73.19108593838315,4.651871979515181,9.436734159363455,0,2,16.846599160566118,15.243962109866178,60.0281849935687,40.61932494609081,1,1,3
19.512506733105845,34.755517108502005,67.78462988779664,8.372934457101422,1.3071261760483612,80.45603111066484,6.858052871017632,7.047390170465593,2,4,7.146065270166604,8.974705887257512,96.12683377898267,97.83941021734805,0,0,3
32.82392146056405,36.055604392637065,71.28322915260276,7.934030748485662,0.34544440618151373,50.32447606934986,1.4192926657107097,1.9993918918428317,3,0,34.22786081975887,7.425502808089766,46.16563212650427,55.57851402747431,1,0,2
26.426725698930646,52.83750477333051,70.58990749407513,9.662363199864322,1.723867640367955,99.48614452331532,6.6355501800929435,8.74498236332011,0,3,30.001501501626414,16.4626781496437,95.56212014414032,98.91570559053392,0,1,3
44.09743193443809,38.79935172175498,99.62698838106684,11.634652189861443,1.3842940857142012,68.19694417020214,9.214844345223431,5.328143670338203,1,2,22.92707979261984,17.30621048346926,45.192737043967554,37.2292940575302,1,1,3
40.263567694071256,27.068467477243274,69.34536482250591,10.030469042864901,0.9570351800099237,92.40473319005608,19.1096178956166,3.5032032106019635,0,3,19.560853814015818,2.7561333957386758,77.15304079626611,41.1978451924847,1,1,1
40.149861141334135,31.72437623658754,63.3329914911653,6.448475421817893,0.27829669492040954,76.74833528327022,6.268211724392499,8.425369452094102,1,3,10.234745623039032,10.853203739201223,54.86382024257922,76.01936856123909,0,0,3
29.06079479384911,30.309289448646364,109.92804032928143,8.764109840892804,1.2854204360386319,56.52197272666732,18.049070784110413,7.646018083217893,1,3,18.99805863499942,13.672848609723188,89.60833878963248,31.550042561625126,0,0,2
27.444585070129953,88.11537585386088,61.24086057225746,11.344944789063765,0.27215119984728386,89.87827762672609,4.577165516469941,6.607394219296566,1,3,25.649171034576433,1.6719747326393364,43.688489622398194,31.308274885276496,1,1,3
23.20221215792119,73.15047548429315,101.76220300794328,6.566774554806521,0.25210632434078134,85.4913537459938,3.8193779551849882,9.086618369194868,2,2,31.28915440771102,18.59193633485503,97.15048934617752,85.43879825574302,0,1,3
16.691264899527813,87.74330256886934,78.26834207753264,11.933254272825259,1.3281724837613706,76.37180424646141,10.379909128643298,8.751518290613522,0,0,3.267282650383736,10.402195454342616,42.83543201997401,41.74462322178742,1,1,3
40.9416712876516,50.7818340555536,102.08077298789075,11.694416361872527,0.58077986783547,75.727654566689,13.45022738594812,3.041124926004015,0,4,28.338587549822,12.909148346335044,54.46679609808003,94.31529948113251,0,1,2
39.387030273902326,39.48579371638596,87.73102456055724,6.469646884379255,0.5858032120066667,54.3739802875464,0.8866450160456285,8.908175389432696,1,0,29.709195070451415,3.5648549618070735,67.8510835640434,59.81273135199602,0,0,1
44.991530198583916,75.88052380464308,105.08156147431801,11.60047992269733,1.3932252402073015,82.7924474286937,4.4213173009443345,4.366358556163352,2,3,22.35888803699426,5.288693799108546,85.36347319397292,91.1556648009493,1,1,3
44.89910511221716,42.837774262880274,106.30964932073132,8.178795541556774,0.34397007889390496,95.562257787715,9.113673330026328,4.885969022211281,1,2,8.57276782812805,2.420024333624047,97.06676305260214,59.24345088605699,0,1,1
31.662951168078823,40.956836159374376,60.4549090640388,11.068255002455174,0.7984597325804736,54.66224596106792,6.620086719663629,9.750991484157122,1,2,21.567383500047,5.279974437077777,65.68254587766256,67.1161003480498,0,0,3
38.06962245541531,36.275419454548185,63.77060879963941,8.51030002627963,0.5115058287485333,63.175572532445244,14.252421586966438,7.8388689569123775,2,2,20.108195272612413,9.847935305835975,85.43860562907236,52.15599131734889,0,0,2
43.34297189647284,29.077528475696475,72.51793647854278,8.645130676215096,1.2653086471439343,95.11539867210493,10.223211920826337,3.8933735892627293,2,1,19.028403855471847,16.672591989145925,83.62975326671432,76.06534924291546,0,1,2
40.48942172032234,37.952414271173616,93.46577081817509,9.805458545865257,1.4080890207729426,64.21719549098967,3.207182112078004,6.831333006998834,0,3,18.425596618687365,10.67446830040727,74.2701337174544,52.27408161601463,0,0,3
22.42044305229593,44.87238239317214,104.41360982557529,10.6468645156559,1.5119877437983262,82.69718360899631,17.88930758630181,5.853919026386005,1,3,4.43302265166079,4.889271964621922,81.45515056604918,45.621906849503446,0,0,1
28.516324059302804,67.17959457020113,82.99709756469814,6.202734905689492,0.6966546296074895,76.74090824715721,5.8581135096671915,2.0494291334102286,1,3,7.31569939429459,0.8924214978145595,42.28400098397067,35.67331183738905,1,1,1
18.87478245454485,24.37953895536161,90.34865581371326,9.558935973162805,0.406187065364022,79.8163802501931,14.62262217928847,8.98977104190985,1,2,3.8932835380536934,12.43939671814009,66.4946440538508,34.03685434794927,0,1,3
43.621530817761666,34.73548577657401,69.42499263977805,7.120397964584226,0.3876963996483212,70.78944507886266,15.598315582108198,8.396933352705904,1,0,9.699113106719377,8.403197947332961,87.15164164360182,51.418204724160226,0,0,1
33.1852390335264,76.63165482041734,100.24834169408427,8.075697107179217,0.9957652097887666,64.99957352768556,19.263154005122043,7.999393211982432,0,0,10.53907130922692,19.6870773363414,68.45326870016386,81.55313416744788,1,1,3
21.85928416510388,30.284534650863954,108.3664055676735,8.087811996931299,1.9052277158597513,52.42667253648345,9.970149330482027,6.032380488193114,1,4,9.803034459721815,15.595197708233858,92.41027505361691,44.39340464405314,0,1,3
35.15102053217571,43.985160256576506,73.42994664572987,8.814362041326921,0.6310258099322931,87.21404696470822,12.316710309288643,2.9875369625327632,1,4,8.437162727424138,16.16725638546739,90.01827259388261,50.94592150976476,1,0,2
33.543847213736875,80.52612453006981,84.74129758002732,8.00481847125704,0.6992978023477113,87.30467310971133,6.697525869590675,8.955064263876348,3,4,29.41688181939156,0.2447004576079359,91.80676181034194,93.36199929654867,0,0,3
25.744881540985215,30.844771780040986,64.30580552531869,6.644166710704006,0.42655540368525313,83.53628700393617,13.56358586824133,4.176690792570825,3,4,32.742615983924715,15.555906658081142,47.799801137691965,74.74102470679244,0,0,2
18.40672776598887,25.791578493273292,87.95683282314842,6.873772431152709,1.309747979314378,82.18168940598103,9.267669717326395,1.1810630615963027,3,3,13.084368662902794,3.8922662135098562,54.64846747396423,94.38056725953835,0,0,1
35.14719586778399,53.91765965560076,85.13917209233404,6.200627913366586,1.439777529407556,62.18585660837631,8.753047294488445,9.835967599715412,0,2,12.205155667377955,11.715917445766117,41.77583639272782,93.78582238025439,1,0,3
30.6092310271138,41.16936578949755,67.22182420775388,8.821494511972526,1.37512961428133,51.11724668831456,17.109350582322108,8.750413930797258,2,3,33.76129399010032,8.948431446314373,98.96804361178332,34.438747773998294,0,1,2
38.16955175206918,59.43858551386979,82.10331065590375,11.726686169117931,1.7569779253283673,90.43576984427199,1.0033768699737733,6.604123198941291,1,2,24.95695606663164,11.432077011553599,54.16828836500572,96.85065274498554,1,0,3
30.604905033359803,76.26634233384326,76.70523260432816,6.6940513418886995,1.1012452112956255,74.55692678479134,17.63924855663737,1.1116642548474513,1,1,11.7375329915623,2.668870588459924,62.02560006893454,33.58245713428789,0,1,1
40.5654450095562,29.60039417069202,86.09154376525947,11.677586958018491,0.48529982134236277,65.34190653513092,17.04139675657114,3.049444514573237,0,2,28.544491703463287,9.137833628222927,56.49558683370617,94.79332424239408,0,1,1
31.557205163234567,60.64893591879995,89.28271677143996,10.40016908839256,0.7564589787327222,55.096595339028504,10.127325071235783,5.068448991782422,0,3,13.783712409326693,0.7388937190332623,42.38761737072504,68.27134056597012,1,1,2
31.828139146061588,55.38561322729048,60.424778930360475,9.82499281760498,1.4092524534873656,53.13607954506942,9.804057084112564,6.652764309217785,0,2,23.462224573686925,0.819986963192616,55.67548057660651,67.32327080141741,0,1,2
41.29960807975035,30.08551502092397,98.05029914747777,9.871666531941377,1.3229634540477297,67.44333608975887,7.236147360709804,7.373390650683879,0,2,39.70536119951206,13.154762615481397,45.89173997246243,79.92848438338733,1,1,3
27.104485986371913,63.67989398702877,95.65071459308703,10.960365890377693,1.1792554770501844,90.23685323834702,19.883475833634687,8.09445428021368,2,1,12.063775008641331,19.0339674694436,63.65698518307508,91.5447889533211,0,0,3
19.02045685351922,39.15482925025401,78.31431931032611,6.641519186278928,1.4451877327052025,95.93618746669152,2.2233866550768244,6.00094833118314,0,3,37.22104002833333,15.547858374095663,98.00944710020653,73.19031889628798,1,1,2
15.863480289400169,54.148402298080875,62.646796778440915,9.028525941393251,1.3654339881532738,94.83756823065323,11.80430471257214,6.905650850662426,0,1,12.826096571387925,9.38311561141954,81.89574232382907,59.77798976469251,1,1,2
37.65411767020857,25.75906269939433,97.74662698925252,10.18254682956455,1.7923185565636655,96.00004173748275,13.63363180224834,8.301184283938273,2,0,21.611468174992936,1.1174148018474583,82.41404738847288,37.83225400893414,1,0,1
33.60928654060394,52.170884004953614,107.75875802390662,9.520922670441383,1.275528660587019,95.38626715646714,18.686600164338888,7.47857179297724,0,2,18.399351583961597,0.9004029891420839,67.19055599747531,85.2446514126415,0,1,1
36.12239304297671,41.45244276299742,72.0075798011007,10.996674426139768,1.6125523777259738,76.36123758001979,15.604069937135229,9.593310989860358,2,4,31.326382493757446,3.157845222161162,88.67824064136687,38.98054447295636,1,0,3
21.388924845267322,77.5666847829748,76.1762306868519,6.433630254068109,0.6852375229413188,60.970781927845195,12.876944056230936,8.871813103582795,3,0,2.443707979279792,19.51621007868053,94.49705001505353,80.84561028394701,1,1,3
19.09114426760309,23.988510889815778,69.19064447409075,10.144206236994997,1.436819523030869,89.90232914184102,2.3362463362424535,2.524251500158815,2,1,25.084892162746556,7.973221328823263,97.69300036502925,66.95474620474181,0,0,1
15.436339970036459,49.3025092442831,88.84680616724198,9.204166382308307,1.8288397071696825,60.68564874262895,7.474670336629348,9.526772140453726,1,1,30.426677773952914,16.8681458374529,45.93941336478511,57.00851473306479,1,0,3
25.51762676419791,52.09019968920066,67.74206973237274,8.274965183879662,0.9250315738247081,63.36036383782845,2.776832850959705,2.8375839330815076,1,2,18.88579405528477,14.10284877897194,92.77864051878866,72.90904703773575,0,1,2
32.69753060563899,70.7504253409383,77.80969717306897,8.041649893404184,1.6134323278426317,61.66271609112742,17.624254649310274,9.921374071312929,0,3,4.211704261512215,12.108573184321326,53.50497301455165,84.064926025218,1,0,3
26.76732135299197,60.20013025631477,94.85065069671315,9.724995796645157,1.518381277092012,75.74912018479029,14.99242311127286,7.311965878000059,1,2,9.792200539392525,18.956522233074832,63.836014119450034,95.87977329154347,1,0,3
28.124247660711873,66.70486360359267,88.00579915046742,11.345972247865589,0.35417084452568937,66.091375408454,15.150735735944584,6.647783974671879,0,2,27.186894804034548,4.608231412380439,60.72863168272158,48.528781798645994,1,1,2
42.12476083481245,74.39344999562293,79.32312821639675,8.977055556606691,1.2676395418421265,57.70780248126707,13.045130355470882,3.9189049863824224,1,0,35.817495420012605,9.097793249383074,80.50780240520768,96.29911121481888,1,1,2
25.44766401069901,80.35420815607321,81.0124800903771,10.948338984461522,0.4778313611014042,72.65867059469412,10.140870738734193,2.197967724247582,1,0,16.864344280019544,17.294459313491906,75.8754724140275,97.26636321914545,1,1,2
30.419684674794325,41.971284770572936,88.10554413116148,8.412938291063805,1.9428085514035345,93.69536193925835,2.999421189269944,2.1355571480443327,1,1,22.41648140313037,11.035226152844874,46.54629248608216,86.95413601357761,1,1,2
38.50959038223429,57.661589375473206,60.29323639435807,6.614366776759059,1.6699631297261484,78.52764274749862,6.593897734101035,8.799176733311715,1,3,9.135401469074482,4.928902792522221,86.969357770871,91.70060224596443,0,1,2
26.896283469638107,78.807565490744,63.92549342268049,6.3690344187518315,0.4420166521824602,93.91678029437935,2.7383158495378113,4.8919766157967395,0,1,16.48853256147486,4.178328336845536,66.37872410808977,78.46992596020202,0,1,1
33.662601006836205,89.26157916755395,104.06290338815057,6.308006227942066,0.4630659958834372,59.79360925395687,14.498262857046864,6.0386667117680695,2,2,13.47159231081966,15.05762002084602,40.1333105997788,32.736805395189926,0,0,2
40.87091126240236,82.26635177306342,63.893949454564535,8.280900851746019,1.2903292460970832,58.3486936836277,3.2045755204401005,9.386524968736305,0,1,26.221021918860945,0.2557778850417747,64.87019601164988,70.25549812937746,0,1,1
43.485618709729266,46.00270838370638,95.34017981052526,8.023426505015053,0.8535560548030708,78.778856284921,14.042271003433711,3.2981923432895424,1,1,39.38795806700444,18.28384154805766,70.97989454483147,82.30431940725404,0,1,1
19.41220442787114,33.66165620530553,106.00190820545262,10.307622141735417,0.31108525337794124,73.16644507731365,13.845107791918094,7.875437368844364,2,2,32.53213807942745,0.3683597623040602,44.13248111249376,95.91921942944346,0,1,2
42.79762875484484,54.25747761846121,73.53418021508655,10.456929009509196,1.1978726387078429,83.00863208234784,9.186089579825778,5.234182856543999,2,2,7.686583397047406,12.619780937614083,49.06811556497209,69.93162929132114,1,1,3
29.763488792386145,71.91490162852295,78.52457185297571,6.305123813002439,0.9287289244502321,89.73133955133908,2.704573082361046,2.9147919320722373,1,2,23.107143732270675,12.094959228840146,99.61433028945166,85.59404747801685,1,1,2
22.74733164896875,54.47983495273083,88.44607029223582,7.32673957733409,0.42688386165054965,87.56536478260882,6.296016522680734,8.676745125223668,2,0,2.6564685979360636,11.568223021095621,92.27172412134914,79.35271022811457,1,1,3
28.77407268714784,53.82266043195679,104.08544848192923,7.645571100953398,1.6533606864479697,97.11305868292806,6.401862181511029,7.119542561047753,0,2,9.876619473705421,9.48686101733511,47.99964516079887,49.65620219833073,0,1,2
44.40097725856431,78.67612947572604,107.095279363021,9.285671904856857,1.8513843392379106,69.91282045785059,14.007702662865869,1.8542951431920114,0,0,6.888707042415616,17.04860665377222,74.81856398177538,40.8309652605951,0,1,1
29.77854281978609,45.298264534703044,96.97816240556341,6.867091343441702,1.5740393845247276,60.31933711240904,2.2748603882744867,5.875814757600839,0,3,13.421821505578517,13.186657405809685,62.75459783304059,82.56337300745302,1,1,3
24.862548308625247,80.1856272368152,64.3309880427347,6.803647316400002,1.6892390425284853,77.54563199739428,16.581372924321816,8.665874669739338,0,1,27.152558761768542,15.63724562998787,72.62442452199518,46.363785282565516,1,0,2
34.00202562950177,48.47633606662065,93.45770777674254,11.662733335247747,0.6288584927157054,55.53715600955928,15.220145803718278,1.6024132739938768,1,1,19.97573267667307,2.3104361195837964,68.23211161404323,47.12840882410987,0,0,1
22.204368563345792,42.976317397483754,80.5151860936331,10.825217443786686,0.7112526641075517,64.44255616658157,3.7261383634854783,4.746473175029911,1,3,37.31637039316871,0.9979727491488477,42.888935501541084,75.07623670904533,0,0,2
17.275899843259918,51.77929378397893,83.53504997455308,7.083929412547022,0.6149231955235785,60.394402763157224,14.383287635577789,8.246930234650897,0,3,8.509953593940347,0.570570178595573,58.92521865944698,85.234792482067,1,1,2
18.866391657319475,73.37128710724079,62.45741951725885,8.439406847432945,1.588861004889737,69.82818583985404,13.370263629356437,8.725215520991876,0,1,14.568365850157608,2.944119709471855,47.5312349216876,70.76324650028653,0,1,1
18.841375168733173,28.820141950479602,69.55310696731792,8.133731995545393,1.90885488813537,55.56082875011077,14.962416002218525,7.978264987011549,0,1,13.19410307169878,13.340157805088316,69.33808553744487,91.94882077153498,0,0,1
19.55708080536883,33.749345111041215,99.52568037668239,10.746024444392443,1.5044651117843295,51.59208722740489,3.7785711089738894,3.7513861752390043,0,1,9.438545038397198,9.880435114823417,94.4390031987726,44.801028847547215,0,1,2
19.164815179482304,86.60113779641644,82.69794165239298,9.061277498868733,1.792566838539223,82.83970023150158,3.1518064431293724,5.562366045661422,2,1,39.72683076504978,15.045045123241419,99.73196635417264,47.66901006785177,1,0,3
34.226242344096434,32.284413916695016,75.08311208155745,6.767098421960802,1.367723416045552,80.51244891449025,4.729679718455085,7.671501789984823,1,2,15.489021817722177,3.8346067348421498,96.65518410894828,74.58688529102112,0,1,2
20.456402531974344,59.74091225517382,79.2009536982479,10.433952378937462,0.9284048259778983,85.41794680193306,7.317434062979514,2.373289776509102,1,3,37.62035921998394,7.339260839409231,99.1418274984886,88.05577292328078,1,1,2
25.370018499715897,60.55201266633565,102.719975666284,8.381327869349514,0.995082826128034,83.0193220135672,15.873299620716024,6.354979869316744,1,3,15.618938954119578,17.769950970990898,40.91477894682131,67.75462611747633,1,1,3
41.90365229718036,54.27371234351713,97.44995087024785,7.577545485792882,0.3818125062929585,55.71473405711917,14.758478749577,7.483363526880746,0,1,8.163667149626438,18.714290920570665,83.76681870664167,30.726710131178233,0,1,2
29.218849207886173,65.1321674003773,73.61576985905414,8.252991732124322,0.30505009168054564,64.55394406878231,18.50903184557066,8.64992682424954,3,4,4.7682532273084455,18.434583099783435,56.376928610592174,77.38601904448588,1,0,3
35.02673215563081,36.08787080583329,65.87509201061866,8.986539381641379,1.4670823073308854,56.47633049501762,1.172591181972309,2.005045514711143,3,3,34.22252772702021,16.36610088401525,91.93707869614822,86.95077031125544,1,1,3
20.169596136048895,58.68635874437238,72.59991108220359,8.058693098502056,1.0172505610195661,92.14862010242817,0.23112562028371197,3.9670722513329437,1,2,1.2839056194031295,13.764717571957839,88.82400943744256,49.35805395271819,1,0,2
20.768670564260123,46.0521278672828,106.03782255273669,7.451434635550547,1.2163763690956015,87.34518276777617,13.982776594015982,5.874885542669188,1,2,38.575783533571254,18.273557880549273,65.42047455297725,33.79387602175872,1,1,2
16.226058487994365,66.31670817404324,89.07944189248776,8.391012172823881,1.2259071833392285,60.07635014591212,5.585749915883314,7.309512099230864,2,4,16.727648471421936,14.28363183665278,68.39564050618945,66.25663846752838,1,0,3
20.068051892164938,29.885648036120465,86.67401043723915,6.115037464499389,0.7354076733332775,67.06546202449468,6.681577910676351,7.570326659724285,1,4,9.894974043374285,19.078724974509875,55.90550013955233,32.95086542456674,1,1,3
23.35771017095876,59.961419178763336,89.81967998462308,10.634987076577882,1.0828118939516087,98.33074961321071,10.936040518290245,3.279332565749437,1,0,24.6978452886145,0.4957666407377692,57.328242173218115,59.121172074067104,0,1,1
20.310314528302406,32.96892487683266,78.30141328732576,7.025669361405515,1.073830387918479,79.70796789398257,2.04826246253597,1.1248895081546855,0,4,5.316519673447453,18.43284171789154,98.87046540162908,31.24724911292068,0,1,1
17.661076012711668,39.505014418052546,100.35535101597563,6.263427681783823,0.9297476371487498,90.05777986505785,12.853888330960995,7.244352802052088,1,2,2.8858229426542303,11.114810722787496,93.33117332021047,45.747670603555555,0,1,2
18.619076133018023,35.30968602265082,86.16431246501249,9.922192157430475,1.6861819209518734,63.229551738436456,6.502948924623004,9.182136586057947,4,2,33.111334076382676,2.235955036409165,51.51213832689849,57.21757163208369,1,0,3
28.823363040981775,32.7986445908172,65.83739513843977,10.643616772942034,1.0395370064532927,60.50264600896526,12.654302486019834,8.177653405930952,1,2,16.98683098501307,4.298225394745893,56.53148067189598,37.81941228216805,0,0,1
21.190011552173775,77.79976660924669,66.45325624145315,10.882974789557059,1.3063779178854786,89.19584644232742,16.680138261467718,6.6021949275635725,3,1,20.73019648418128,17.043185678298272,46.518879583735604,37.99091327920783,0,0,2
25.928095831442263,39.999529736262325,86.84295732513093,8.9610550959636,1.8171602106664455,84.29362276157201,3.4222266667485934,9.798133964964403,3,2,7.067840355002595,10.12233909693032,99.33224697878148,87.89432182279381,1,0,3
30.10251812564571,84.89866473051146,106.82851090354197,7.232209108139912,1.7659088400031142,84.04889646058818,18.617461858290405,4.898051002849198,1,1,2.4569697810776914,19.65635446990473,94.43259103183286,32.899670673017965,1,0,2
35.71184485888096,87.89485677416336,75.41760608380994,10.42336606349896,1.808238856613539,77.63172909145969,10.613762821248876,5.725447758892865,2,1,14.711045306073869,2.3506221900994206,73.12587921924384,78.2276374071552,0,1,2
16.179364195232967,59.988232895596816,103.47705844296092,10.198278462926023,0.7225087438137745,78.17891713882744,18.45855530347937,1.1105808756254403,0,2,20.245850095203576,8.250069278002583,81.57358623682754,87.01374345445461,0,0,1
38.98231196727128,30.010078586600848,98.20477932894397,7.477624404619039,0.31121935453911,86.78487526531269,4.154601644035562,9.513562265503408,1,0,30.617224875121117,6.637488861615202,84.87681637543926,39.15056478949472,0,0,2
33.83701168472723,46.218377036570686,72.39062214534535,11.420446535176758,0.7068668998168262,63.50012405605976,12.091253292084751,6.25011989439193,0,2,20.042080009418534,10.322708721298435,52.2286736476135,43.67595141594309,1,0,2
17.452770958466157,75.84125843437498,61.81703741581212,6.626228748496974,0.7377378548362401,67.63842329284779,8.077742346472094,4.517199855150579,3,4,31.300280707436116,12.66875637739437,96.07998023986946,74.90453111165206,0,1,3
41.20735872320331,45.717351008794935,65.09236325711913,11.896129437547954,1.841380571768694,93.58183852600276,15.484443823120264,1.4010790229866443,0,2,4.617311186972555,13.23258938763309,71.604562823297,52.095262892025325,0,0,1
42.626172015954396,26.09120528119521,96.42469669237201,11.161486865864788,1.3861747824664485,65.44326005060789,12.118178864265927,4.2617715789376405,2,1,2.558510881758065,0.025917598235560835,45.547092250025614,63.349614986443015,1,0,2
16.832338795645914,58.974943764973155,69.98348690203234,10.127391872874451,0.3929819293039003,77.31547856896495,9.89030913916637,1.032382915080883,1,1,6.354438565738065,1.7792086756313585,63.82495647002015,88.52018957958124,1,0,1
23.30632944441611,79.15845960472242,78.56354602526969,11.632499329678996,0.486912543019427,85.1319732003342,18.259708128620172,3.9190162419832455,0,3,30.880485075549142,0.7012766731190379,76.09879337059402,39.658821996900286,1,0,1
39.18603839379184,75.71484710004518,85.08495830032123,10.333867009942246,0.5224332196984569,99.99624134165882,7.542341283433604,9.563094316616722,2,1,30.373209233548057,17.291982927965545,61.16939148800219,73.37567653332943,0,1,3
37.447790711509754,32.258619809124724,96.27340842250814,7.142741982180276,1.3532380592956155,71.7645665747666,4.39960409796363,2.388406278073568,3,0,5.654712180425658,6.265845063193112,81.95226566510988,95.96784055965601,1,1,2
20.53563058069132,67.09352300887267,65.66156116295627,8.652936828676872,1.5369745446372554,71.40464383124718,12.162023737041833,5.908699981804891,2,1,1.2395463300271903,7.341268837527286,92.92299882447729,34.02266407810194,1,0,1
21.28047970010131,35.4352984404953,80.31832026387308,6.429018145989812,1.7543768434894433,92.12941897168338,12.480568743456274,2.6795558809442994,1,4,27.411277448486608,9.007424978933853,86.31352746292791,34.20047354893328,1,1,1
26.11416308374146,35.274527418652056,84.25364545713477,8.337944533728692,1.8961139639109255,90.27515556299316,8.781892431437509,8.050412172773541,2,4,34.2112713297191,16.986087945071514,78.55948120583824,68.83196608323459,1,1,3
29.53568955573064,81.18502413136295,87.04135319857699,10.449618118423253,0.6029829754262731,86.55379408672744,9.732200873787647,6.061580265147868,4,4,30.164307820407288,0.28332521924269827,70.7294488846999,97.20530572660304,1,0,3
33.54764314590888,37.476826691816115,100.91803206976084,8.318660105584904,0.7921018482670859,73.16148187045144,19.191068285998,2.8201241651705162,0,3,8.111959224603126,2.372365487597008,55.267809147274804,45.433154965675214,0,1,1
26.067409187093173,38.427314256260786,68.58390975216085,7.981765052808805,0.6705650413034536,66.19695600803578,14.653713827936025,8.796171684149678,2,2,23.350715889013426,13.703262442818007,67.296769899846,53.15543788013403,0,1,3
28.876041483994435,20.045737353290967,100.39157259133111,9.572134335061872,0.8778327430657411,80.43652412924243,2.21203502965154,8.056214045501381,0,3,30.294628825021647,19.27785045415194,57.577174428290625,36.905358218351154,0,1,3
37.4241281440127,80.94683238878623,94.64392138483261,11.23322717399337,1.8506639379915615,93.81116465658204,4.242601417412219,9.561711964829977,0,3,10.233148181881582,12.855728425940152,96.04140286538349,55.35730613057949,0,1,3
16.100496086717936,75.48163692463943,87.79354070994796,6.285499155276675,1.2564469921438826,94.18887291042932,19.511532688711178,1.0056537360337106,2,2,21.10883205477812,5.222469369350464,94.43866941919966,33.1032736014056,0,1,1
22.573108330320622,63.91302545634746,94.9763935201286,8.312822608198413,1.5418358203178735,55.42491725352192,14.529311075870625,5.114052524773713,1,1,12.578416158950812,10.397288575732347,49.34958299821477,57.23657984213202,1,1,2
36.40048757653658,72.51860347571895,80.60088694758282,6.949444450891576,1.1077086632218685,71.41751419065753,18.300902522893065,9.998571704481297,2,1,9.023016693080844,19.499609511628687,89.3572132716532,68.88414424594217,0,1,3
41.856205130615976,30.643399719714424,66.91987929840623,10.172125504391218,0.30050134833821796,73.23609780993748,6.077229279774441,8.30069125274629,1,2,38.7835730708341,10.561530931355819,82.17488180534441,98.25033786789828,1,1,3
30.35032326346998,52.08265162113028,93.28826201326837,6.6343473625868095,0.3623421004961751,98.88076837618766,14.837337201731845,8.481575186716846,1,5,36.503278415477055,7.470152594564048,98.51270323363627,87.2871585749365,0,0,2
30.96340455795947,44.58535711441466,86.23361533428111,9.988846551481467,1.1913653047188002,83.89990076212922,14.28005417047023,6.59019216453686,2,1,17.826709238059482,7.668511096774406,67.79839411601071,87.54457875427445,0,1,2
18.215160340193282,26.564356837991156,91.96874002713878,7.717085224787444,1.507880810935045,70.36232086310352,5.893799708787501,7.416096868749139,1,2,5.471122442559055,19.340670171834613,83.33046228486299,45.9701027200538,0,1,3
28.42237100470364,54.029133965044686,76.8999390514245,7.193500882423348,0.6268284231752801,51.30289429927965,11.016326509014107,8.247936329052472,2,1,29.116292132825947,14.378330534634117,71.07303520770259,36.10642915181916,1,1,3
30.978517993650694,84.45177552398448,105.3433288669918,11.618115346949912,1.513341754486532,78.2692580049598,12.548302225405905,1.8305258283271013,1,1,10.228045205128812,13.743457112440945,44.164029801541346,72.21522928729705,0,0,1
22.27411510904189,22.804138333548615,89.36849342877885,6.111147460475735,1.6686651035961468,54.803798781917806,9.622636216549301,7.233225252496568,1,3,6.74071223352378,4.641086433814936,42.80588498420606,66.47967365390372,1,0,2
23.07729692848143,40.402263944565576,64.27012421454369,8.626663631337413,0.9708205871336946,91.72249786738816,16.543574133160256,8.33867290029465,2,4,15.261160709527385,11.189692755271487,47.326686572787146,66.1552713604342,0,1,3
26.31852489313868,34.52786553439924,82.49019953522144,6.129761954770762,1.5562336574771836,87.6259330285181,16.65738083595979,1.3677920891658286,1,1,21.193992366669562,7.134903970446269,57.77146383114501,37.63055903404969,1,0,1
15.602135933331791,36.67026575659874,97.81780273718172,8.901558288625974,0.9570524130748048,73.02545799540894,17.012010966031134,3.673478624742227,1,1,3.8976131928165847,4.8040305170789965,55.546786348712516,64.5719425984328,0,0,1
24.66237496749535,83.59041863155628,99.70672808661362,9.00628426676651,1.437113601546285,71.46053897708498,16.068471381963256,3.9161045429455807,1,1,22.869858921941063,17.91104572028209,83.69960012235401,40.524901841969786,1,1,2
21.34344020989634,52.76483379640031,84.72985263818794,7.929974828368482,1.5869948363092004,94.86694827843843,9.761669543942892,8.691241557529471,2,3,0.6139349905048608,7.663116175252269,82.95536409532745,59.548021559828676,1,0,2
24.82492056533744,52.640958905787315,104.73737854156505,6.792970665150142,1.985871582039194,64.42291752090642,7.628765962980144,8.023162506371804,1,1,35.674762423723465,5.655743249427956,98.28367479096232,34.35138428513712,0,0,1
18.59286395457754,73.24029497186976,73.38342185971487,8.258325226406852,0.8544441586112932,62.45099810533854,16.627525674287412,6.9077932382395595,3,0,36.829667571154665,18.63440793216736,58.623449526543766,89.98248195859983,0,0,3
41.71581842219685,30.814454280344805,80.52993486191333,10.033577639595396,0.9693213660055701,96.9598716412881,9.804029171125336,8.242508627585817,2,2,29.32283094047406,3.946927929122508,96.30712502683558,30.922606041414248,0,0,1
32.80777360662146,54.108574787003555,104.92984552844851,10.694374851866755,0.5398351039677998,90.46229183767413,4.927427972559637,5.080867305919382,1,3,18.661976342967105,14.910095694330455,76.77103620926411,95.75261976117308,0,0,3
35.37306957433469,50.09896498847418,104.81283582357895,9.184503614328854,0.607127852203162,91.03127965335973,10.146870646444325,8.873925312718999,1,0,10.19585082253245,13.054942889285254,69.71852265940723,90.40242759102573,0,0,2
38.67513715822015,61.78374833826593,94.28563844123404,9.539006366638533,1.4634412545471611,59.759690713796275,2.8369964383848423,3.10794258792766,0,4,29.76448362845586,18.40968856744571,80.07048266879295,82.6825650798512,1,0,3
29.95326596787172,89.9690392275307,102.949027356111,7.203698226747916,1.854829782770333,57.16479957154672,13.832589811975977,7.3411919334986715,0,1,37.27188807808255,16.640942751345563,82.16532709513521,98.77854076000072,0,1,2
17.60760864262271,73.8614225857433,64.43866334781163,7.723981999365897,0.9405586654071709,51.30147749085675,6.718425632478127,3.1757606629637922,1,2,6.341348195897583,14.105904358792829,50.31574173155448,33.76739979893082,0,0,1
31.113196254556435,47.8505992112199,103.24974881038881,6.971373660314151,0.5647277819621972,61.852075445934005,5.213175968949086,1.3587577606974,1,0,18.63287957190792,6.291433213941913,85.10293021211544,74.91179742366427,0,0,1
32.60523354062637,77.92871365918329,76.03099532751133,7.4957721000276685,0.7489241239202395,88.70952458571624,19.1301749246949,3.557361158378036,4,4,12.610465441437126,9.911380225410984,83.5103658680186,89.45114633302012,0,0,2
37.3631842255299,31.949585431873615,68.91657562141081,7.34932068135319,1.0463404834142427,62.00192093820749,15.537619915166152,5.4361614564156575,1,3,14.269671561836397,18.889915226943597,99.85193703692673,38.86319675715386,1,1,3
27.94978638689038,22.13245804162721,71.96849181710232,9.116692718347426,0.7586380763893947,86.4551641797438,15.741390054478632,8.59092413564055,1,2,16.2303112529173,0.46405261162987044,94.71686684034853,70.9342485066569,1,1,2
18.82740908386691,34.31138607249911,80.89842540069435,9.376132534744377,0.6587633954632659,62.595413268371075,12.474439385583668,5.579708403991214,3,2,38.07185377485354,15.88663647640078,81.07961390105748,57.57453360862702,1,1,3
23.513277173961733,43.828808927998175,72.55960023022337,11.669684524929027,1.5379728553248893,69.76462489753358,16.78345621020594,2.612355423157829,1,0,10.345486714723746,5.036207009077587,82.74182278579917,60.50789793429654,1,0,1
25.892468891959055,55.74065302216919,76.02837930082495,7.173423882609138,0.26372861217109056,99.15811449557043,15.183249623267624,9.934893738997506,1,0,19.707033563740268,3.700338865875834,96.75913803007512,93.87668597696583,1,1,2
34.377517239948034,63.05903983788399,66.7489243035821,9.850054260968975,1.1936534228388456,62.24058656420678,11.975474082672331,3.4306576118256182,2,4,38.059498866471614,4.644492288446392,98.0306963790505,67.70560151923127,1,0,2
32.12334914006736,83.74240020500952,74.80883827794993,10.903555613925137,1.6390919123020693,68.81853136491338,19.222488037034346,9.867652525885475,3,1,19.042275608732695,1.195019829936943,89.61791183290765,36.52834313924269,1,1,2
25.68290177693539,55.68978066853204,88.61419072710007,9.361448782698314,0.7158995010555693,65.05435902326069,3.8318989936884607,9.427012133574015,1,4,34.543980876858136,19.839596485723355,86.04361273042966,95.60513216911002,1,0,3
44.59545746378939,55.08929512380106,82.0926854045532,7.530021915006454,1.3057601435710304,55.48124931650011,18.86759437989502,5.881973577765789,0,2,2.3505909730112373,17.397382864502898,46.68194940189346,42.964781939402684,0,0,1
33.173244580706616,23.51701068760875,77.33593806179556,7.575301380120001,1.4205751848325812,74.49470710654126,8.028763239977298,1.8276677437754174,2,0,38.12121673852944,10.421119372644547,89.81933148883815,92.48457715304448,0,0,1
22.116803752079832,22.443808685935668,97.3226064428557,6.235518318425999,1.3962932187089074,68.93453316665011,10.567979668029732,7.258733303090275,1,0,7.501245881042036,14.302063571141838,55.19174070734743,97.9644504759752,0,1,2
18.053474178612113,58.58119733414605,104.6754985696659,7.83266535929089,1.030236859847756,84.74435429036402,2.454786390886179,8.611458953939328,1,2,39.19740138925137,11.131907258470154,73.82705776115277,91.44862242124869,1,1,3
19.585774175529963,50.672502927384116,97.83946114511986,10.46762207402028,0.8565114787826136,90.8797273475773,10.802148778435818,5.007709897115582,0,1,7.023074610341937,16.231578889016646,64.32234822627012,77.39936444662443,1,1,3
22.378731851535242,78.7426276486209,76.60003510588396,6.285106543242662,1.7128671277986736,77.21248572478193,12.224135037163869,3.1513641341130194,1,2,17.77463791179897,16.895303831140225,60.73643803823446,82.04862738761632,0,1,1
19.82044119778667,31.247570929829163,97.22210839187768,7.3157716950289835,1.5772804247497625,51.609821104366844,19.95403083617048,8.22541748241391,1,1,12.34457966290178,4.655808563064026,58.615000088023606,78.99070706353285,0,1,1
20.59701072153917,21.74801634819347,67.59900912370256,10.23739499119069,0.8121965534743469,80.94611781173609,19.50384822143053,5.905700431083359,0,3,17.329256843801765,9.194955413004916,91.32562483944938,62.23670714985439,0,0,1
23.55285506081541,51.43271375510881,66.51589940456455,10.695909376937259,0.43028359027386065,52.76953650104696,19.327945837485746,2.778670043339301,1,1,10.02098959702102,12.69695468379142,86.14816724031066,49.2093803121631,1,0,1
20.201207858842643,36.62349897265803,77.28135185180795,8.73191046037157,0.3756632045295711,80.81781617995125,6.967761202041148,9.545847768707295,0,2,38.612696497105674,19.5688166121655,71.40692514452209,49.950191096572084,1,1,3
41.90296273879275,23.47300613371862,100.38511845220285,10.188446030871894,0.41498296132313806,84.25149746345943,19.825329974900868,9.532884040166607,1,2,12.228999362923666,13.653787581923293,79.86882963186741,81.18175029002963,1,0,3
17.407012369849266,70.72188007933403,72.31741236211509,8.327713011929351,1.2700213820860748,59.88838138087592,9.109563031902217,4.303447061001263,1,2,26.130996482568918,17.952700214883144,99.07167702064054,73.82255138243852,1,1,3
30.735341687107642,27.811509997007324,63.16267044493398,6.959479470144765,0.34040880770073195,90.96730743608856,17.03672517523801,1.576027982275661,2,1,5.49789958395154,16.922241019741755,63.852108146676585,70.94188237784027,1,0,1
27.311904809689846,62.582365000544016,66.58547676031776,8.388896961137439,0.8396220311870672,95.55425657870242,4.32639938037944,6.677096810947383,0,1,32.97549939399535,11.641261273571281,73.0660363605745,75.68261865470782,0,0,1
44.47135850725819,39.67348251168224,102.93724842647902,9.479806921218858,1.5680994783499014,90.65434820569098,10.116663593132047,3.8550406112511815,1,3,21.700317740380534,17.87310720123778,72.01142275446912,84.23503648016222,1,1,3
18.36116706504157,32.14472352485154,91.68916423736438,11.688319691117343,0.7651092914019116,65.25545951060411,19.320241922552107,1.5971973490004427,0,2,39.17784498125263,7.548434556504688,96.1583425091041,82.38386402518735,1,0,1
26.935667971372247,46.58260660435222,72.66005816849884,6.412505712532064,1.5857891350652271,79.33215062228172,18.940627938468552,9.026257730217095,0,2,16.936088673337405,7.585670608966229,61.09374505665155,37.377748405468125,1,1,1
44.08411299826106,76.10120433560675,87.76479126640906,9.044364563069763,1.5545673168623468,95.7407574595614,13.674697556428534,9.983046831402529,1,3,7.817914999066415,15.619312864853379,99.17528501306472,55.41245347947001,1,0,3
40.96521377681941,47.44655038332009,86.37898112126751,7.9735186692643465,0.6801974821081286,66.0332363111425,15.956286451061196,4.153649623392536,0,1,13.840759977639344,2.6908733127002193,58.28185681439109,48.477699574885996,0,0,1
39.512162128478394,72.5538754447739,92.77179892203307,9.049870165660167,1.5254388151623046,91.00139111327125,3.528533932048028,7.702716370457759,2,3,29.47862424373977,6.116504349168379,46.53442211944193,67.67670635569016,1,0,3
22.737084811348197,28.784040775940547,71.65937772108082,6.1438526842591905,1.5586091169761762,50.47375656308483,14.433170989683148,1.5919371305213814,3,1,26.36426083983504,12.171449017466847,51.48241271452336,34.29912576601052,0,0,1
20.126627621701974,74.09399937655553,103.22014935971988,7.8781521282094875,0.945544369917297,50.182335139233814,12.361016166707445,4.327348956036676,2,1,31.133896304709005,8.401311977338972,65.57328051185308,83.3724833244755,0,1,2
35.05929659773293,36.5853327434654,75.46842810400064,10.91920888516203,0.618235846547657,87.98558301694837,1.8310347150249218,1.978765894446767,1,2,2.9388116881683635,18.81447419776457,78.98535698999484,37.45691336339067,0,1,3
42.88127967382758,67.4175190922211,94.70658269881184,9.323650403127825,1.162223912060771,88.07237910635607,2.263180131793525,1.498149434471649,2,1,23.21475101379146,19.170121392382732,71.00951320144117,48.99814181374325,1,0,3
31.702886790417892,59.60470883886975,60.806232318610746,8.703494956896705,1.8624457790003435,89.44885939261468,2.1688723550252376,6.299119364585462,0,3,37.28674708145219,10.051626176275782,62.57669059446667,84.79190536547333,0,1,2
32.14838068409699,85.04013020481811,78.63285649470737,7.713150430292037,1.3693292817561085,96.50134189440811,14.487138696596713,8.21827888770909,0,1,4.316076779263094,10.781237807313627,73.72199594240655,33.60919880430959,0,1,1
23.399372809808526,47.112576258271986,77.58549089794042,7.788255136748136,0.5526143708477071,55.89531559101421,2.834304164951449,5.0767322602754845,2,2,3.7734103565191557,14.492541836475423,90.3283765788801,76.21407479891941,1,1,3
38.084787995758106,24.631563218410832,87.17422142915072,8.298608601543506,1.44482461828366,61.59924924918442,9.354645422289408,5.717611993968656,0,1,28.664174580780557,9.14529850468347,90.33586165830877,94.71347902560704,0,0,1
20.6113124567257,21.340883988587702,63.636813088859824,11.013424259787362,0.9976052977432105,95.18624601869038,7.139636117555154,3.4365701532268864,1,1,12.607298233768077,3.801969358809536,83.57367329093384,73.23464720314516,1,1,2
24.71037709212731,77.88009926809272,99.50656868630541,11.80327924084961,1.2851753953719027,58.86180988861767,11.010082815404356,7.627485527864333,0,3,26.343168414436278,14.939383372458614,97.14690749460055,79.88602411809876,0,1,3
27.763093158492502,56.731494636300255,70.88904008837842,8.631932288102247,1.5346120612904388,84.1114633788292,14.129529744388057,4.249659404276652,0,4,21.815380522014397,14.755717787059965,75.41228004627028,85.45868107657827,0,1,2
30.228311360533652,74.26708362844644,93.8518907441005,8.36011703248657,1.1511578651502785,76.52315000204077,13.694450744426641,1.6074911829369483,0,2,39.44266633359622,4.8996220678355895,40.45945825924534,45.557242553030605,1,1,1
22.272291972452408,36.40979200080603,100.16060616220466,11.079304654919177,1.67447195550329,54.15968384257536,10.310398318287533,2.4895693992309957,3,3,35.56225667819496,16.65833039562015,57.455777968729464,70.66747426087943,1,0,3
18.445104742176106,44.15586218592636,88.09384781207565,8.561431923817821,1.5137722638040987,64.26318309707665,9.28669747220771,2.156217447209656,2,3,27.122911262468467,12.272983928403216,59.693362269406045,51.63397012211324,1,0,2
33.31860127324897,22.107271054792324,97.04416033609928,9.312109033773908,1.3263783450323936,76.0186108220484,7.956311902445174,4.922900104596572,0,2,10.46698504412602,4.726032206307309,72.83956463820206,47.46467654577137,1,1,2
23.65891659720767,87.30446272018786,93.09301561075029,7.385649987592466,0.5138874277066151,92.6175058341917,17.238198966087587,1.5869140712501282,2,2,10.476326486018781,13.040782883374085,94.29336828324892,43.47194905598881,0,1,1
32.43714664267837,66.75075346905695,77.77648985760038,10.46101521467445,1.7129109440952446,85.37692448073369,6.6170360974529,8.258358902203321,0,3,35.28975202275784,4.6721905258112155,90.28689781258565,70.98014307118976,0,1,2
19.63088145822607,85.32435614315143,100.44292695167826,9.19192990962469,1.8878347743096782,81.09415807274665,5.1873164233498965,9.172046710193511,3,2,23.413642611015717,5.304659081600356,53.93037911849847,85.61723485876635,0,0,3
29.434203055644524,38.58474852003506,74.7350684942764,10.854207301442049,0.48968896666626593,74.80164449707074,14.866309873105426,3.235547612820851,1,1,31.57127128208409,16.960186136063122,71.16341415664415,91.3122344931912,1,1,3
30.977682976547577,62.80245278579626,88.56064588757586,10.684396380172018,1.1044219765085035,64.93419919070672,7.195269233934529,5.369587811037577,3,6,17.994568261473205,18.589831384796376,79.5489181257377,60.00101622993016,1,1,3
16.554706104672807,67.49499778048465,97.26988695707698,7.290028609620172,0.7030552984483829,55.96224556596306,16.93997199514537,5.671567579569121,3,2,4.122945466061063,5.137653167164222,99.25069243786885,56.10293001385572,1,0,2
25.098128345817617,42.228479018031194,78.94779549062538,10.293813303346575,1.570415787994738,70.45380172830477,6.5577743727428945,9.865010948121517,2,2,13.307458329585042,18.561020741703715,41.87816916161848,78.11148314704137,0,0,3
19.032440308169228,79.3676464510941,75.13838038087125,10.800326447708228,1.512851863008225,51.42592469556463,14.038896491491764,1.5905762054791936,1,1,6.4459677715345265,4.7759769300470705,67.83263900621918,84.62514692966454,0,1,1
16.90124911418303,86.30130240301735,82.96730050864113,8.076643444694371,0.49654896099819773,60.55279446334253,0.9021801257067219,7.010941309686058,2,0,31.273312657020092,2.345347310851713,99.2865192404632,47.73235356706776,1,0,2
44.69880697169836,81.9398582387203,100.89817471745768,7.035654677413647,1.784797724707865,71.62416879363299,7.7112576022064,4.111884848915641,1,2,28.020479586283606,1.1644775614252234,98.6323478216857,50.81036189477257,0,0,1
24.67061534924169,71.73468831575607,106.49608815728324,6.015792933477529,0.566702861961504,70.93025928359575,6.86460349935103,5.516255909013894,3,2,3.5365168955216264,4.842264816652666,59.84359105585775,67.33753234056653,1,0,3
39.29623337563905,39.42252758074678,87.25417064299451,8.705421918558889,1.6452032948841881,52.21477154984962,16.33357478551847,2.953311136258335,0,2,24.85541595047508,7.704930813544706,40.00100417547608,61.10699814879606,1,0,1
22.639219642912916,39.713122947394226,93.0733102661826,8.11459638923305,1.0497156293490084,79.45300767626456,19.3411080645662,2.442180521585995,0,2,34.96542027979182,18.550967602186095,75.20407509714005,79.40514131418055,1,0,1
35.44508166671788,87.43522243122266,105.1636811119457,9.329459002952454,0.8244765137267647,77.48421279266181,9.217625533859229,3.192087688231287,1,1,27.894571815998663,4.843159994120574,92.01633104757343,65.31394936914222,0,0,1
37.80683579669059,20.71991471549844,64.92734257064711,7.128246555532715,0.5269187096798736,53.90521520104564,16.49672554307516,1.6413576783229833,0,7,20.444476519376856,7.309306899017867,59.45783345067335,37.81193740058079,0,0,1
32.86916221823533,70.12349812695011,71.60392889330825,11.15799328599885,0.5433249482566014,97.15815262302196,13.993894019147302,3.502812674634896,1,4,12.474531397555491,14.683117494871441,96.0561978900262,41.61672363516732,0,0,2
29.14728565650475,69.43723137886835,95.44500031257913,7.546531293768658,1.4083084707265756,54.96913894754301,19.347719753273864,7.213158297836899,1,3,35.483869983435824,6.041481759745631,59.962146226675785,93.13361906744478,1,1,2
27.355227424418054,63.58826786648582,101.18722309561498,7.3585776305259,1.2132531789074608,92.7417075618668,16.222170286856496,6.8633374171999275,3,4,16.912195285640795,13.68736303359161,76.61207919835414,45.91788553809502,0,1,3
25.46604799628986,89.3076192260806,102.8514514165289,8.884284338906136,0.4636494878896572,50.015486595750296,1.5495613192746105,5.9904658503310255,3,2,34.215743209351416,8.641556384970048,83.3227643908981,33.50602639925302,0,0,3
42.88587432743478,41.831560503460764,80.75535884274663,8.993106142465646,0.44722125576706906,94.11405475226915,14.265634447644723,1.0034867167340007,2,2,31.319993528727885,3.9288990531834456,60.7249458697217,81.20181908010576,1,1,1
39.918582233631874,43.798030465527376,64.46699511459335,7.290511372710557,0.37654350585238505,50.985986610215626,10.709994308447472,2.1320379982361004,4,0,32.64907861123439,14.68117801938272,61.132384721156804,77.88078006912485,0,1,2
43.95080731999538,25.52575820625889,81.889073864981,7.631164360355495,1.5515928579037022,87.8906015946058,0.3287211586465433,8.585824857837977,1,5,39.59190080646585,0.5407766671336822,68.19968978102645,72.00532130583738,0,1,2
18.72891670456634,50.99586955806162,71.53672951035269,7.01823143493147,1.495793649151256,68.08454056501265,5.026259174508874,3.445645327881153,0,1,29.95034063491858,5.846696501459578,90.11340568627449,65.15793081253324,1,0,1
36.92602425610933,38.27339683643937,74.55982274983121,10.310761069939002,0.3522542339955065,86.91084000681599,18.43510490053786,9.209789997212107,1,3,1.3616374287459365,7.123630783367574,46.05104605373371,97.87062478327736,0,1,2
43.150213704631135,44.037069152435095,98.61337784187529,10.620534187524491,1.2304726322947026,70.08726027124892,18.52122745573506,8.870915033004847,2,3,8.217357399229797,9.16436509975272,77.8887631239275,38.38826071429173,0,1,3
20.436991984969804,78.42002531789393,63.77635430129435,8.773970984755696,0.39818327167470735,53.54539611659209,15.977009204012688,2.3943433072075786,0,1,1.4078060130065806,13.597384639522787,80.64087575855561,65.7113947804705,1,1,1
16.994888021003327,85.4839159469247,101.3790608740351,10.284522136110105,1.831555098565648,88.3753347697682,19.635592065559788,9.083368380278113,0,0,7.596542797667625,9.188099883720737,73.4723655993482,69.48314604290306,0,1,1
37.23361947870177,33.001315040363,81.38345429120845,10.415612351624674,1.8374554835652317,53.56263426606825,16.1309044924841,6.65051347506269,1,1,2.4575804274445323,11.886482245724325,96.15030324253736,31.574504286658755,0,0,1
32.234193395397355,46.07562520874261,89.80319655502976,6.829653166066851,1.4719077321729777,96.10602179806091,0.20408374570490384,6.672581248012543,3,0,20.06468164745012,11.915581568356346,76.11944301607281,58.8394697363037,1,1,3
40.25486330274816,85.00413934807759,64.48261156178395,11.79706814900722,1.8708306125190375,52.54870178958307,5.756686806030236,8.67411879016236,0,2,1.1282485253231123,7.4654329979201535,78.07460506462225,84.79614877720488,0,1,3
19.193171298788684,24.326592248245582,76.86795391786399,10.926191682578587,1.6700428032239585,73.96626388857578,0.6124836447552573,4.645501880927409,1,0,18.90316398461038,18.67942531509397,75.9856016748904,62.97691286700527,0,1,2
38.858019355796706,26.465236967796496,64.48504595074229,7.226900767174941,1.6999425078723365,86.15172154253978,1.8821593747511889,7.617369667778013,1,0,35.95363628480048,19.117076617528856,83.32112649569002,91.26949148536417,0,0,2
21.048819601432335,31.395369244436054,108.07718614405547,7.116990214476422,1.2469887384973832,69.66232323960189,4.376816339015521,7.009879207182527,0,3,29.94304050299238,11.637017681889317,48.12456493923367,75.13592523226214,0,1,3
19.909678285971136,61.664898388881234,100.36308246631252,6.753966873477497,0.7856035968783078,60.861673729621735,10.07117092651045,7.9436320112793375,0,2,37.75823694607024,1.4338176059086383,93.65657941145841,83.62597548349119,0,0,1
19.92797393792979,30.533058970419823,82.98163771782302,6.8302713752515105,0.6311484514537378,87.95454806980135,16.950640069240354,6.941700543164831,1,2,9.065870950260816,9.822551285118715,42.5495393751432,86.3136094634652,0,0,1
39.43724160694146,87.76534670155135,71.18012741618355,10.488970794172177,0.822600038568126,89.21473523943632,17.239335123142162,1.720493205910404,0,2,21.24343265621175,3.6883865358801438,78.44463760323893,78.26501676080933,1,0,1
34.955916620886,51.27001690809642,106.67275526249261,8.81792554170974,1.3498670026558586,96.13474919771836,12.32403717114593,3.6343990207934134,2,3,12.743178126633552,9.664290437458074,76.92885593218648,82.45664620184458,1,1,3
30.69196274307358,55.106257224511644,77.22982978634859,10.697605036439203,0.5521489377066982,68.80825552155389,18.5635187813247,9.459287857204492,1,1,19.752791827681364,3.769663089970836,52.4872676455992,78.67173778748733,0,0,2
25.764914523705073,37.26610310637845,68.04922158436874,10.477529366101233,0.7026204141153128,75.31258672486635,10.001246531804162,3.0108266979051153,2,2,22.28303318337154,14.077104912977687,42.44265842104819,68.53246239175363,0,0,2
41.31601622439325,52.967217670431346,88.15821942269774,9.62767628103133,1.069106509892063,68.1564221423036,17.78072088266403,5.25034360902349,2,0,1.4474452190346065,1.6085824013268502,48.33012382288655,69.65730759168031,0,0,1
26.773353222679063,66.33395428459082,107.1887060172408,10.118199639472078,0.6578376724180772,62.85409109256841,9.081305126640242,4.2123517817926555,2,0,9.330245408599325,19.06608152791848,56.30032329707329,43.29193478457609,1,1,3
39.497983184147316,72.582399586783,60.19151452501613,6.110134346274851,1.2801264220031079,87.55164807688043,5.5445001484376455,1.7766885099471572,1,5,28.190911169759897,3.9075177886670542,92.92634143354263,87.92074633653398,0,1,1
28.17404725710655,72.77076578969391,71.90624216269994,7.870665880830131,1.8655580497985773,66.98259225084777,18.328258362008555,2.6306982008901247,2,2,30.917120981611987,13.21312672098491,91.34406425079942,51.84961196403292,1,0,1
26.308332882747226,60.452377888586184,106.92238202052039,9.826933075556461,1.5591563899804712,71.4074720996176,7.758701513577386,3.580004091321744,3,1,22.77805469950013,18.339247014589787,43.8313344559631,67.50158177257319,0,1,3
28.880393570088195,83.30518424957,68.5542983428581,6.056069720917465,1.416246574760598,70.18368288120139,10.068082176889233,5.169866371170872,1,1,10.833161117947068,4.95772627968125,57.35608048184109,47.46818905597612,1,1,1
24.04133622492426,77.21854931142767,65.66217258199099,6.19786166209556,1.2697625829716128,85.6330612823373,6.577212650613545,8.870715870770205,1,0,16.2033646689096,18.6859379807426,93.35897459494322,78.71054853743593,0,1,3
37.428281405287535,72.99336802890377,88.50936078999023,11.111327894822299,1.1039088411998637,95.88978130553399,13.256752005814596,5.640546539582898,2,2,3.841472475255383,7.773493313205453,54.199541706677216,98.2618266528755,1,0,3
30.081611702774374,23.892386517632243,103.0921911647415,10.10414917015243,0.5764867543606544,83.33780306536886,19.90062450012071,6.867144647045841,0,1,38.12718467170367,19.2106163450518,99.7579182292532,86.13581642531852,0,1,3
21.96638085440452,20.48145735537545,83.85549088469631,7.592218398722064,1.8157432969970146,73.57912980471163,0.5102709772953928,4.833596365272464,1,1,34.747098848411525,19.427277162690512,55.41041174723839,73.33668373212969,1,1,3
41.987237198237054,34.87130940368311,109.72821283422624,10.127777040712253,0.6849380035224636,88.96025573694416,17.996960120142028,8.830561167566316,2,4,2.6240938762985344,3.7615981013847954,84.34679540025998,69.72545736194706,0,0,3
26.516736641196342,66.44665157394166,93.95858497689964,10.75474001483558,0.4097905357617813,82.04856620610687,0.07852113978530806,6.963593086810842,2,2,6.659626626333219,16.621746738621088,65.02355041428362,64.28398801470503,0,0,3
31.306585833419657,48.783824221778204,63.70374536052239,7.840765698660608,1.5625265636502166,53.03051785589067,7.284557622924222,1.815672278254476,1,1,23.24377764755014,3.8684202566710058,48.17467312267148,44.34800022345202,0,1,1
42.19416332893641,48.16843815095182,109.64160658409877,6.216224264995125,0.5573271850795412,54.78317932094208,3.372136125790286,5.297510865393391,0,1,9.297202965168637,4.528812406621632,55.30927679972823,54.36070362909719,0,1,1
33.72713987741976,81.92108217607296,80.39471183900952,11.596674748126407,0.9008179991970581,51.89584720368167,15.146835613451026,8.445107840592275,0,1,37.37602792056513,1.6825300804679655,80.50708453728708,58.44758519199104,1,0,1
18.506941221250923,82.68939936922871,74.37012669227413,8.071079029773783,0.2994986245092145,72.840816310316,1.0122168151434696,7.602898173989695,1,3,30.223623234842982,3.130738929963559,60.223384122187,96.11983523887072,0,1,3
43.19496370840425,83.642268483751,87.89395917889428,6.638890579708239,0.48986889944578416,91.29267171694823,11.069699071686559,9.147800330019113,2,3,10.931660516443312,12.644379364942157,76.24769323602871,59.790799782520864,1,0,3
33.83124159214253,41.97146535605191,75.21537959104322,8.951141228358885,0.5531063538298462,65.6541584675676,5.898522676906253,3.0490105507253964,0,0,0.24405644761904544,8.98505460103573,52.33186256613757,71.03332483571481,1,0,1
25.047168439712586,68.37390689174832,64.32287535600761,10.610806773984802,0.34521772356281144,69.20800915462408,2.6734049772940427,9.794549477772097,0,2,31.977895648118988,15.818884743376703,66.91485833096804,94.56971784282312,1,1,3
19.17816217990162,39.014322689205876,60.07141715395883,7.329883887705355,1.3991496740899791,95.47385541839454,15.436364242052816,3.5656990108287907,0,2,16.963588384042623,6.639936296532443,70.73474681705353,66.28984854679402,0,0,1
38.82075567810888,33.34268831521148,82.47916764601311,7.61694030080018,1.7147636426554551,91.84517226583274,4.348336685105134,1.4516188983257852,1,1,25.69510847431108,19.372491346021178,64.76707379885946,47.60148459048241,0,1,1
33.60218267785541,32.92427201431585,101.84317111132961,7.456289920791499,0.9033019611403967,83.252405619128,4.473504241098778,5.461053644768389,1,1,11.478993016851899,0.9974508163874929,51.87508188103563,56.67042746186543,1,1,2
31.003832759289647,43.94753346045158,88.61575928150383,11.950038316990069,1.7805088342568514,63.34018910461256,5.50153570275846,1.9930486462880932,1,0,5.714930374326839,1.2587190880488297,67.69321147640426,56.2877440316948,0,0,1
41.816777491528725,50.09703338458752,109.96036494717204,7.184422402383255,0.6233565054802214,55.852074134422175,11.735335276560548,7.131798469087053,2,0,27.012463671429828,14.02749797636272,81.57403363234182,80.03022952915082,1,1,3
38.65791633673592,78.16644197385479,74.34233228236,9.453121301796743,0.8194332412321691,50.802941134005685,13.193318633814965,9.10500643674212,0,2,18.012983525866364,17.750777699457196,97.89433976955166,50.72845113220181,1,1,3
19.550246391982533,28.392376543089846,74.02275323800276,11.551587849941786,0.5137897378045446,55.350533630221044,0.35205047402689926,9.292089446366674,1,3,9.406788042799237,15.910003832682989,87.37129722867698,81.12020044322759,1,0,3
24.351662033866447,71.4448093176426,67.9874730116972,6.881379413266675,1.3359785919832476,64.62982218119714,4.837392722275807,6.463335184178152,3,1,5.505119982648128,9.796341757338274,49.688228891142785,92.2469898320708,1,1,3
22.45467419443397,57.20184399325137,68.20317941326675,11.8251251872062,0.984771784023037,77.58950317897478,8.619416850105656,5.817383837693069,0,2,23.219183777665336,5.392827226100401,56.36211098821241,53.52511081995983,1,0,2
37.31838877718031,40.15617398731948,74.25932980050239,11.684863406373747,1.3232458569733228,53.200004137619345,6.639539043224662,9.945922808847486,1,2,29.021997608302975,0.26903058609429875,44.729433727201,39.47387701720383,0,0,2
16.005973042073382,54.49737091729772,99.64200226367636,11.307431922349576,1.5829310844398212,56.81138891592245,17.683413170217722,6.214831470873013,3,2,11.35547848492461,10.189029078395514,48.138971455604675,74.69880456780498,1,1,3
32.0966905461395,40.995944884391584,105.28783953182239,7.2873391279800135,1.20498027805766,59.054035115397056,15.754174617728376,9.347124914310042,2,1,29.405701413884955,9.512723946185531,55.04097789210685,55.2598127266796,0,1,3
37.87376057222072,61.725736866681416,108.75435848538407,9.804330336065899,1.3483531210781288,81.59910464916531,12.517804310776551,9.249355454896591,3,3,7.3248879493108765,6.884917989404798,51.9716419778932,67.37903170012046,1,1,3
41.30296910285249,50.36907459986709,71.61448270482263,10.565348837767441,1.8866880501900827,80.78948994900622,6.760848319940795,3.605624162659063,2,0,13.536627643804371,11.5614557594497,52.8189550459982,74.39159422877276,0,1,1
25.262452461477224,31.508387035521512,104.0648772807046,11.916167569178578,0.7733625418154755,77.53828631860765,14.013446896923195,1.1237596801977516,1,3,29.79529147199822,14.576293947625466,53.84621358635728,58.542006084263804,1,0,2
39.637719140160385,28.16081521889877,76.41275446386686,7.082542932488223,0.8785368926094179,62.52507123479698,16.87276025691589,4.952515670183638,1,2,26.40574078588317,14.017764724564849,58.04072174701668,94.72861162530523,0,1,2
18.318952108656216,58.26869774504911,65.64202722584422,10.59615539711578,1.5059808829913397,68.5559845609366,11.896607547179734,8.752331225002697,1,1,10.820945076156502,5.26505683568431,47.53516411760552,57.973025791933054,0,1,2
40.39356875203555,83.16891233002724,103.50124627600829,8.032807019562679,1.3197846548469268,54.83448581688715,15.689229337867584,8.525207953759384,1,1,4.885400061877325,11.706073772291862,56.6700990290977,51.51620290680202,0,1,2
18.824659869959472,44.07703805903799,91.80528173218093,7.053758793408014,0.5624325829445009,61.323030187902745,14.982099227994956,6.433022687798387,1,2,1.6989369978896773,2.975489571679968,81.30470963692339,91.99726547692212,1,0,2
26.918618716811018,71.31000750558363,68.23654480405308,8.52826164728313,0.9082577925183578,94.88526132362902,11.434746223206444,2.409925690200561,0,1,33.516607196771425,2.432036877767092,54.18405998952747,39.54112063980668,1,0,1
38.91886097338661,66.10629484578368,81.49156287565013,10.763015472891698,1.0687165229682511,98.98458732179142,6.24366433643022,1.9682894253689498,1,2,3.005677982714401,15.717116725182358,50.310305659161244,38.6946250149913,1,0,2
19.497522820463214,85.20884400166366,74.36288474385339,8.789098822224313,0.9839322164446813,82.38297928201473,14.915643160025436,9.592137854007516,0,3,4.593806088255512,13.874918041910718,44.06173973106765,95.49887453239381,0,1,3
21.877541856979246,77.46867121093986,96.83972843550984,9.22513860121829,0.5619809145635714,95.84116460117102,4.135927327152129,4.792579137867315,0,1,9.508425211013346,15.358578012632574,69.99828917182231,44.62778898766143,0,0,2
36.66757705179199,59.66236812338241,82.6708115312134,11.970956461200728,1.867752660622459,82.13709502007126,15.589766929430676,6.833449150603683,1,2,17.826788169593915,3.0492454840844174,90.51896367233658,40.39061825372484,0,0,1
36.601096096382236,65.99213487638751,109.46399725531924,8.394655797344555,1.5840578329644577,51.659824305273496,16.09093384285066,9.152779734598283,0,3,31.59148320945984,18.2923717874092,43.5409986558245,67.46178128136839,1,1,3
34.23442898655892,82.88705266088243,62.737249112979754,9.69240452825544,1.0923727061887414,99.83812924932045,16.442897591407462,8.829038586885325,1,3,9.899213037644241,2.662232264447175,72.53956163428896,33.275192634720824,1,1,2
35.818453334013,47.966314921085434,77.75076330681233,8.19146520969223,1.440106799536964,54.94761508432674,9.458319419569152,6.102128639176029,4,4,21.740329934390076,17.400739363954575,79.03713492534989,73.4010500509292,1,0,3
31.281733300427884,42.87562941004441,84.09500835549886,8.35671387797223,1.8202446762371631,84.13209007225304,3.8496153554084334,5.391146625154931,1,1,3.6149008820017237,7.047585826118626,75.54769940673063,61.70515588373453,1,0,1
22.553971767208584,20.756775854463744,85.15667773741599,10.173844520672448,0.4883047491327496,62.6418101537395,1.9944720013213746,7.617332918022305,0,2,18.58044020546099,2.108681860682786,92.65739221395107,74.82883750903135,1,1,3
25.370879805117582,77.85857519340249,75.79679111928183,11.627321856569301,0.6881528387372109,69.599055645348,14.867225009758485,4.1468112317809975,0,3,7.1055597350923305,5.735379211310518,91.9837348125138,49.87558324729253,1,1,2
20.44793150404277,76.06864902823554,96.46201245487839,9.254153702953928,1.199727182699129,82.29670924004691,17.725227690596263,6.62851567112888,0,1,8.447662355622603,3.6289602842776603,43.438455551707555,93.38305500442591,1,0,1
42.25351684000885,27.3118162670106,103.73735367444874,10.610399573692678,1.6482681498666276,71.82436746538535,13.016767176738133,1.2083719024867723,1,0,14.673137364357176,9.813394373834283,61.65663815342121,48.940649890774196,1,0,1
32.50175384298362,60.380016679289014,106.93596509889315,6.535239352901783,0.3134460670226729,62.52730294655641,2.883201207767392,8.4188130467552,0,0,30.453907948034296,18.994906960795372,80.24978982986516,74.62952798800023,1,0,3
27.025542502909197,52.47871887168212,100.25466883997632,7.2669482245915615,1.9720317628436308,66.72230934391624,18.69792897035148,9.982290476976315,0,0,29.759457196009386,6.55742323165037,97.14667932955186,96.15642954393373,0,0,1
28.860174109323978,28.309636685637802,102.52900986532997,9.012789845517194,1.046086555044195,67.07740584615881,19.78204029078639,9.592358431229883,1,0,16.5989190594128,12.241979713642275,88.28108778718313,58.056650183889786,0,0,1
43.41850018835446,88.63977589425065,87.52726503099977,6.1200703417726485,0.8786544960880153,97.96619522541069,8.667572198698439,4.239053564840331,1,4,4.746846167696344,17.834417514799274,50.59535863202916,41.29985698049915,1,1,3
19.600542093482407,35.02871212243488,101.29441132134073,7.517129872575353,0.7622677662196008,89.93065079617256,11.896505785475425,5.779911538397471,1,1,11.227664800957854,12.60147859392464,56.752530264837965,34.78677331382836,1,1,2
32.58689496050391,24.70639260633928,75.1751954573976,9.104407738949796,0.5551242383890254,72.92743857397001,15.544570400033155,3.1259526681135865,0,2,20.214231061205528,7.2439828173952865,85.8156318174243,97.41125977653243,0,0,1
30.17666036653398,61.63931656513367,79.92393810546072,6.089767189537804,1.6352543406275488,59.99104601706821,14.727795801000894,3.726886648095449,1,0,34.776471147804926,19.816782543517583,68.28849083636054,83.45910401957573,1,1,2
33.343627063039435,71.72066739931228,75.84565069092722,7.58727771735625,1.9219747883056688,90.5508055131328,19.355743838668985,5.116114914873669,2,3,38.73018459253322,3.748272028810673,72.83814652132924,94.3266442049549,0,1,1
15.543305514625215,22.271041223303087,83.36936677239628,9.084184916855218,0.9738783209794468,57.859123580418675,2.2976618215757783,7.7237281616820965,0,0,25.49883740095654,10.46512029791016,76.53878921054243,78.9183137211868,0,1,2
41.16371726832455,66.11023471089155,74.27898081193182,9.438895487887475,1.9167362158185484,60.52311085710017,11.614497322856113,1.1609415175495723,0,1,14.027459619896053,15.934109974735946,46.19749106354436,53.971395293254986,0,1,1
42.96354847450837,57.26043131660181,108.08057211272234,11.554510158331833,1.6916458270113097,68.30066959200755,13.838628393461843,4.543967173736162,0,0,27.73813814777515,0.012977391544486405,91.35772200599524,38.61116101883661,0,1,1
31.953995507676268,27.22855062125339,75.6422314002834,9.872073739503648,1.091839473083557,94.0174097925995,17.801968483753402,6.008472264910587,2,0,13.449205432823943,14.04086504284874,91.78806636260363,95.05148014925005,1,0,2
35.89952471630677,32.076671386245344,64.902226905547,8.488414815179961,1.4295458134707322,56.58933343170551,17.482192554363014,2.9366473796810877,3,1,25.018938136664257,5.329977934118773,68.09436664770203,64.27333308916587,1,0,1
42.67498143531887,59.75820081212564,86.34085830252067,11.582107062798407,1.01122231354831,56.111709642726304,19.559995871225798,1.7063082828643592,2,3,9.750662867827064,3.3945344538375433,77.6107131100398,57.7556297394336,1,1,2
36.217159029401955,40.74503294593019,62.854953922258815,10.709297900326765,1.2277659643719667,74.69874941526331,10.241569078753582,5.856164733864954,0,0,10.679548049255118,5.483889267365829,79.59424720152941,70.44544428673862,1,0,1
19.57617128742784,85.68210100559213,65.52715831542902,7.200053526676486,0.3515810897823817,63.82052705468374,16.615217336264532,6.740289860372017,2,1,3.0090235616449235,19.33632851679568,51.38335508379305,37.45915250017483,1,1,3
32.288650805004394,77.31181606388355,70.96946945981232,6.785054168092919,1.468461081775933,78.43639708240799,8.545634162546554,6.7690206133880055,1,2,16.805646088527,17.83870518479371,46.755089707976765,51.644267356213874,1,1,3
33.201451391485676,88.84970445595641,83.21751249410708,10.054869814456397,0.34244312784723924,72.58183423416118,8.446277557120645,4.209259465320335,1,6,24.72698080382671,4.2750891292740505,41.24037678422502,74.65132749687169,1,0,2
27.72392013907158,38.17695872652898,81.66254661545139,9.359298993461902,1.6798986571093866,71.74795531756084,5.06696728945718,3.1362561634516055,0,2,31.551797752424843,2.340535462368891,94.77290960665607,37.00860624500087,0,1,1
37.09332706874169,87.88065429585839,99.98459310013956,10.738041682756535,1.6936571265559757,55.59864852434966,16.364745740384596,2.9834779511431035,3,2,32.413941793507746,7.2830520902893525,60.74279733668148,39.466993127541876,0,0,1
43.03101044307044,50.18637088540905,96.97373269420567,10.43283030047212,0.6648852532233755,57.05248451249201,19.716302116270313,1.3647154605157596,1,2,39.69777798028655,11.846729602001469,45.14985610066018,65.74115048637388,0,1,1
42.767055387203285,44.326315671962824,81.31591469953506,9.75126920314509,0.8164098668126505,91.05392887234251,5.126834566945158,2.6621501676847457,2,2,3.510229033478476,17.342892571622414,67.94799870987829,73.64199872207638,1,1,3
28.525181142123962,23.52446688785473,76.68521037878149,11.918293029773352,1.0922931624770134,94.29413687858721,1.1226317604214464,8.367455143980344,0,2,19.72547073783315,19.321802500801553,44.53750680077051,43.090119405565346,0,1,3
18.39714137522266,23.693568050172182,75.82343920307493,9.201538380662452,1.2941600871318426,61.73417664426251,16.310848748380145,1.0274613918496884,0,4,20.854983016096536,15.023067363461974,45.115045168417296,32.315924411884424,1,0,1
44.54523596887004,68.44078791626583,98.69975436470045,6.678634539010319,0.7528689080484943,55.67302507623845,12.404601050695124,1.3949974230159645,1,2,32.18133705511569,11.980144254033116,69.3331207422715,97.08568249367293,1,0,2
40.166942593378025,52.05502961038195,62.60362031106349,10.96964138889593,1.2868512081058687,52.67083359672553,19.193976011020087,2.143170462511604,5,1,10.654340623553882,2.8466405226203384,70.53019958299811,31.924486051778977,1,1,2
18.739880436098005,35.8565138225274,60.64108247553029,7.511120174074254,0.7711273781512731,80.41488068709484,5.044784381539045,4.782165244081789,2,1,2.774892797578681,1.4805675274662211,74.80858511967463,30.143642906444885,0,0,1
42.625256478521166,62.97792144276629,99.7772195963324,10.66381288886351,0.3471087618743562,85.76766062501028,1.4205531600256216,4.003640509282671,0,3,12.550352410736787,11.920537570584022,79.3786888005161,52.63383981797398,0,1,3
41.09689086186385,37.70006827750778,83.85731879945246,11.742642576000309,0.25442321220584063,68.64049946016027,9.84884521733003,2.600522722490307,4,1,39.357113162570435,10.781282115338541,80.09604221074716,45.57172181428977,1,0,3
30.56514171378216,60.43422280410958,66.5440569276788,10.180773083786047,0.4270143513572501,83.98379337453198,1.7093204593029498,1.9985452669621093,1,3,35.97764791298345,16.921762154682042,65.97980125309105,70.15104534687475,0,1,3
32.73826307234788,45.14461228878832,71.77829672972507,9.576180965698807,1.6364387252870318,85.6479407779763,5.235800022054149,9.449762832457997,0,3,15.809878437866063,6.452117017102077,78.61198351224257,92.59462137887562,0,1,3
26.970081116103906,77.64865586282733,106.62519765486913,8.762317054050243,1.93250479667084,96.76711406984526,2.5195572163833657,9.201251991636909,0,1,35.05087994980242,0.793817146996203,58.28438537287096,63.677537070752024,0,1,1
16.64284916466094,77.44873125367455,102.9751487812449,8.18645919597242,0.9971908487421337,53.243681891755365,4.4826435932015745,7.947087475476522,0,0,1.3101793646663484,8.474165381820665,66.47849146930828,84.13108461718795,0,0,2
25.05591724937703,53.41452786856809,95.48925251119863,8.118028505831017,1.1471969185373998,59.61458616155399,2.122893056427837,3.2681977725175098,3,2,12.568163098568021,19.383646078754786,63.59962291193682,93.64589269352649,1,1,3
39.085603457940344,44.55733765345109,84.11126151686634,9.818236234257544,0.5069842958784957,53.426299379849404,19.07811998854571,3.9132822881549463,0,3,29.072473919501782,15.911498098730462,59.74660007311819,43.257975752434525,1,0,2
15.138960690138086,45.37918575913662,86.01618130956929,10.507638701626476,1.2143048671902748,93.39969666680553,5.57125426899471,6.992604714371938,0,0,8.85809004067356,0.6754434728454628,54.31424953665797,64.18176202854042,0,0,1
25.004975150734325,76.40001679677525,108.76222676419793,10.071102416906486,0.5031460785122095,89.62935800167843,8.877951719851309,3.6252900558794074,0,2,7.935638059492267,17.49357807796351,44.70754003245239,74.94489997191107,1,0,3
26.9450608077283,42.97256379583284,108.28852219421435,7.190460607161376,1.3196250795979525,78.73210353109195,17.972236152684445,5.775605319046203,0,2,34.472301838574936,9.433789792426348,70.35462866714175,53.231826654424125,1,0,1
31.121868088137685,34.63415615947922,70.7634522892917,8.963923080860948,1.8832026682664942,54.18317050255916,13.546431759229487,6.861554599536863,1,4,24.638158443069752,7.295360636359116,72.23729117235368,81.78264776918977,1,0,2
42.59566849238281,25.928183931271477,100.55522831526591,10.749840433098377,0.5924724437803193,63.66561793268598,12.360749611235487,5.6727666686166085,1,0,39.56090873248143,6.934790816055831,60.169302646123406,79.37204826552775,1,1,3
25.390379830978837,52.66851846190859,69.86213330835083,8.854224469134337,1.5879865065999286,64.88599240292585,14.111263807216742,4.719562873436357,0,2,5.38678705116594,11.902885060777288,98.55063178212674,59.476599890599374,1,1,2
25.40859605688683,53.749246924388935,70.67687389419757,9.219739678412964,0.2911292399320671,78.03715980077085,16.576445142107637,4.131046122017671,2,2,14.245136289325867,10.61198836881525,73.4176726183875,36.1567627397123,1,0,1
37.125037443292456,78.8636097282035,93.80465170822885,10.626816289024934,0.9071201723128367,62.902194701835775,17.553385357035218,7.99974924798244,0,2,12.448534872147379,13.13254488336526,93.34063113491428,30.809814843780572,0,0,2
28.566538226694213,35.48670875122448,80.25005492937743,9.967591837590549,0.44380988870339083,53.64799319564774,12.85279341330053,7.65099095479873,0,2,35.20528950875639,11.472829300800933,74.20511857129719,55.85446935125953,1,1,3
21.73814468819946,46.66938915678799,106.577220355326,8.456069525294357,0.866832022792474,86.53811509266497,17.800145493881153,7.266052577290226,0,1,10.211860801720425,2.8788914968343704,51.394951178299664,35.74481915823188,1,1,1
28.5731854839808,76.58840172255836,64.45048674480044,11.372476267165315,0.5536896093680461,64.95401058277056,10.707950548509537,4.372094018751504,1,0,14.138439906966802,5.1447201751663645,98.47735237611519,84.71371102457826,0,0,1
19.225710611393996,77.65365275242814,85.57628204047465,6.9754024119808715,0.903283732715053,72.61870885116502,5.545817125368469,7.981629637134516,1,1,5.7133550270171,16.820591442036683,93.12010062694287,53.40280482882865,0,0,2
20.2916095951867,46.92277531851377,105.92607652215605,11.97309869154195,0.9806649106881781,56.38333174911527,17.60153417767689,9.619332687807011,1,2,31.016039305967485,13.265170293912599,68.27642070626038,76.62687930541878,0,0,3
29.951033182184393,52.138681630067666,105.20568302397525,6.713115470857423,0.7760344648666071,90.12741516972898,10.829456548261742,7.200815672048425,1,0,9.508131358354115,8.968012508294823,54.583473508438864,54.24652911103209,1,0,2
27.56776348513644,41.2300123594498,67.82646067078706,6.089699826625433,1.399088411577976,78.27659384620287,18.122751751344687,4.6710932596292665,0,1,2.7328108892887792,3.652028636677307,53.36017697589106,85.71568917796127,0,1,1
42.445377032043,85.27884148935185,78.33188500482282,11.340113406892588,1.857991089703092,95.07928131049314,0.8033562790116244,8.168331365442723,2,3,17.40434930763587,0.15382071954623822,88.36122562997537,92.18887476338469,1,1,3
25.871816973498994,28.30506360191062,90.95607000233481,7.469721050195736,0.9510419046842267,74.77357815326667,7.950315030824711,6.483718684469172,2,2,15.658324958461387,6.2377480637723615,44.14711668707557,88.6259904483918,1,0,2
32.4176505083413,85.3624596101029,67.96974423857012,10.378197764680326,0.5866005238312875,97.07128359089398,18.956100367249363,8.89909340584397,2,1,7.104368172215021,1.0969391385333749,78.28362288481293,63.91314947858973,1,0,2
33.96792863758591,67.87065162847404,108.40110860228694,10.866092249592416,0.7237648268429708,94.5934102190663,4.993001855166055,7.418642784797527,1,2,5.343902395840621,9.645682661749102,78.40809541251012,35.87661276088743,0,0,3
15.392833697650008,57.210050688071185,105.73746643638302,11.1539183461927,1.7445014411186457,78.8229928229617,18.830724920769853,7.929280483758139,5,0,35.86228853533043,16.43602905516417,50.947272863548534,56.01977740554006,1,0,3
34.906121160501314,22.28613425491471,68.34750895172346,11.949565413985,1.2503695157227588,96.69467190749316,19.078049222584998,7.006928168226421,2,5,2.7137794620492217,5.707973227645946,82.29474210607978,59.71191962935579,0,1,3
20.341079006092542,53.29173342754058,66.05777306304927,7.764238260239995,1.0462693065371753,66.15443736472761,17.64284628451722,1.8281841279539706,4,2,3.972438267852798,16.955083231100993,82.32437735172886,97.21778075998122,1,0,3
43.832109524083656,48.542367350191256,64.27042414041327,10.261460051563555,0.5118642626406218,68.28210813521056,11.273360901865974,5.366054979473482,2,1,9.80189124553624,14.091287921731787,61.00185204648302,69.58481136449669,1,1,3
19.45988183259339,31.28531683825858,105.47218320183156,6.692399149684969,1.0370227895666184,52.273897565301844,12.93878898161277,1.5084088737561492,0,2,38.11356758626009,2.5052465870973073,69.0025547630195,74.85923630275092,0,0,1
27.43872371181071,65.94867224504598,69.68119048977304,8.440855748141097,0.7373610058754266,79.46004533819266,17.392339968997383,5.027942377207379,1,1,3.415369980794205,12.891237825391666,89.96581306893964,84.74025067014517,1,1,2
17.560490042359316,87.98056351578,80.81424642721774,11.087830159875542,1.900535473743361,86.09619849644668,15.517941647783688,7.4478428973138335,1,3,32.64059306971529,3.033596146110864,71.38919640803472,69.77417270472371,1,0,2
44.90622755537842,59.35321677451676,82.44256828260015,8.20594827635465,1.7971226914775298,88.67595951210515,12.60187698910823,4.79129924516993,1,5,35.682086132753085,13.095818405498374,77.08942605909856,71.89392264279334,1,0,2
30.065850309937275,70.0327293510762,89.95055221067838,9.546572283213685,0.3968294481993465,57.49081430230517,19.645188157414054,1.0146722674094995,3,5,15.114709658035416,2.854289694562122,64.76617902917667,47.17294581342237,1,1,2
32.86155051960131,24.791531679621173,63.58676718737125,9.022640662347804,1.154143606207175,72.20795361562502,13.713532726673883,4.323565837907458,2,5,11.755775993273696,7.850227320311321,48.975945349894126,34.12066252928929,0,1,2
17.012294321652824,49.23668970718963,71.3379308700258,9.875709186672271,0.6438521046506761,58.84316060469578,19.509639848955224,1.60983084871319,0,1,27.095109130296322,11.331885404763874,99.88399789804546,80.49701153763249,1,1,1
37.498814111975335,28.14509396151471,106.5745193459463,11.83736633632617,0.9688599066675085,83.10636744271244,1.1477694921418147,8.025367496491546,0,5,28.105384024408913,1.0074834284788348,71.89219121695645,89.40792881480982,0,0,3
21.297167792867572,62.89570848755573,105.42050536342848,6.334413159008413,1.7844839969400488,57.8973186210884,2.779207414844249,8.05376412362665,0,2,31.199086512966222,3.0661668970905476,60.18678768523065,58.84001283275727,1,1,2
41.94162868322141,85.69375107499083,99.06453237028461,9.443769105009778,1.1731504098049534,95.20818419780375,9.029176920009812,8.257407304339225,0,3,33.22267125315703,6.408176501044929,82.82723955958804,68.42401172737468,1,0,2
21.154189214460217,66.3244412730147,60.970062280910774,11.17817267550171,0.8348767633988297,61.53173228307067,7.6975892176863026,1.2729447223096089,0,2,10.735818240493602,9.246401715437226,77.24930599969014,51.50996591349926,0,0,1
20.720631619909998,25.376213382009507,76.3503384248051,8.888296270490565,0.6138046196837449,64.57011331441224,15.654696827140555,1.2904237799633314,4,2,27.47846407546596,17.16974587842869,53.97449681796136,61.51544154260143,0,1,2
16.096490035442848,44.8266343489558,91.39793676714538,6.471163115649437,1.6505685039613562,92.54531610754998,3.212280529384075,9.131044227903422,1,1,5.39622897138702,3.745461767079643,92.6155299638532,44.622280838651854,1,1,2
29.162008353299978,58.546436560859604,73.75951058867378,9.363236114500626,1.3429065268876075,72.9233805072862,19.521903582229772,2.1131549225327406,0,1,20.429253261766146,6.949419010050512,44.254176215274214,83.19207656734727,0,1,1
31.945233997878493,48.224542929327654,105.47933475268886,7.992443344942923,1.0691145557459047,51.19979729000365,6.301317505218281,7.030812073996767,2,2,24.515476660503776,9.515524725603612,76.3418951101542,64.43382514425666,0,0,3
16.97125918285057,78.35508073326207,91.69447309162209,6.929650712027615,0.6305976192602116,74.72931256013229,8.578474154803189,8.159089529765708,0,0,6.469277467061918,5.915571119787375,68.67330948870003,68.30095872477553,1,0,2
38.26582850085032,77.02697032969925,63.59533586582228,11.094207079700837,0.8349311547749798,54.22716676900615,5.494900648800458,5.030773333575331,1,6,3.060261588781632,12.514955574417417,59.09190482711932,32.59616547828562,1,0,3
28.598665042440828,62.8281714072255,105.45027944178514,9.12959707794673,1.9297259967924074,99.26723593436553,11.587272346530945,5.918248834427681,0,4,7.789851451047718,5.132048695519402,89.58280769561452,73.56788746053431,0,1,1
30.7317080798274,46.14205615928937,107.88833290881112,11.599658474274399,1.16015739081021,79.40557852278012,1.172574008451679,3.0464265121834457,2,0,16.823549914094684,15.447008422264867,79.37662445735577,44.185906840545265,0,1,2
28.222882408146845,37.87354616342709,63.88562091958627,10.836099027618413,0.9512237421756926,62.82663088054892,2.9935501114089758,9.312399596286065,2,1,35.51363911261499,10.103081897023667,85.56996981265453,56.83762510554105,0,0,3
27.02289182625978,27.411202274919052,86.61801174306575,10.157830762642003,1.1624885741095667,78.18588397738088,14.915954068374484,3.7162099255548706,0,0,21.276576981389084,1.726097669222204,64.87952455867128,58.89009900670895,0,1,1
31.789209939246536,44.84283784405878,75.16821411070852,6.030153020191872,1.6132298853243152,53.843355169087744,3.730011668096078,2.9603007043846823,0,0,29.93971566935962,12.539977904639152,96.54389987839062,61.41128182416635,1,0,1
19.657207377921374,48.92207620454037,79.64195382407011,8.5669407398295,0.8451906388800203,89.99456521344085,4.710289031133257,5.728631726096458,1,3,6.965781131657862,11.384870075975147,60.68340536314,45.92054723803343,1,1,3
20.457843914858135,67.30760475728516,68.98256089776709,7.184917689912194,0.5627357116320655,96.26640269320819,15.859644714496755,2.714623506107651,0,4,4.239127922209018,6.771947084133454,71.86269546733874,89.50771573009484,1,1,1
40.85356863040552,66.07118770083014,88.90360510062062,11.464787466293206,1.2736382070933336,93.72221941030799,1.866023567145072,7.180224664400853,0,3,9.584694305289592,0.22314156778042715,96.01900670869352,59.94951054932358,1,1,3
43.38346386400898,24.907569774887985,107.89896766244453,7.047503908058162,1.4141071810918675,67.08788011492814,8.749476455416819,5.63603904705025,1,0,12.555216511614361,4.0140308434874505,44.99133747313655,72.84941205357829,1,0,1
26.199279488392587,47.668152080181045,85.15363001358045,7.7163603099557125,1.4972565051774618,66.28840598216843,0.46126773994453973,2.330240086098856,1,1,21.924080752887978,8.11419057764705,46.528626230017466,72.97562819856411,1,1,2
23.122340194306613,32.72452070521533,64.14572906972406,9.101020606406994,1.7934782838407268,51.754380560815,6.936147986358076,1.6052177651974602,0,1,35.24973281457763,3.9982806758659484,99.65126597940805,72.48892720949557,0,0,1
34.31998629717047,30.976889372176398,91.00006667387042,7.580181713988475,0.8995547112059479,82.57001793504584,13.979628052215089,2.2325814526689434,2,2,17.043704671094616,11.549822418793557,98.2834694173396,69.1522606264718,0,0,1
27.26202513294289,77.91115048160722,77.01114972256285,7.259188063674727,0.3818710684005606,76.74523920948974,1.8020655943445663,2.2296218963028425,2,4,20.751927513798805,14.246497878525135,86.30209635022817,87.58380237853521,1,0,3
15.761590669810346,22.934065170138027,102.7962594795649,9.594595950616515,1.927110021354149,72.96731856636707,17.766692535575203,3.815654726042457,0,0,0.18454143939682588,17.120353135016714,69.05129656426989,86.88324696230325,1,0,1
19.68457792098571,49.34280131314849,81.73390741582351,6.533577136530143,1.0112708730155817,95.38154766673534,18.18998085881432,8.499435842721255,3,1,1.3324825156514652,12.939652373674974,70.3636509181866,59.200120082340135,1,1,3
36.47916686542193,31.774255903656275,69.64198044711227,6.349006552325548,1.3407006419279799,58.393945054142314,2.099807502502702,1.5156461826538556,2,1,3.3507679971019044,13.780184425096254,55.43277241224614,74.50922336914351,0,0,1
34.76771825730454,81.55311509749319,69.55528113455725,8.233471771116427,1.4160343154745114,50.48331333450912,19.814648727515532,2.1528004488613353,1,1,27.959763419161145,12.16883730461049,65.9638621681195,37.19804711686807,0,1,1
15.812879775104506,58.99283592925246,98.43820903605803,10.323986727047174,1.2063989902271062,53.66582260603827,5.950591067909778,3.726092644837007,0,0,19.447654750876694,19.709721152254073,65.88096267197994,36.35408747878451,0,0,1
21.659164857988483,36.19664454637936,73.279379915368,9.328840549643688,0.6092006770384727,61.168571891368444,1.682033422632121,5.979998610134396,1,4,7.7184479412743245,5.220011381598164,42.16540113560432,63.594148386488335,0,1,3
21.93224389764214,55.16991010164635,98.36166970796114,8.537258810800672,1.5715003377032475,51.664277463172844,0.10134228994524541,7.865945563992818,0,3,23.703977547592764,5.325173610255167,67.18949248202017,93.01428165242149,0,0,2
35.15678230796185,71.2040451792181,70.29436553832997,9.394509385347494,1.6565659550321428,75.14218553215677,8.170457915277252,9.29072307293076,1,2,21.784486072761446,2.526672828437193,68.78766451104804,75.49997917665868,1,1,3
15.591316132630924,87.06826062436036,76.08431843506547,8.192708907919641,1.2177072755305196,65.7045227616789,12.596199714122353,4.70879387776939,5,2,3.5519720723998294,9.713686517390647,79.94699045379177,76.8451495853316,1,0,3
18.123257459537214,35.43122029717932,83.27434862198497,11.616878012592677,1.1049820310234728,59.02415040340664,6.643584998066265,1.9525133298090385,1,3,25.61651090868585,1.9232340726184383,70.98717480326064,41.03713184556509,1,0,1
38.99748256119568,82.03272404905417,107.15979248467254,6.329429345464646,0.4493918204739743,87.50420374743311,16.734347309492456,2.9216398902594056,1,2,30.686194905220407,5.402931937962075,91.70097594251216,61.73131109881872,0,1,1
20.35633986163001,85.40128799172432,106.58657123769123,10.040348874179012,0.39691540762462174,60.2225663116265,14.332125511301001,3.585228672581363,1,2,11.462176308363876,9.653618575427831,62.05370951450942,58.05536614891456,0,1,2
34.582383235556236,84.14943811724464,70.34359377111439,11.347695988966503,0.8442384797361753,84.38025504968965,7.003230639360654,8.074878800454513,0,5,27.499554479772303,19.151912318600345,64.58305547233613,84.80848427279352,0,1,3
22.145483431401797,64.47900498033368,77.91095206215364,10.82330825241152,0.7939807721554382,67.46324529238194,14.686193332172092,7.1797898584128985,1,2,7.9887806803513595,19.276259876803348,74.28895081936447,39.64768677405876,0,1,3
17.983241782780354,64.08744581042953,67.46996942268862,7.10424620892868,1.9188987891857248,75.59138803312773,18.809754739384996,2.881047910637578,2,2,30.269152548469794,14.874804682731115,52.16336347067677,67.74337051315631,0,0,1
22.295165729983623,48.22474432286759,85.49925396567485,7.77555809388173,1.6213397992760021,96.693351992566,1.8619199708603418,8.548709545571576,0,3,36.47096676490881,7.7850032315136986,63.609885134933165,93.79460517841963,1,1,3
36.66800795566978,72.66785176126515,83.02912753473333,10.302287632242628,1.4048675167033549,51.86758174079064,6.122079203152337,8.732402599147804,1,1,17.67468495206588,17.303225467530922,81.17004830519966,92.47219227566785,1,0,3
40.67089404318857,57.19058128456523,105.03800812253662,6.505623355084593,1.1558841557808088,75.0132253738731,9.266518782333865,8.941948974627817,0,1,9.784883128464713,17.509116038152804,64.70852435648825,89.66359768234042,0,1,3
39.90659593700975,67.42066498598061,106.50026888955364,10.871170198995504,0.5428931787716398,92.72114801638091,9.959802555095372,3.4750376985489595,0,3,15.967068087907993,18.203947615931046,94.39699060059746,56.24897190554684,1,1,3
26.915505888553646,49.99205326941568,79.17836955036461,10.31344166762874,1.9622991763224968,79.39871241851742,10.843912897721474,2.203572204235712,0,0,10.003098906228676,12.800500964304259,76.91803125642659,95.87704834585405,0,0,1
35.042554097119385,71.20475248301973,84.58689715094947,10.377639895412056,0.9063212219203676,63.84352584825783,6.01253813077297,1.9356166628224432,0,1,0.049575030655018004,4.035855912157609,49.22606499528185,86.37103560615603,0,1,1
21.14952886247463,77.71300623231843,104.81181245730666,6.601448221605549,0.4371198042826784,69.88405675725171,13.345192919646982,4.600789780957238,2,4,26.018264472177805,1.8216154554136343,69.24666045936169,89.57989234686323,0,1,2
23.794431907830397,30.25053796219713,100.33539038725307,10.306563268897385,1.1141480675025557,84.01328143642873,12.901690070596594,4.863923292517074,1,3,1.7010656784878764,18.2955100808026,85.88672473574596,95.26476560274911,0,1,3
41.89007455563359,78.30508009019596,60.18281556723247,10.078908751319819,1.7794965203228956,94.54059471569016,11.556430125432279,8.813889981767588,1,2,8.41562960868924,1.1109221624320598,78.60070991839217,95.59008859298567,0,1,1
15.39005770532208,57.82075722532151,76.00297820917913,10.985534944931103,1.8027592531103265,52.05331868733058,2.2752344342175324,3.4098044037484074,2,4,28.897982245192843,5.917801188759897,93.11581442032718,46.804547428199356,1,1,3
17.56525592563404,79.12661363631571,81.08871209680629,6.249575737538817,0.2691903530987827,53.57694109451882,9.539357821918891,6.642029274694407,1,2,26.629000556631336,9.739235340754743,84.998973791357,38.93813982440168,1,1,2
21.23658765438082,50.191119443871024,71.48581418416158,6.138664010806753,1.8010175533149495,66.25257618047938,7.124537749787512,8.09391438842286,3,1,2.933156481846626,0.43953385746951623,43.6968263565932,78.36124604999208,1,1,3
15.795966116214592,46.532833976812455,69.97858079479694,8.238042599271363,0.7250973806247524,61.63898422187395,9.820769396762453,3.4223760497746154,1,2,26.40218964316308,18.138245173564876,46.750758954289324,69.42497696459996,1,1,3
20.44306305269392,84.05425127620558,61.88922532978398,6.8927297030949175,0.31820163694474035,63.2465443111203,18.43732871030052,3.404256370994762,4,2,37.222995583031306,5.7424198974447,78.9849219262659,52.91985539423524,0,1,1
32.49124682909077,37.581848728388096,92.16848625348803,9.35030686542133,1.7336329731350302,61.06349993129405,9.610626863168166,7.022397361182437,3,1,2.9800987607273255,0.5700959784115045,54.30447751071632,77.9114654743911,1,1,3
27.64273651777494,79.09486277003002,73.12551452415828,11.504093409040493,1.7617668229793644,59.79125244275789,0.2796158367902368,7.5352265234183955,1,6,16.62752910706545,19.87179994453037,75.27009415835425,34.33978141211452,0,0,3
41.780151332309245,53.88144007565829,62.61735892156565,8.348878382004095,1.2934043897241125,56.53119834346459,8.776734761682619,9.637863771322383,1,2,29.177355604565655,6.227863616350307,87.53305552563859,33.30458215471184,0,1,2
39.523306852153226,55.98668097858818,71.54896552640318,11.069702263635625,1.2552590752686272,96.6977065897619,16.41296360098764,8.64946603591903,1,4,26.708920127116535,17.535298149707458,74.61589526842312,54.801740894123206,0,1,3
25.254520550936277,41.59277970426388,100.09569764180632,6.001445247107199,1.672960477087484,57.20947319530765,15.601218464363365,8.398462634829048,0,3,9.060421698779933,9.069489078417618,64.92931420037736,43.56926364025126,1,1,2
22.782703002938774,60.1129540433311,102.57445908232734,7.011087860755105,1.6260417172429897,60.22018873827681,10.26780147056362,7.230828013275727,1,4,6.522691099868254,13.26251802109998,78.77621866676313,80.29892355163042,0,1,3
26.390772245018006,42.76478373933479,84.15331225966513,6.1825412379245135,1.8076845785247322,62.31328619903928,4.995380257186306,2.0663797019314396,3,1,31.369880161637276,4.821802990747095,48.617166656477906,96.36152865357344,1,0,1
32.70884827544423,22.74885899691566,80.80353352043431,7.968883083090412,1.217308033294231,96.65074365652103,9.301773258290902,8.283171028442332,1,4,38.249786209551864,10.057506539540439,83.3924797301969,76.31391895792379,0,1,3
23.041909224686286,39.039902374104926,108.89268467508909,11.449137574179016,1.9433824122824153,87.78570668005423,11.274044388363833,9.417895532771915,2,1,30.703338701713164,5.15302384850054,81.82150682272132,75.83490569892948,0,1,3
33.72446723547402,20.446533038461347,70.0282329794035,6.581712741593926,1.9932569541333423,89.48497151577573,19.997428765482677,4.516460348432183,1,1,38.52817928791001,19.021677625302072,70.86420189713735,30.461690139370823,0,0,1
27.282349565737213,88.48483509397997,70.76796414273042,9.638458660462803,0.453953067497607,55.2379129769249,12.883561803387547,3.8229576254746793,1,0,24.19981696548171,1.2189082483249258,56.728809700790336,65.85938802072411,1,1,1
31.561415425559407,87.60230468738233,74.59335885181999,8.708975634716666,1.7367015792197136,91.81549375078359,13.88529860125227,5.702334780881071,4,1,37.163954427676686,5.493478550096949,87.853827197785,87.19709241226116,0,1,2
28.0837958740595,47.66087082306135,68.63786591405437,11.630809274194874,1.1246889510600306,70.4096540908709,9.829082871361038,9.608100404222114,3,3,27.617427781795474,17.862177530997574,70.63301819368104,75.78842557366124,1,0,3
23.83397278625753,70.98595980377522,78.96827991020933,6.735114855222563,0.9282410920247062,63.141151310619435,7.089791015650597,1.4574904675609535,0,0,36.355390008043464,9.600719150145675,43.55061435156813,45.94476692541841,1,0,1
43.4535992088647,44.20642688872975,105.54171134948768,7.272167103013373,1.3228765422947513,78.78750417601553,16.25905967294412,7.379925766508363,0,3,6.463558718783631,12.0016822380834,95.11675311043959,89.39326738990405,0,1,2
37.908173824792826,66.97652099601832,90.76739203142871,6.17725181166896,0.3479397252085123,91.1091452908367,9.898646486784724,8.33201499886629,1,0,32.622608629757956,13.033867429912851,86.06298618921352,97.50637069506276,0,1,2
19.203395272993575,76.38010301321853,80.59732743061318,8.603611497788243,1.1363069578423897,88.93260755374547,19.893802599290503,8.098742500511822,1,2,7.8698320381381,1.4185502354712676,75.0883088609609,49.52949932501893,1,1,1
41.05403927693739,86.27293712845685,106.72053972856074,7.6669973973879255,1.7740584975466667,94.49987412905661,9.142411485360881,6.100969644732954,1,3,1.0971640778382907,0.3547748181717014,66.20953103697407,44.49660395160647,1,1,1
29.62293594748541,48.01485930947704,62.42321162379112,11.219435603341925,0.6235576532431955,96.4066093007722,1.3600056729515475,9.285066974554397,0,5,20.70344536171852,18.75682103422613,97.59398188250145,53.69688332568731,0,1,3
41.836566806822745,74.83085880692335,70.51380889509306,9.62964487918653,0.996182315846494,61.906103571387476,13.651562741801655,2.2107138270720252,4,2,12.730071222473773,5.430056905937615,86.50123445592408,34.42107987143697,1,0,2
38.995657678419455,38.61499154424831,88.29443025508795,9.68454442785421,1.894091553501032,71.19289470846358,0.9328290185162214,3.2063553706947587,1,1,1.7412544715207146,7.606262208710577,72.09958403721019,91.14028711608128,0,1,2
27.756405134077003,89.32326126555539,90.77763115965897,9.191464181287815,0.9999867161599703,50.7314269602535,5.010031937694066,3.7626067277631186,1,5,39.212175149126374,13.641863414470992,79.18923371103317,95.05096363727368,0,0,3
15.674079249603523,21.80387191350458,61.97787532813066,6.551102023375206,0.8771433565816971,93.966082963253,7.074765055598067,1.0780966872244042,1,1,26.65864381959971,4.726077541454425,56.84502410378795,74.33121277431911,0,0,1
23.060320781548384,62.247016455078466,80.15193789535661,8.670112102352132,1.020939134215912,57.72860757373838,14.789671712426554,4.336023314867608,1,5,36.072486928623945,14.661427403350364,51.74295656493309,83.50343689974122,0,1,2
31.249026439826007,66.16541871559289,92.45769824154364,11.9970311382511,1.1590423414057236,93.07374061713472,9.884718528152256,2.4459385404575005,2,3,39.96330343487793,9.1648436432654,56.399172838244716,76.80554742046093,0,1,2
34.00434659478442,68.16318899518902,94.90352732017007,11.011375745076089,1.3559848522300704,66.46936609932982,0.5729186262051322,7.521635369421753,0,0,15.678669466843683,17.13219610574782,57.58816595696361,56.41479605029083,1,1,3
22.73663056299607,28.42713051523623,91.90699512581347,11.360754325002695,1.6512124016042795,68.4066794990569,12.336997025518443,4.73457526414658,1,0,10.189481149364607,5.570812715309648,84.38430703832265,74.2429653437986,0,0,1
19.180682222184725,85.69708484311913,76.02816121804622,10.939358155478997,1.04117886008755,51.95661272419297,8.228724748533248,7.34013502382666,1,2,7.355375707473151,4.076449609265971,48.40366244315395,88.5424119612579,1,0,3
40.04790710397897,32.682829533505796,64.67600617989548,6.618250160585896,1.6805916364077456,66.34393948826599,18.43669019934214,3.6428794277098557,0,3,20.607484311653703,16.633767077497442,86.65523210306073,86.69351871650369,0,0,1
44.532065421106566,63.592738226788875,81.3556223209667,7.3646895243887975,1.1840111573661412,94.4181841400632,9.991246222804708,2.187259726794419,0,2,24.243231100086298,6.5265212998566735,71.40371880167274,35.67402684916722,0,1,1
30.770705469080575,35.58732553861594,66.43772186840278,6.018729908138457,0.8423408931439609,51.27737005608021,14.17950291878678,2.1879012119957304,1,0,18.89690944130099,8.237372920010099,63.07438626260811,62.382067238018195,1,1,1
20.150378575449103,41.50514919148896,107.38118292603335,7.821060749268669,1.4014139492089748,70.31637365233627,4.377369846590938,2.8293737719399763,0,1,15.490080593827296,15.874156653759862,58.02376657562132,57.8125024770075,1,0,2
23.169219795581068,58.25209792096871,83.75854330113141,6.651644414078955,1.50601394580111,51.569981490637055,15.219471290633065,2.0369412335880206,0,3,6.730902538365133,12.7115307474915,70.79203627280532,82.64061220459052,1,1,1
15.551720296424001,49.20353929952036,75.86295871784338,8.836760071809497,1.226585707351603,68.54617125545325,14.419106209673448,2.984923665158293,0,2,17.67438495242496,8.834517808645382,59.05110775780297,65.09631576820483,0,0,1
42.428964196814974,31.21579206835544,98.315203555945,10.06276493144341,0.34907620298576597,58.63203203901456,18.081634170826163,6.211309102114962,0,5,3.409725483162598,4.99781017809116,65.76711954573922,54.47907759985937,1,1,3
18.532532486704234,31.96554816945938,84.89742962911319,11.247031770228462,0.5472950315314435,62.6109196634186,0.6764328343839843,3.307024134672891,3,4,34.601910355503676,15.284019377035285,84.34091738094098,79.44448324152411,1,1,3
32.29549426542761,49.27013517139598,75.5017012006225,10.49530299054539,0.7492710115578993,93.87991865807095,8.950013952349023,4.086519053356288,0,1,1.8761060839183763,3.608620689801141,77.55991038118904,63.15049642351291,1,1,1
23.22165662061618,73.00980847928506,100.59838711954009,11.63151357467103,0.744594810415113,71.80246103109455,13.583108054792604,1.4746058518517389,2,2,15.225842469262187,18.56559201172856,84.878942588391,47.96368194270825,1,0,2
31.6253400754738,82.8575252793452,103.3576075500561,6.323389742362733,1.4284864004320235,63.689899570095605,1.9032780016043005,9.02988183312818,1,2,4.00551476171874,3.0063213824599444,82.77842137858732,92.3291845827158,1,0,3
34.542611650555926,25.888936358156798,93.65040831443385,6.073079012499249,0.282110157928857,79.46691889752739,8.212081342978248,2.243448928710971,1,3,30.99921997868313,16.098673838945924,88.90434959937531,37.91334937071362,0,1,1
39.89225411121605,47.517273529158075,62.348221120383364,9.968028683017277,1.5724431098366598,57.10534799162912,18.842932061323907,4.137992520431291,3,1,12.509479153117073,8.484977334562675,52.101397582402775,31.26613948198406,1,0,1
21.1926381528181,27.017189460601365,88.3161440083266,7.736114461333477,0.714349330912133,62.969580371042795,8.718689817822565,4.415313253044796,0,2,4.524224506102192,3.720124658670241,99.70737996839807,40.07377228536276,0,0,1
15.329874859754414,21.161473644281852,98.16474559986409,7.521006096634639,0.7925382308781792,77.31239838014443,19.70809566961263,7.94913642123679,3,3,21.259651954580555,8.047578764735423,68.54622699229395,41.455027744814096,0,0,2
19.106568902064218,66.32030778507696,66.82515060417911,7.985322526162766,1.1738421989018675,61.876152092403444,1.1367812215963924,5.35188567975834,1,0,36.65108028918161,4.431036323998672,83.09397628485223,67.66295400332959,1,1,2
42.00055925544315,62.171460937661145,71.43353756923017,7.618776347354185,0.6278698016431756,83.95638687004367,14.356595522817825,4.446606599361619,0,2,36.345794844768136,2.719873016716947,80.66500978007929,73.74058504459262,1,1,1
41.216702326875456,31.411337967042034,104.12475525340682,9.068618437809523,1.7978247987571732,74.57456511297613,11.62032472496539,7.2628722873140115,1,2,9.986041645311596,4.78310797861117,73.9690050770217,61.402779384115945,0,1,2
32.92239306510925,36.36689831651449,61.0060860926537,8.640890683344795,0.3993953638214892,88.59945351273454,10.010793542642508,6.3731327563167435,0,2,28.78638703840934,17.347969450765053,99.74897311635206,44.291987169528305,0,0,1
33.0155058130096,21.659542755116288,97.6363568912988,9.074571308259937,1.0276691340268636,97.41222678612343,19.416948029700187,1.7032112540831248,1,1,1.2113677136396506,2.118847749596484,53.038950978213194,39.25336291557476,1,0,1
34.95110023638766,78.44630439860826,83.68866462572115,10.036281669002618,1.7364889715460574,55.790244467370385,2.5930080098225727,3.8143022608682555,0,1,5.274071860136984,19.450791755357816,65.30373203674169,64.45063783866085,0,0,2
20.261138358703487,88.2283417233986,82.33860794198034,8.322783053826889,1.3277268152371626,66.73325049922724,17.91997903361827,9.80747315739342,1,4,19.978894812551182,0.09996907375353636,47.66383355352592,69.58381613338685,0,0,2
42.4323583777488,29.482167575628356,60.35482662474436,7.507846122852941,0.7615766527246085,65.97745314392033,13.824808222732205,5.350016827276242,0,1,9.150257379534086,13.164763087824863,50.91012831895297,51.27729601924318,0,0,1
27.563115746762193,36.20326496357087,100.96991154832463,6.997203220852473,0.9863303636088063,57.559145966862715,5.1799214659926545,4.817737628299139,0,2,31.930474158405524,17.13023969676172,82.777843814606,45.43079631386819,0,0,1
26.494155847484926,80.78866667628537,77.99124503182833,8.096844717195754,1.4867151655994006,90.51515686667355,18.03338291264587,2.3492782115173516,0,0,37.24288688210645,18.679152962535287,40.2905607257968,35.6414908793199,0,1,1
30.567531158485124,84.85246585693294,87.03828156502715,10.450838851477032,1.953206300886824,87.99393520193951,8.585898357220266,8.55163156478639,3,1,0.17333265931128938,2.879711869135091,93.38923908217903,31.83711408945629,1,1,3
16.408979003251652,49.37391679647672,93.86503431678298,10.540229460668817,1.8129927571640085,74.22127354171995,16.28454656146142,2.1997708974285337,1,1,9.31663318403919,13.9641699290468,77.9910689961191,37.401550158532594,0,1,1
19.98850106268238,23.54357305883519,95.1314788218958,10.001432320105263,0.8492574146691594,76.88853888973048,7.776730340947999,1.94575369773113,0,1,17.582133843049093,2.146984323112946,66.4543032229798,81.94555885987583,0,1,1
37.141008492791116,22.757428358497357,107.79900294130361,7.404169051841247,1.9968462887537506,52.97720690012481,17.01861654866482,4.95100315472282,2,0,22.52317153409554,7.052229877488672,59.881666434815536,54.08130551077226,1,0,1
17.483960037753793,60.176490624830734,86.56699766183046,9.528517475128186,0.256133161179352,77.77536761635228,12.732582368900973,4.9298219143222095,0,1,36.636111103684044,14.638527150139872,47.576442915994974,31.919324078133155,1,0,1
33.09456328399165,47.502657622522534,79.98597754872138,9.424137969461087,0.2983520726647264,89.56707620098183,2.820932671674543,9.833220880125117,4,2,35.67533962061174,6.919464523261338,95.29375518723252,65.57156902980412,0,0,3
22.36047329043963,22.005669930435815,107.68518132458539,8.905597188658353,1.6917209015495893,78.69137867919287,12.993263269390551,2.147801379156862,0,0,25.486803978718633,6.267494565621357,82.73933950211563,67.52470868220377,0,0,1
26.678868421259295,60.827667461878974,92.10551175127605,9.299873918303184,0.599059701957841,63.26531850602095,3.8268952540374523,5.354443888039384,1,1,10.295520563355382,2.321092376048164,60.18357993556246,60.008214572867544,0,1,2
23.660812103120996,20.791177561231574,74.90751781382778,8.950743795742008,0.3563462196934215,83.37741361671686,8.238452557883253,2.811207808877427,0,2,31.331512395134453,1.32876188656176,44.25617076643723,37.747796842484014,1,1,1
25.670181493948476,75.11603707044911,66.32321227017856,9.39273819644465,0.6650091281638789,68.07442149826238,3.4059116850406745,7.31587502543493,1,2,8.106070851489271,2.3055598256351417,59.54096989246106,82.84771783241744,0,1,2
36.571377155527365,41.450297589236015,102.12772507325906,10.293035727726773,0.9956752694665054,77.24366421428675,0.4403223133423717,4.525181893611359,0,1,38.60689296387267,17.50949549890449,51.07805768854501,78.23571117656334,0,1,3
23.91365146869525,22.818060210646248,78.10908013970757,6.657769166420638,1.5284909732584584,74.37826816394625,4.23773078899915,6.836211004607261,2,4,0.2335966293599201,0.223970507618505,87.17639879387255,57.631039679011174,0,1,1
31.992139208906917,61.18465546882073,93.02348606822156,10.497754512894142,1.3425871714646096,69.058750048259,10.727440474482515,4.04570065264865,0,2,22.79082015631606,13.85731739070578,83.17592108538159,56.65707497236476,1,0,2
29.28151206597299,47.83790901031383,83.54082096829491,6.815316900765565,0.6658371307307358,85.94389901970675,9.631219355546921,6.080913879704063,0,4,3.5358898768651104,15.372484597765956,69.88963763937551,40.91545804621602,1,0,3
34.91013496087945,88.16602893500047,69.94648898975191,6.399767990462248,1.1307232841760229,94.19380559929408,10.029941910721274,5.2222327766912615,1,1,16.303981207280852,11.357766082548578,93.15046618546052,82.74845429614246,1,1,2
43.10489217974274,58.09390637525915,90.08433043102326,11.856478117328805,1.8708746844474953,50.26062592384625,4.953737568932026,4.369284797233171,2,2,25.397341612416685,14.615507223662972,50.84084128834504,71.97017330378364,1,1,3
36.977162916307506,39.26674267259058,63.034153447534116,11.741950613222649,1.676263609721576,96.68082596151837,13.703224012283723,5.837723134011864,0,4,27.58393982367665,13.045393380502006,67.11793512600967,36.005541185906196,1,0,2
21.448211357722702,69.66072052437823,80.66712299355962,6.3626192696433845,0.8155821234556384,75.57575680416124,14.085265736406916,4.454188093430302,0,2,31.422778786957405,9.111169781893853,82.63721823784724,56.464442090583944,0,1,1
15.93549405183854,39.00444017798979,87.33074698318356,8.659520648849773,1.9689629823724686,85.03659401816326,7.159356511193311,8.254169000059438,0,5,23.733108110590805,7.654208557525342,44.06814098312075,93.24926597979518,1,0,3
22.867921328994754,83.29703039852956,81.80234870592895,7.117469629798649,1.4900857007614792,92.78122830879386,17.623401769483486,5.457138402275976,0,2,10.05277405143978,18.82663976810347,62.360641653682656,61.66622211593584,1,0,2
32.852337921007646,46.23053793551635,97.43360876254954,8.912069382806509,0.3592863724168681,73.3551846157135,12.880464332710957,9.128145398379575,1,1,35.57012971739486,19.43875985140936,74.29988813093081,52.7449249510404,0,0,3
16.54277440452751,58.49079939433437,101.39624772726563,10.981063457997525,0.3115312482551177,91.74870366824452,14.260785505172635,3.005238166499655,2,1,32.4442965205475,13.025428072500594,62.00821232422142,75.06488528140164,0,1,2
29.890987416037092,23.54011726769602,98.5621537016589,11.703670648457342,0.5447139107675525,58.88099097276011,5.546798358778789,2.009114918066069,0,1,6.402092708274001,3.945976797969435,68.81193935636506,44.20806643788408,0,1,1
32.90528546750667,49.82848665665615,61.94064739059011,9.805515920709224,1.5237477690877568,57.958376723990725,0.01223270311174085,4.428706235574985,2,2,33.06044736831396,8.957983248755749,76.4871009620243,66.66623787450257,0,0,3
25.027316724508825,78.26544777626964,69.70643852229861,8.123434003270901,0.5715431202242488,82.87356844280768,17.30751224204219,2.6529360524779184,2,1,38.905780636419266,9.93074980165214,62.1034368507751,76.86659274945518,0,0,1
38.12736611237466,76.39541637543394,86.83037546318872,9.61995339386759,1.1451018461154585,93.50715027758686,16.44848769159617,4.538074537933549,0,2,25.488764672316705,15.159401049213233,46.36086135534809,89.84148911825544,0,0,2
18.197947594013154,35.70229911974684,106.74110202219006,7.8720078366507025,0.4132052103164555,94.62130887680198,2.463837760856604,2.866698499395845,1,4,11.272208924555752,13.355542626446386,48.36666984052794,78.4753011944509,1,0,3
17.254133452074264,35.82553497073938,101.74783875260584,11.458941844992362,1.8615507762028414,82.18702291886233,7.48210269912613,8.813946780758581,2,2,24.26375325093657,10.296288588557903,71.62023817325182,56.90868580179951,1,0,3
36.8456626861081,77.21137185492657,102.12672541759008,11.222402778635022,0.8519310737712432,76.27446151046587,13.226786167771651,6.111140768106894,0,5,13.70140276593196,13.60729115574314,50.48440153791384,83.74601213438177,1,0,3
29.864739486185954,85.12788941185279,75.16040968798374,9.349390501677966,1.8392310989811038,66.56965438482581,13.042217144374565,5.478303384834742,2,3,27.03785882569225,0.481136934675479,93.3900203286338,92.88799496495892,0,0,1
35.65207189283208,26.675264489110248,81.47239485393513,7.948793492282164,1.9035323733434526,99.00002077996658,17.20700669617113,8.089705846614665,0,4,21.791998378234936,15.532706437687276,90.05114110742957,63.44345372619577,0,1,2
28.044820158112387,51.50410475983577,83.53529736579688,7.76033805349787,0.2607251327989414,65.98478433331252,2.805363232708571,2.173303118551405,2,1,37.17962448359005,4.232644680138886,60.941924140360925,30.315054983829764,1,0,1
22.392060997173203,43.62179952749602,67.86857916749553,6.200507968230356,1.0622365775977811,87.20930536157965,8.598794955702376,8.71313248468465,0,1,24.716341728032113,13.128182791222983,89.8592303196958,91.66426181662908,1,0,2
39.57306953022599,80.94819188202075,61.553406512222814,10.89492510615177,0.29314809748706255,76.59908999525004,1.9444883585284956,5.349736523856162,1,2,8.559267349086763,2.279465042740183,71.9912698204657,41.580939412612565,0,1,2
38.982476369069374,25.846744027601314,107.34514497302584,8.702299278234047,1.8402123410300852,80.42561712626733,7.791904968772563,2.2278990657211293,0,1,29.00439493367539,2.2892167184940293,49.54305571617647,38.84278534862613,1,1,1
35.8408941256328,34.778815979062614,72.03562928317534,7.950797570401587,1.1572132032855076,69.67402752943131,0.30214891175408765,8.37470319515895,1,3,12.035132714435278,0.71315287673404,76.85271127247941,51.5374996018022,0,0,2
23.16435411689888,72.67278363105461,71.99744518618157,8.826662129986524,0.38115202222236944,98.24115627361239,17.965461302202538,5.146976893706669,0,2,10.895638117952174,18.204656203070236,80.76706703298439,56.59886217735328,0,1,2
32.706920006072615,23.59056942868509,64.16895268843798,10.912427942727913,0.442984274483992,78.58411630496354,10.54087993657362,6.441404882112063,1,0,15.671065022980137,12.09117515383624,45.03349470820952,85.95636887306564,0,0,2
25.829216908200806,54.47747665000025,106.42538759718893,6.747685246245127,0.9211407928622933,96.8893815229395,16.996045216047072,9.042479972661097,1,0,0.4798671625070261,7.239238724582966,58.86718542532229,57.24283695791901,0,0,1
17.747462199799024,50.9474924275804,88.9868557469886,11.145935929450964,1.8954098375275565,50.3795708086957,1.1980940200672752,9.016224689983739,1,0,38.76562640645121,15.755554820386175,40.323039256715134,33.41748164479283,1,1,3
42.51940726386728,43.40808252921241,93.3518428562677,11.385053010650124,1.4625910152441415,78.63352915955605,4.549162209458412,9.03537002400807,1,2,21.29324445434793,12.52164401249331,58.98572820136758,74.51731759934282,1,0,3
19.104558927568842,47.620062072324664,105.57884436315263,11.680247490203328,1.7683330158309818,85.85934448626358,5.187599904423612,4.7522571327366085,1,2,30.939755754918412,12.401610358258807,60.12671997515493,76.98547164010058,1,1,3
43.50712061462407,57.095841085116305,77.28100844503948,8.384927954535767,0.8912991310949644,87.25400855811091,7.733829892775761,7.746452936020474,1,1,10.314088895115132,9.740855887260135,77.81251760674509,86.99546445824726,1,1,3
28.380173188738674,31.29571508718682,91.0753655569042,7.302842424226031,0.32562397421249706,95.24884408908406,16.05732744795092,3.0994377376978193,2,3,29.864725265345022,0.15853557336417357,51.942596778949905,57.92062564627922,0,1,1
20.55398786515859,60.03971147985149,61.939972736444375,8.241844910800191,1.9550558651077248,50.220080450189315,7.731157474629853,8.48059289676579,2,1,22.686820091125416,5.169250128498797,41.80545920366756,36.024975334537395,1,1,3
31.257028421350743,76.38026305099905,69.33862641155646,7.99747257738842,0.28005273365914674,50.01650796297382,4.09307059292654,4.075500757593873,1,2,16.965766951180097,2.181533892001659,58.93807200959688,68.71435943861869,1,0,2
41.188375076292246,73.21126508531114,101.56229025449713,7.05692347501716,1.9083903928919057,73.61317303976077,1.2998052067753685,5.17521215764447,0,1,38.82676904785848,13.248197047055521,89.53717277553542,38.46981678042546,0,0,1
36.96674659228684,30.77299332856416,98.33841781691679,9.643600020608927,0.8951854917360033,51.46468525026853,1.5898349670537493,9.022524833743978,1,2,19.753748565856235,4.972416435739955,63.948712333469565,31.195272611701693,0,0,3
39.19683443584349,30.447462881903174,77.53213457285734,8.859744963051774,0.26765820878829266,98.72662768311872,15.200944119219548,8.25165956434764,2,2,26.298343275587076,9.00333328102414,64.90562619004119,84.5008430295942,1,0,3
34.76350100132152,38.77220574214393,78.84053138871062,11.19420595394402,1.4560251555178896,61.1032587270696,8.89605982073266,9.572600846252552,2,1,0.6136876595951879,7.0686059657976585,68.14165377079614,58.23874202368688,0,1,3
35.768296935535574,45.275230843872606,86.67772167767897,6.19265748289235,1.9659455320548698,73.63323646824223,14.523622440000306,4.27125690845,0,2,12.058208259945932,2.8639747585072795,85.10732984859919,66.75036204437052,0,1,1
40.47586954695958,48.59189069859379,60.012050234256726,9.863207565330757,1.9398450149657869,53.05688150061118,13.64574243527395,2.3597674269182405,1,0,35.54766264640266,19.167404657654387,68.80149354271431,76.39944419379738,0,1,2
22.490040265775576,67.57880517833416,72.0622168019014,10.577693271069368,0.5316397696042323,76.10242080856293,2.707249235205156,9.193693807702992,1,3,30.358362444640754,18.668386232544318,45.476965152206944,58.07193666978668,0,1,3
29.682748909294215,23.96763025160848,70.41159043041073,10.556919415129842,0.5671836606157712,68.99780625737043,2.857758683845344,5.438389483984271,1,1,21.47016144702599,1.692163720732811,52.383987975978975,33.5792114734177,0,0,1
21.636283254588065,22.427089295824647,72.52414733748817,11.31644380257315,1.2396931005844052,52.233001443861184,15.106840308682678,9.004607119815244,1,3,36.00638828453142,16.547307070559928,51.27384201955451,47.692056039557244,0,1,3
44.630040239899415,47.43373940607363,100.29529212667207,10.374202456976963,1.3652834462495678,66.75621333481124,14.425365869708344,7.588662334599506,1,4,19.44882052830223,9.767473654327464,70.47179910426014,43.60388339365618,0,1,3
43.321780190598396,68.80145844965864,73.98369282732216,11.566860369886179,1.5439813489152647,69.57180101114278,7.560615337486207,8.873226149698324,3,1,22.660282567511025,15.474717691617027,41.795767903913514,98.41758145769859,0,1,3
16.182804341055178,33.54047400695378,69.57606610250741,7.995939598925348,0.5668381308262581,99.496074563747,1.5484452666568016,6.892506421337937,0,5,15.286113887901823,3.0231426182753385,57.016996510765814,81.7653817817822,1,1,2
36.16725517547066,64.90531368793762,85.21317303965158,9.019256500509258,1.9282624018377603,60.394293595968776,0.241960433969044,8.311348123485946,0,0,24.80160146891537,2.645482755550874,76.43169646259011,61.60849987842347,1,1,2
42.757449522469976,38.187969655820964,103.2822518186366,6.084477979697344,1.3677936985061663,77.23898076850499,5.763138989234897,2.083023989601468,3,3,12.760061236834952,17.81515001790408,61.2790405318961,34.435717752026,0,0,2
20.417260353820005,82.02602761694615,72.067485191875,6.041745523819747,1.732332108023471,99.36577745993142,0.18444547174453874,9.714652202913987,1,3,15.419687101694288,17.956389836821216,82.46272950512929,38.109536573478934,1,0,3
32.038356916578884,82.69829609866315,63.926812139639935,7.440759722709119,1.1951150017473007,89.60096039700676,4.601452422074068,2.6288130037763358,2,2,38.65305052829075,9.318243255072176,63.47328021140743,86.90296984899902,0,0,1
42.46464892764126,40.81010429969285,77.82023679248323,6.604843182834512,0.9749844832822945,99.66837504410444,8.390014804226771,1.2205249110786516,0,1,4.4523471919836055,17.403155952297958,98.7554517026667,96.18143656859004,0,1,1
16.018379357573966,36.09956277742684,97.38259122824888,7.561268207614521,1.960070086541243,98.41491573300846,2.428315306239084,5.777266374498561,0,0,4.210213809841639,13.349179030072605,97.92137722349887,32.19451291327299,1,1,1
35.922608017405196,48.79127804463619,87.53452723473973,7.062259767170384,1.268712398934713,74.47697710470771,2.085555156630925,7.407210365341968,0,5,1.7326407782006292,3.7001948522198402,87.99044286787547,93.72779858817931,1,1,3
23.920470221176522,36.83721096261041,100.83966847871737,6.171120149031889,1.7670287698985632,84.81879249352829,17.92874871437473,7.447765908254387,0,0,12.801780790410703,6.579085293642974,97.26343168309066,56.63945993701944,0,1,1
42.73188586129591,67.06686903041926,107.9796073804617,11.455824878436296,1.9182616936410073,55.52215634705755,11.709400580457785,4.053095606404478,0,0,15.929169698716969,2.721213010173398,52.286694497059784,44.954286245757174,0,0,1
44.131747354961036,77.82452791837999,99.63312383758085,6.049338788333349,1.4318705972651538,72.0574412523401,18.689113735255628,7.784486527611864,0,1,3.7806257627818507,15.478973378618662,85.05538994778041,37.15626501892333,0,0,1
43.32799467340302,67.11644916378519,90.19015394218766,10.416492866022512,1.2106426874076812,90.45092711333487,6.916523275713584,8.583040489356303,0,2,21.965239814673186,19.705014493914994,59.29951799916742,84.02242593672364,0,1,3
29.226426499723914,77.70453130745446,84.66707940261902,6.912887321517099,0.25614398909363856,75.26676604885716,13.542898746583262,6.4901056813608635,3,1,23.332061162194762,10.927566531320231,83.51765913657542,62.823733962726955,1,1,3
40.86127952967941,47.78945135452319,62.003454317413336,11.4733777319976,0.3200343712932605,85.1349516408616,4.093833492435808,4.473928064980885,0,5,30.041067744533123,13.117288282297855,62.43360769799196,88.26966473546798,1,0,3
40.33648195605211,30.942187949620262,109.21609894070207,11.356775637539315,0.6014896280894536,87.28756649921385,12.366806345598825,6.522171257495926,0,1,39.03872466463206,14.921851362672733,57.365239584651135,45.83100073974735,1,0,3
24.573014197297667,71.65656631783145,79.17405612875213,9.923406878215545,0.5755147557479917,62.67345706214469,2.5917146001996882,8.76007360316191,2,2,24.774089891695983,4.485182048609808,97.5277057132996,77.49976257826972,1,0,3
39.86746422452032,45.23321535990877,67.61141069584335,10.033404898803632,0.6958278915997294,93.78496864712827,0.04161278352571518,9.104245847533122,1,3,4.466032267237816,6.720024952668684,52.593126505350284,38.26851934062896,0,1,3
16.110229041464777,66.98895776603928,93.33544276982283,6.032034851818131,0.7836356159709065,72.99112154545895,18.63063602819158,1.2836496441654868,1,1,3.5409697298313114,8.246424226484695,85.51411567639376,36.28254788943388,1,1,1
32.888096354461595,38.9450759387236,74.21441445477296,11.909229396681612,0.8801146137137744,60.50925518107719,11.097887523504186,2.1015870254287803,1,1,31.101874546014848,11.891766242909442,80.48032979227332,39.337989525322605,1,1,2
21.90026511863109,25.686074436467088,89.28891354655238,11.266995621454885,0.9859409576205339,93.2707940894222,18.53881325564079,1.0406264313508702,3,1,26.01336514143707,17.009851562975513,58.20865850848385,86.62309103922149,1,0,3
18.617006573318363,89.48072568414344,89.33839539222956,11.370637354380552,0.42301609229802567,70.89094030531268,6.67663047404144,5.431979641238389,2,2,6.476575788262471,5.084070891798122,67.50058104953678,75.8933814802848,0,1,3
17.308596048876275,30.934105555141947,82.28649104514346,9.95546722230523,0.32413338091736854,87.51562191898599,6.555721383235136,4.927518347322369,1,1,10.134398907341362,9.417776014555779,48.57658575545975,41.61747243535608,0,1,2
35.88866327634419,89.18946957744367,101.80593077725213,8.06872157192722,1.429402785877791,77.40165361107964,8.013100035460635,5.9122149561254425,1,2,30.009615491700732,15.030678224094235,95.27251626224336,56.934054747962975,0,0,2
25.196248913041984,88.40959527965131,73.24835307777215,11.361891894542886,1.190335943475386,69.09358761172501,14.120819679163365,7.152820587705489,2,2,22.64623127222586,1.747699990092486,98.08718809164583,83.45802068295197,0,0,1
36.74300314586284,75.56726727356278,82.4316295808867,7.749101568907154,1.0272523538852094,90.49382075192847,11.316172683723485,4.292053677441124,1,4,23.40000250010156,10.25786916652357,83.94778190508157,49.99720725897211,0,0,1
16.96069022396827,66.15960734573983,86.88460642954857,9.376269260053217,1.3602698970446165,79.22349658223065,18.507098141982357,2.8771954188701083,0,1,8.400346851516382,2.8875940673145006,90.96522062995778,94.48845986191671,1,1,1
24.45871013491831,60.44649351757593,93.18123603836497,6.598385834063294,1.698438962606196,69.52810512135159,0.5088180226487871,4.553383405470939,1,3,25.16231926630846,10.782977934546986,44.95704584807912,94.022195394518,1,1,3
31.184738771260115,80.62710817644843,99.19859252527948,11.5317337807965,0.9984625909533581,55.47989351675635,14.163918759450729,1.0810990061813652,4,3,30.82514381629021,15.356455226308736,63.03811707738349,68.70305779863065,1,0,3
38.721694945168906,40.26076651336416,79.7403641439128,6.84462274662728,1.371959063840964,94.7722656883354,6.6065537873310864,8.465020091700335,1,3,35.410089018553876,4.738948220898795,59.84866689293289,74.23819884064804,1,1,3
24.562575087962095,52.73768487394139,92.3023472048298,7.349380834382444,1.9187513917115278,51.773479267083324,3.6046730363692236,4.453536697722491,2,3,29.46869299272197,16.989568909694096,73.89709393714415,75.72528473714809,0,1,3
33.77674129311028,63.35729785565513,67.53054765342596,9.34880494876929,1.7193428677577314,93.15936741840281,10.20791245040198,6.605095082038297,3,0,23.055026040360644,6.696082201635001,51.00131768045107,48.092792042855294,0,1,2
41.57933244708562,48.78333331086438,106.63240502712392,10.58455800127789,0.9955014183792166,67.99807624415777,10.10127568359992,3.92253060255791,1,0,26.930372289871073,3.8156972711554027,73.80287923761986,55.57249721067909,0,0,1
33.47589564546914,49.924051786318756,79.15294032105018,9.716107835617795,1.3782544661758003,81.9669381750703,2.740220573768568,6.53331149955983,1,2,19.40445850055511,9.306467901417042,79.2619219345953,39.51587773429193,0,0,2
21.988784242609015,43.11992672514591,96.47607109882192,7.392803476800937,0.5598741133528946,96.10998619178426,4.037921122657798,5.8639185422984195,1,2,9.075929724704901,17.521501642104106,47.94118551143576,94.74099391577083,1,0,3
15.732023446696141,59.496227167917525,61.017054094108886,6.005658255164942,1.2309138235664072,57.58533077519492,8.163293298031098,2.8770339689709594,0,0,35.288278910877416,1.3786612234820583,47.90324253192664,80.66946070868865,0,0,1
41.1029662170279,79.54021696105812,70.25935714524034,10.542903481844636,1.9673245094922749,78.34752378194051,8.176228247846307,6.6279162236011295,0,1,21.30490532669701,6.551429324332907,42.125403390589064,33.24493864328533,1,1,2
15.638082325511615,34.1069864604419,84.3541272161789,11.911243955466563,1.157051451604414,88.2216431185096,6.351162792393694,1.9866017742052784,0,0,23.7727324458894,13.063263379382263,85.65354697744866,68.45712150685416,0,1,1
41.24105018052598,85.4103127127409,103.91262338661733,10.859478721836542,1.8733670235827578,87.87919163595288,2.9709030301996187,5.32977262145519,2,1,39.60435655012731,7.1516173739117095,59.86051221032828,54.01516143165715,1,0,3
30.86811402081636,68.23613576237608,86.36275749753386,8.761239708939693,0.9628361108807062,76.2815957299752,0.08747358201959043,7.478902530903629,0,1,39.40062713090562,1.4164798946523116,53.52522734468813,87.07015139429865,0,0,1
43.17203095538689,77.6291248876021,106.49352411469395,11.422603568394639,1.9979784475731046,81.2369729953229,19.40470124856041,5.941564496493938,1,0,23.45243939999749,6.6399793756094745,86.68566370271373,54.06600614834589,1,1,2
38.963497073209965,58.93334848410081,84.18984482913982,8.459086038710101,1.2636350616482261,87.87634970664223,18.869984594078538,7.716439607089229,0,1,1.3582904806986473,16.419187722730605,48.59534140537237,75.09050872206265,1,1,2
44.93802331600013,74.56616909968444,84.5224548367975,9.149604505460806,0.3239707399128855,92.05138188787059,9.673007583522704,3.458463289256602,0,2,15.845901521793735,19.360750450100518,65.6310056258383,41.601823341960085,1,0,2
25.521354463551305,21.134027813762703,65.98733942502659,8.8627786043741,1.276820894209929,88.09065484379319,19.901035065500114,1.4393667699145816,0,5,37.49173120203557,0.795583947954368,84.68720053111164,69.11288427543411,0,1,1
38.0156486679338,77.28662973456747,100.13281220761098,8.68574323599315,0.7305022174392941,67.70024715906213,13.473086615644865,1.5037333987274173,1,0,11.532263695040367,11.385676352701386,74.42993905523059,50.572001278748445,0,0,1
27.057927408277266,22.809720135975656,72.34827062335313,10.651144615763435,0.30684231356281577,99.83632005288666,1.3771507521508308,3.418529367928434,0,0,39.97074740785264,2.1060686605369616,73.24000860954538,41.54218956537589,0,1,1
29.396268609117264,82.29393634540037,104.98062446861576,9.160613443616953,1.6864932832156607,71.72513468596522,2.3543639816525475,4.669003829314818,2,3,3.372701074262099,13.607930583120119,49.44780464296151,73.34814028555192,1,0,3
33.8251638965511,89.43739230670504,105.54121101651981,7.900302732151296,0.7325268647163229,51.22323513794667,18.322216877392755,5.83754684838209,1,6,22.724567240207488,0.15784452016101902,50.85596367008446,74.7048840010763,1,1,2
41.21031342559016,40.58472235237445,107.16550559370748,7.54894900595087,1.6439599695813722,68.13084757927311,12.60104404299257,7.818951652641509,1,2,20.61797440698777,0.29483251414746503,74.95352763458447,98.83476467936507,1,0,2
44.52250407597886,34.72229894000556,86.0115244551545,6.226483901804601,0.7543807701727672,56.389147728692166,16.863672533147025,8.556485351432865,2,1,10.214116534708001,15.537596528611479,41.414011664839606,76.83742417627809,1,0,3
38.04820241593555,73.57543547006284,93.85468923918222,9.499170971298277,0.590071119279105,56.072130786418754,17.965392992676886,7.243128765076826,2,1,37.944285225803995,1.488706453945956,92.14707933780463,66.09969569689898,0,1,2
27.533003465020013,37.71184386441773,98.92579400308318,7.379768492406205,1.954387254682748,64.07675200534472,8.958840225647721,5.16888059250415,0,1,24.76684839989241,6.103633485741284,61.028248038458486,93.88345901593247,1,0,2
27.640710068312103,80.58936682205425,66.55073093252328,6.888803532098299,0.8828793235712842,52.66877470886304,0.9705190315338608,3.3803831428458224,0,2,9.209131337787046,19.16080848207662,64.99697302103962,87.97965730819192,0,1,2
37.12746904766674,27.19898145102337,90.04785974987486,9.922979782966067,1.302408370025531,84.42560942047815,3.7656069779464407,4.85022092386534,1,2,15.36192791353345,19.704942348949427,55.505940083956006,68.41223949081251,1,0,3
22.16331437304907,28.81686374655508,61.714895065165585,10.087255546929292,1.3174676124253253,53.69944421009525,1.331438946048702,3.4605653672154926,1,1,28.849177075282505,3.2280572377213357,92.6002659557862,65.7944354418565,0,0,1
18.31422339394184,88.5406088570431,84.87830416943629,10.512929353545996,1.230828593803628,60.164477771797806,3.7747969139701465,6.620163524838951,1,0,11.907868507852545,11.218038428717003,78.5502443683543,95.93784300011139,1,0,3
25.638664729223294,67.16872287890033,67.74213408101137,9.02146137803155,1.8507175511621257,54.64498572470597,8.210658529117536,8.363861744454171,0,2,35.18424808244725,11.182976569805998,66.99450814210401,73.19889307712515,1,0,2
23.61716974962245,79.2821057100267,69.14614629810424,11.364327631223318,1.4302718748920198,53.15838654515155,2.3639362102997086,5.663698692223097,1,5,6.626955918304964,9.047613810652265,75.11852773958447,79.96454184186548,0,0,3
23.889243613679703,42.703056414606266,78.25237833463008,11.618056520389366,0.9565327571836278,63.38758327697708,3.3346649561068653,1.4125552719333387,0,4,10.580203594593947,18.494003165279914,62.82217575852346,36.06753295030422,0,0,2
22.0082325314973,67.35386246644231,81.62185833582515,10.844225638754937,1.7591656729174796,78.5949483830185,8.916435641433583,9.457737651248442,0,1,5.795944534644,15.080678182483208,67.93494869706473,80.28139348744816,1,1,3
16.262795689090858,61.5969279116018,91.15862122660937,9.813560892049123,0.5668600734529377,98.23427782234208,6.803419007769791,3.6485561062212986,0,3,4.167153550379932,15.290538713638878,61.45793160485707,48.527728954467825,1,0,2
15.536218042002414,62.22050840860629,63.721420921925784,7.8223257215471325,1.2024143258182305,93.77783271748032,9.35316248376082,9.230593046669348,0,2,12.012616938557073,5.391388635386862,64.64048765265012,38.08765462444042,1,1,2
44.63167169208094,67.77727216764052,85.18458806187223,11.897669529721327,1.9134631509015736,93.79669627226625,8.583440555181241,8.317614722742894,2,2,39.96714985341762,8.686395444032776,58.89859264056582,89.47662761637169,0,1,3
27.83319401207587,60.2751421190369,69.13125651265506,7.64481700315163,1.3444458522907223,58.80335180188288,12.88956051959767,4.718126019783693,0,3,3.773176530466724,9.748473969509062,44.658464652761324,78.38337606569222,0,1,2
26.52979941479045,50.03436585118662,88.69875875158709,7.215941531942587,1.6796947883310334,63.245359674891006,18.74379097751709,1.5103339046573094,0,1,8.520087673891531,5.97824082408833,42.24077668979013,58.52950185666913,0,1,1
35.389418480792095,39.31458860663828,91.87023061305918,8.652924682719497,1.3937312697040876,53.819665839765285,2.1572867688848496,9.529335139805262,1,6,10.864671963120083,1.8963555032411605,50.446372256064315,60.199170834564654,0,1,3
21.547616635951925,73.80069316392414,87.83546282764269,6.34104342427433,1.718899011191308,88.92341699575925,1.9852029861838982,6.93148300472349,1,5,24.765187378888154,2.5271844994443193,55.09826462972382,43.79824055468715,0,1,2
43.49883551850676,35.83907010022303,96.91477552391538,11.870966788030746,1.9028537897291764,53.490815074278096,17.05612222181804,3.246885843304519,1,2,29.813827856314102,3.613422563618436,93.42831163538094,30.668569682639266,1,0,1
38.590350432466565,68.46480143080899,76.78046221204507,9.530601338498549,0.7276130231822894,77.83478354104267,10.127934093049182,5.801825830919948,1,3,30.07734699416183,4.073066687298967,76.67491927138629,54.45513976985637,1,1,2
17.682330069367787,36.33329758545287,98.25532958165655,9.34171254998505,0.546906892199258,62.39377861619754,15.328100471368844,6.718334579889027,1,2,0.34543927755324777,4.845236184210881,97.49783017743945,40.38900517778099,0,0,1
27.52742327354785,63.77311189681177,81.63835408540969,9.93477767939832,1.0969838130819447,62.172281701437235,4.308438072145629,3.0399339443021995,1,0,26.07401835197861,5.1092005792698885,60.378811611737774,59.52087569811207,1,0,1
41.37354922686494,72.29547869903203,84.20922491612984,8.98214188666324,1.4782592469423776,99.53625276238026,16.577251463351036,1.8418644985304977,2,0,25.22947517468412,9.11432690975072,64.10428022802623,88.36775615509708,0,0,1
43.34196066874231,35.30997222345775,92.40510636305356,6.19238110256725,0.6475846930688782,87.83899034892687,18.47693248385392,3.4071899125119667,1,1,20.706187275595088,10.191463816520825,83.18519365539142,38.03280543819038,0,0,1
29.022045337496092,24.19603106029158,60.9179191999612,9.67386773304238,0.2571775382527924,91.84696791455251,12.709660310929765,1.4284240143546327,2,3,15.168342456150366,6.177584162527118,74.67412465804182,36.422752149530254,0,0,1
33.40234167632123,29.168162009592187,92.69971107101242,10.297043261738583,0.8501364527142343,78.59913426720064,2.1175804294760447,1.6298785922037333,1,2,31.897767898449196,18.145928398414565,71.67280482292591,93.14715539758933,0,1,2
20.011018382762256,62.41978770897178,90.92925745360577,8.50049436374432,1.9455038370686297,93.55071436968746,17.905896283126776,2.4092653914393067,2,2,13.75523181733409,11.062794466779092,74.53384249383552,82.15976937068262,0,0,1
44.7350587841093,79.46124843580148,75.492355837664,10.543773432427157,1.4661930560602316,82.27452695831764,15.849754547401426,2.4256573358329394,1,4,9.200490884264049,15.749538560668135,75.04811873658758,33.7148905932313,1,0,2
21.950151041503304,23.149777486479707,64.28971424497448,7.3620077960305235,0.9523195268971418,97.30868523981727,15.017555530289798,3.2315642643998483,0,0,12.403806982704516,18.484756648416866,85.94442545227187,35.56993396803087,1,1,1
43.281953224053765,71.39058813291524,64.54677249565205,7.327659546397104,0.5870081703569706,64.06692930228184,0.7345637781183112,9.43686308970036,0,2,17.585916684926634,3.262702291516104,80.08492163890054,77.94469597042493,1,1,3
34.48939946977106,43.892305216503644,106.16118734926144,6.968501926125444,0.8731569290708072,79.76597728914476,15.979250505139424,6.182380205869625,2,0,8.562295520109583,8.557489674312691,97.43885492092409,55.924094150338036,1,0,1
33.232103846365774,53.496985894366574,94.46396606129186,8.231968558734971,0.547219008277184,84.50656739684462,2.75902020936714,4.802546619461204,1,7,24.30284984821946,8.664208034292177,96.877781083386,80.69213068811095,0,1,3
30.38065533049526,85.02016848918959,66.35513068853702,11.082072212334502,0.436035187297665,69.64686525139034,4.447723523937768,6.074197017211067,1,1,35.36836810047583,7.0894450087670835,65.31537098069377,58.31178485103344,1,1,3
21.92009435153276,43.238005331509186,77.83615846544532,10.967472372894386,1.8367991520019693,93.98539912020266,11.54269669738515,1.0514039786227412,0,1,23.818404966483,0.1781173310327988,42.14335657071462,97.74506811248173,1,0,1
20.295840960165247,52.573585375764026,89.62414969507982,8.296945247781023,1.9958880921570787,98.99015815520772,5.2996154583376605,9.052722187428992,0,4,17.86673229909525,16.3194421555619,40.664486933123634,78.60916285824558,0,0,3
21.61458627210526,20.95776903324768,101.77858525453243,9.534712415881419,0.537200269292633,74.68847456863308,13.226964126238395,5.790818269485506,2,3,31.87475064899616,2.231186431078056,47.391604293272664,33.26310353919724,1,0,2
20.593147864327634,25.711910400338684,62.183046435650425,10.324897898849493,0.34541447803698955,69.53203274021695,12.161408953981631,5.064855985260112,0,2,29.921544914981148,19.90961195843518,44.493843933885735,53.13512424141564,1,0,3
38.3875342070026,38.10141137943488,71.83165657350044,7.447240647768138,0.8270294375058715,73.59689642782294,2.1629919602652525,9.474417454425682,2,1,14.682324861227848,15.459169838223632,62.40196293825211,69.45243302952206,1,1,3
25.5037577750019,21.94965685747521,104.487449514769,7.008846515368482,1.057903566332477,92.63683728659657,13.120291591830126,7.573672760353425,0,1,24.166138826614475,11.60020035213029,43.172475933040175,39.93115467402502,1,1,2
16.73528029690189,64.19627282337757,60.45827750919082,11.832575959273866,0.6084371823827454,82.27342127590839,18.4790981964986,4.036787560380608,0,2,29.193714412719647,3.092128354831949,77.49484216822708,30.176421005270697,0,0,1
44.07307890422434,49.847884976113576,70.06995513969437,9.705343879257711,0.7774935956474773,52.238618625904756,3.2221981037166625,9.425417333112504,2,1,9.81853032077764,10.30785942786494,51.41045355971663,35.55156926252014,0,0,3
41.51357654890277,58.37016419096154,107.9512087986483,11.888494331001983,0.6015237874604009,77.10849552228575,11.941240418857749,8.66797862494195,0,3,14.650955163367595,5.222174817156178,70.83791911417526,66.69844343873176,1,0,3
42.83256849585639,32.22530301274307,90.67009232610856,8.026535922793375,1.6049559947567897,50.86500613704849,6.837307438733882,9.590803563787045,0,2,4.2310428219988205,5.046450490861389,46.18472695802411,74.25785636198997,0,0,2
44.847234679393054,40.71524206056313,73.08356833187533,10.21819019984479,1.4970114006827062,88.92676855017027,9.19223343547208,1.8660154367017088,1,0,39.50721113227333,16.59058498764971,89.66374394969752,36.50323629859487,1,0,1
20.216857476584618,66.46771323969077,63.34955471979238,7.335621819247426,1.361165152581718,66.41561367712319,5.740003581579398,9.597564004484342,2,2,3.435106016925431,7.612888479188693,86.79752969159895,76.56095667339292,1,0,3
26.887260567079764,87.57119065412799,61.40956702236111,7.567201027643478,0.9276312498886083,73.60037410586646,7.082612726953905,5.885945549843997,2,2,6.744245004943097,9.014476067816082,63.18923326308372,73.1986910078273,1,1,3
37.74715427112274,23.529174152154646,72.23725398184637,9.071412727617744,1.8408216472999128,89.9339052953816,0.5782364653311456,7.0499357163312,1,3,19.19327798656559,16.859294755602367,94.63559995153503,95.79278874078838,0,0,3
35.88061854161377,82.32690245986862,104.07429097944552,7.917708753048427,1.9466819476862849,52.322440864288076,19.631034758344413,2.910150097154574,3,1,34.61087334178157,1.755812514376851,51.14203877112263,88.8472844093589,0,1,1
19.616877190195652,60.38168409178459,80.79568271487548,7.005729383043507,0.553868797094471,57.927076779580524,12.495998441454965,2.26361341046766,1,5,14.235280917918377,11.892357061820992,88.83620231278218,96.02693046172756,1,0,2
39.474993749718536,59.47436967289366,96.01666845829965,7.577284211935956,0.6402721224707866,69.89801882225575,10.014111809877706,1.7144874781840125,0,2,30.743845901253835,11.564313627460756,72.75132606259828,97.62753362097362,0,1,1
21.73321715509982,55.01949746454322,105.91425176899789,6.214490366795188,1.1698542990006469,61.49625817727803,7.674306990006534,4.800817829302503,0,1,27.041362932649445,8.504291385333504,59.77480409792443,60.85659751857354,0,0,1
21.71452844467869,24.85758601329284,80.40202308014082,10.22654172886492,0.4096884962439292,66.89507128875316,10.787491176480552,2.9921452266332667,0,2,25.546563086387156,16.59549282848186,45.06165609505646,64.15374768946074,0,1,2
31.109232686802407,26.29137962153125,69.56386855186986,8.95269994251517,1.0137846979404475,99.90873689462325,7.602119974316079,1.7346061782969984,0,2,33.80069003867361,18.857801226713853,50.278667584465055,49.713537780237075,0,1,1
32.78819804525109,62.06384039613603,85.85589654284598,6.565458398427154,1.2681347133609928,91.27072187869054,7.198158549873465,9.595595763358222,0,2,0.5668115851450262,9.306717238272215,91.77175632134126,65.59026818163858,1,0,2
32.402586235134336,43.86710000048908,105.40418435299273,7.030163958770947,1.163628749490333,94.19509074800543,9.278930834440262,7.6005220892278365,2,1,37.16612154241567,9.122941019967994,76.41316451150291,40.55002887394483,1,0,2
17.744605121932647,84.20876466043765,100.21872070688502,6.615207228675864,0.8290900203865457,96.85273167828876,5.519660673423816,5.6606905738035715,1,1,33.16904721345173,10.041274593414895,54.22573350378997,77.00016725307385,1,0,2
41.32382587891141,48.46133761516306,63.29149216815769,9.675556849655258,1.199280160635112,67.04679401570978,3.600997999335709,7.690127345267587,1,2,37.51468878607309,14.462480616661232,69.75117264733387,31.745277426552068,1,0,3
22.96800127766118,30.029702109184875,94.6286400038791,6.565262181674963,1.9279016699529836,64.85384788982364,11.13211796360587,6.503123550678401,0,3,31.743515354267483,13.361205813979247,46.470200189514514,46.493942939988486,1,0,2
18.885447638484123,70.03031834514252,88.59487612294768,10.525693998211295,0.6105304575099081,61.703124628603746,16.855308723006022,2.602293344922557,1,4,35.143656298170896,4.456698984137741,45.93054950011556,44.565018873392056,0,1,1
41.662442396069316,40.534739500870685,105.37315881732127,6.123065515922347,1.3959548771895063,91.50584556540613,3.056563554517846,6.7009279961855635,0,1,8.123121927979167,1.2779069719868663,94.46587909823009,95.65223499954378,0,0,1
43.6695449468926,56.78292151491252,66.12407084251487,7.496254727975352,0.32594421477309077,83.97759311425925,0.654686812084373,7.12911041977184,0,1,12.769162675082022,18.985082596335786,67.47137735577455,40.14312261954944,1,1,3
40.86382851796352,68.8482949853619,86.70180566023282,11.344000055351444,0.36622870784251116,61.80859912414387,4.936234903080723,3.137237552417674,3,2,12.608840538829238,5.221395194674086,61.694029237068214,92.3542815548166,1,1,3
39.285482241746344,83.01848778414492,103.97313467559462,10.311187908733476,1.2156993923912738,68.84969146052275,19.594412869076216,3.8813018255108855,0,0,4.36666983512227,12.771933693811835,96.94430959865565,38.70507549577147,1,0,1
34.65725941917065,75.45338363611734,80.50118933708715,6.437809997554126,0.4336435655739116,75.33558819663992,16.575161474866785,4.449705937834236,1,3,29.183170211383633,16.568760054874446,63.94004071643019,75.54885903963236,1,0,3
31.52572111827418,67.34527475109068,84.09974588664335,10.926756626911079,0.28910687974700033,76.40700286368768,11.917321070571932,6.4229197571221395,0,4,5.446835707482913,6.005535010943726,60.17452768321482,52.39201777213367,0,0,2
17.609602797342305,67.57432276766005,63.523033883347914,8.958210729241229,0.5501477458840388,94.43638642758573,18.58497830486272,2.141271838507308,1,2,2.1003666431624257,12.708668273138574,56.379170269470535,52.12016579828941,0,0,1
27.25359639212096,86.21472508224606,73.90718202244554,11.080698163012975,1.2384860492492553,69.02830664736081,8.905582336744892,7.691303111544688,0,2,31.017874802202556,2.1580048229844984,73.90376924482572,99.87897700850256,1,1,3
26.18065551036942,40.70768682475752,76.22533245844737,9.60443864670236,1.4808466704081318,95.42620152502562,19.66561205150348,4.114218436870276,2,4,36.186526789277174,19.398628887513215,73.50463553654268,45.823000045504685,1,1,3
22.792613512809787,20.077846593733117,107.25612243724434,10.090998192197151,0.604337487247415,72.06837801598948,5.926040902385681,7.225953577235415,1,0,30.56493391860533,1.1631655010125175,40.9716505598177,44.17920475541098,0,1,1
36.702603410657545,39.03681915787391,74.13336802705795,11.961009362374249,1.4194540151143054,87.3186337396177,4.806114990318782,9.39598654045181,2,2,33.014088513279056,8.763493476819527,79.24373943743839,71.25343243685745,1,1,3
29.876272052363124,35.252396573872076,83.0434367634826,7.3940132755441095,0.5693335794236514,96.5127159992528,12.76096402294022,8.828871820826098,3,1,23.82486711323085,10.736384841200465,87.29842618158722,81.85266779200012,1,0,3
17.431386477229438,66.32842095797987,93.56522117821399,9.74367344856833,1.3235504966047,95.37878519816331,7.563079359007208,7.638230165337443,1,1,35.50985351659013,15.809635573267279,76.95787254582336,98.77531664664133,1,1,3
21.60549605849434,64.35981198358704,68.10916862039387,8.76192834034439,0.970929439817648,52.847643364784055,12.527310839525157,2.739942852861147,0,0,19.868139294314204,2.4225703414484245,92.19328829704226,79.09896419662226,1,0,1
35.49776290978788,61.54229678933067,84.32211935709373,6.236711717536148,1.3941491413338294,60.285214748828494,6.099910366053716,7.588669317179577,3,2,39.5329047394986,8.81615947710353,56.584981662200555,69.33097463752867,0,1,3
17.283925784709005,21.13704102466176,96.92695197379538,6.08682384901719,1.9913423168386828,73.84527127661376,12.358365136759822,6.722104653694273,0,4,4.136601710777956,5.9942313908690465,51.51876416612455,58.639220243066134,1,1,1
40.53620742146306,71.01446381154533,103.3427606513533,6.715371466907152,1.8911796891569834,71.57771449765536,5.514925211700728,7.952921402608809,0,2,32.36722826805536,6.240214313866801,81.83668562919843,71.65789662808665,0,1,2
29.85439581041923,42.64712887398441,91.31296373312134,9.894550443231289,0.25749307621318135,82.04458324186035,1.0194413763777987,8.819325287545599,0,2,25.655576640451013,15.575758321305017,51.31354613201964,72.05844977268842,0,1,3
29.41759731979944,66.55391923046417,93.4526757658474,9.402978527480354,1.799517837634035,97.2354525412706,18.242718038463668,3.8032760263500456,0,0,23.225842728847805,0.10921890063666284,45.46629276251578,45.23980457050266,1,0,1
32.77223353978553,58.96048999515073,66.31417362922845,9.320577366982365,0.36635889155584145,55.62023556389744,17.664104037469244,6.798736651781634,1,3,29.032421234444854,14.981672826719326,45.79690411237971,76.98459930736624,1,0,3
39.740428977754476,43.9911647799535,107.28882486231736,6.191140575169561,1.9178315257797287,72.59293325671203,19.41596298545344,3.4762436672919996,1,1,33.61166123195395,16.207968602462124,86.10360959354308,44.30966534650828,1,1,1
25.43427623706579,29.42033869728754,66.62870387422412,8.815817978160043,0.7431949384244483,59.620551894356964,14.330543524428094,4.116564453129715,0,3,34.515362673620395,18.02724487684138,41.72423810008626,64.29683763767514,1,0,2
35.34048457677191,26.609322836233666,98.73364685908992,11.547736907055171,0.9185609532197242,94.70537991989738,13.654423554706058,5.685800898297616,0,6,7.015238517759399,12.53763606460967,57.367402290352,48.19086588409387,0,1,3
31.97195891987373,78.20628331785565,73.24081608891595,8.38555121586388,0.41036685905752374,98.22900929008264,11.180061401496616,4.907470525589297,1,4,7.88143719011877,6.6691065654448245,47.751184596644606,51.89607166108257,1,1,2
23.01084810508264,84.28782794570905,106.67965718506258,9.749534818730737,0.4464773270755918,73.9350840945175,2.5188483270504536,6.405675422232987,0,0,0.6466603805438842,8.544694650977414,85.29460880797032,72.97139139972208,1,1,3
41.358899590654744,65.48516327350097,95.99797696847398,10.67891205373886,1.5217959891513093,55.200514886407035,3.784706218985401,7.828853233408344,3,1,5.273698311690911,19.394721645748586,70.20958513437904,34.51395803164602,0,0,3
38.92278064820785,27.240388040233835,97.69068564891845,10.703551674851326,1.9025814125595104,89.26473333613366,5.789393773450724,6.445180221439789,0,1,10.555299713996984,17.623736528717046,52.32954486986003,30.842437072695922,1,1,3
34.75355503975277,48.14190518217685,70.95295865299417,9.115680494371627,1.3188098661700416,84.85706752461995,17.803127251467888,9.728204451361918,3,2,28.841432902011313,9.270518181988841,85.02465391907603,39.143400668335055,1,0,3
40.51745187282726,71.025744007361,82.15199883175804,11.147711672414019,1.5027375271719192,67.73354133051552,3.4593904920615026,7.643080082082757,0,3,19.030700360100404,18.86126014221845,85.0219905482898,41.80948846521483,0,1,3
41.01882602879407,74.58746188070477,90.89065972946432,8.348268560182483,1.5834470530450186,94.37037369844818,18.457463489757814,9.865106438157829,0,0,30.316141423360694,16.45909750812918,71.38135882411905,43.85110776319438,1,0,2
36.25088930145104,28.2753035603762,98.49868091033005,11.332159288708791,0.709924980467648,98.79159448913535,10.455714661028344,7.690966516486778,1,5,19.461433912795627,18.021797233195894,56.55098722331258,84.17517491501359,0,1,3
40.11039985091016,20.00215031917677,65.19796879561947,7.441362998373272,0.3291518541103761,77.89269245650976,14.311392709461444,5.571269850243687,1,0,22.223898116398733,13.65954469151842,75.1766259557333,61.2800576926515,1,1,2
35.92414385007851,69.84959321164234,108.11826582272641,7.681298441943426,0.253277301858545,78.28639556721461,2.2048897336113304,4.699051867843313,1,6,4.442663463743299,17.1530808692399,96.01180604525152,62.89552936909905,0,0,3
35.40422315280901,44.9617323190344,104.51103352772779,6.318723745194006,0.8636362451695326,64.87567525568889,5.380670975518218,7.620943511229267,1,0,31.0623313870413,17.835322826686514,43.098183257573126,75.10339139988804,0,1,3
33.55834134645553,37.81369321327821,73.51742952477922,10.773491019253697,0.6725623993486282,79.2253017991657,19.170372163628528,7.184119514916115,2,2,30.325061287982194,1.8403316908134282,56.01699079730754,81.03761378889934,1,1,2
37.58149918672923,20.90282288526678,101.1380121516166,8.502331417396233,0.35905601883607485,71.98211602624232,5.322998938594628,7.0188823332151555,4,4,12.302463667224783,19.30433953321317,57.09815172356068,30.245584468740525,0,1,3
19.75815315879221,57.82095847330498,85.91619615199117,7.374699683468394,0.5641745118639168,65.1095513464026,5.930434407822922,7.49605459803575,0,3,13.143123112016077,6.672261975281266,77.90869981509297,89.97077350636187,1,1,3
41.426122775967855,79.58055147981872,83.09032407810093,7.390741665699478,0.46787307196890865,53.359259826195064,3.9519476968215894,8.849549019220142,0,1,8.78725802292542,8.79799019166711,79.06986379971684,99.19043930918758,1,1,3
41.15530583235696,87.03421523908115,75.72170529057027,11.408399647375399,1.8510371660803981,62.63539298545625,2.58147330613659,3.0498427678667714,2,3,32.55358704144611,15.838075183856306,52.378923696622806,38.52652025668952,1,0,3
15.877418491036774,59.60214654293024,89.04842933157963,11.003499602766222,0.4954676235535456,59.89273248388322,4.665152829079959,6.084052560050659,1,3,29.880272078471215,13.297926111449954,52.96603585975064,75.57564085598325,1,0,3
39.77450251694288,56.012292941792595,96.49445588517989,9.3211853121431,1.1908848119784385,77.10209922769745,12.846537839015967,6.429710688645775,3,2,24.365909527370107,17.861198248721145,95.69276107115017,30.168962808068354,1,0,3
18.866096024203355,25.953946984246876,80.5466452481379,9.696664802494325,1.287935421446288,80.08350108817969,9.10735467007127,3.635711540245415,1,3,9.552884125187898,8.011475015535442,85.37792905976866,33.432064032220765,1,1,2
25.053565627774255,58.42109610798198,91.46095965041461,8.845953423301747,1.201106550990109,80.42858621530083,11.075116726757972,9.891546532879591,1,1,6.87413330454977,7.465763273523171,96.05618191190317,49.95007140602387,1,0,2
37.30524768874823,46.598535527577624,94.96564605776518,8.349999257272852,0.42334875987797893,69.40905005228396,2.4472965753204856,8.069841247115978,1,1,2.010754046984524,0.6337769908263935,89.7797792897619,89.24828590937439,1,1,3
19.822796881449246,62.499469661850384,95.55609085076429,11.492861287309989,0.8078971330634646,71.0614866842748,16.042328943258003,3.891394922548471,2,2,1.8244592711407792,9.254507533393161,64.1270788158219,75.67506310064162,0,1,2
39.53901072357186,47.21084435135827,62.598304906559015,6.753676221121813,0.33972308181051825,91.711921482032,15.68189401159696,4.225909201012746,0,0,7.48544559233308,14.481415406582174,47.314458210710086,61.20746523806288,1,0,1
39.964025338732256,36.82093864152567,102.98739028425334,8.510680738297367,0.9424223496685531,73.81164067585811,0.4317982228535078,7.46432333956114,2,3,4.021301292928885,6.023574352524321,77.77302197540428,60.7018931521675,0,1,3
30.224032012825084,26.647569265986355,82.9126657382524,8.067371447927252,0.580048129725286,99.38866660685612,7.670301890206099,1.1034407934400838,1,1,22.24430691689772,9.254530273476828,61.11946373545926,62.62375020471887,0,0,1
15.191576151505007,42.0442911212227,73.12080408481071,8.98890432150689,1.2328569332476647,71.98086150044324,1.3754120394229563,5.1763630390703,0,4,14.32360511177908,4.38795536970556,65.52471943550911,51.77231754607027,0,0,1
23.61114399524738,26.76513840014266,72.08822537398407,8.74579124727105,1.462414689235926,82.47904723089195,15.842115588299162,4.087998748920037,3,2,17.797831286725852,15.455756117429214,65.5527844566435,91.440016233786,0,1,2
33.507807551272265,32.38278655767888,84.15070564219752,9.113337189906488,1.1812097553582364,52.51814994966979,14.745393662514088,8.68602671175029,3,4,23.762687343487592,1.210231226822942,96.19117729985277,69.75083918398582,1,0,3
44.435585340822705,89.11353110056821,104.34157697344796,6.839513863361964,1.0099142190699426,82.66699622094055,18.039761885863122,8.121654194040307,1,1,26.364069814140546,14.107661100009965,44.13174515155562,63.8764974468097,1,0,2
33.95440581050005,51.087248983463304,78.91737908413235,9.078849009079661,0.9278334864992117,92.5713197207503,4.728079179062292,3.9888723404843827,1,0,25.92806879530312,7.57880023489967,51.5862256881843,62.55536222099727,0,1,2
22.794107431924793,57.23102365535116,97.48628733917717,7.4545128833232654,1.7229605941697566,97.1228919266648,9.125917662555977,8.783172797488909,2,1,10.434263472833297,0.8319213877424159,76.47657226089653,95.50785268285598,0,0,1
34.02017109298834,81.15329701160508,64.84093654936093,7.105988093929147,0.6338941138642227,99.86603058198853,3.689757543287955,9.222400054607757,1,3,32.385080811844105,17.069391745835716,93.02548395321361,80.65633497537772,0,0,3
31.199561391475665,89.68982303434815,83.8028351075531,6.389005312717147,1.5348820941755204,64.10893228246165,7.42469868948239,5.9721296422083485,0,2,36.7083867967692,9.754437263623304,95.07655911219945,40.137018830161,1,1,2
38.39536185453431,60.79001145412771,109.58430701963678,10.575915352536846,1.5755940682952083,78.76850324128584,10.444865031337681,2.4331330239226565,2,3,12.637533888927809,11.986379392322581,73.52157559089582,60.58791189602856,1,0,2
18.20941916480875,76.87316747309202,98.52189013961686,8.564651525139361,0.9836000127237854,72.53589927660737,1.0666157967717793,7.932952745634412,0,2,0.6826166626427188,14.640613830489137,42.0736731300638,50.18605472901663,1,1,3
37.83083707506084,42.88587170356727,70.52642442203066,9.75986209987055,0.7702760486448689,78.19087402875854,14.297408213547705,3.874098160249261,1,0,35.9661674659402,13.101488660023774,61.77286206036844,99.08080604111139,1,1,2
31.23799736028331,41.402077021310376,85.07207368489554,10.36556005982846,1.0734476005804567,57.87264785949233,10.865867207421505,5.745532510358219,0,2,36.941949318139045,14.617137416292232,95.12999753036074,59.077699441922654,1,0,2
43.88976011576984,48.189260469619214,71.68123818242833,10.075899991881322,0.4131243703122224,92.80747862979707,16.579180344213466,1.4102979807472131,0,1,2.0378576165213413,15.245633691557154,69.99664515838555,34.75090721208477,0,1,1
25.25616498116058,67.07550838715544,80.47804636312546,8.823004314538093,0.3303775564009075,95.47844716722938,5.435610023823944,5.500813803554003,0,1,0.19826367436849068,11.783030611292219,83.59679675100905,58.7848401023963,1,1,2
33.97865679401845,67.75341824785691,99.00420118674825,8.327391173710378,0.44530559904081063,72.48308315564613,18.06642210538509,4.422380799163474,6,2,32.65619131970969,7.3127566181551344,56.15160522696968,52.49451964241547,0,0,3
42.960843165300524,42.06676042546155,98.56124076452019,8.255759457843983,0.5775038050588958,64.02149307867884,19.97388506060887,7.174587639167192,1,2,12.058534179324262,4.8628429943268525,41.50041822015434,71.97078529547736,0,1,2
18.07529183972038,29.32469468956401,71.40501889511926,9.840292781580338,1.1323094355915753,57.04167138265062,18.38596876755349,1.3670531196049769,1,0,36.58328669183954,18.058064733055744,74.70161117369345,45.82547226603209,0,1,1
43.11685461709354,64.2677379525856,106.11116590774301,8.96876612965124,1.7359891132819638,84.18824123889021,15.557849516663083,6.624509249223519,0,3,8.669742930781865,19.398496892764406,90.09886026618523,32.518155478956714,0,0,2
35.636571669024406,28.982810353213516,89.62840913824134,11.094793487931064,0.6623740809994523,65.61159198103675,16.247376057475616,7.947604662166596,1,1,34.44618464506348,7.153255101964177,99.41612181340358,36.7116262611224,1,0,2
17.03511177315516,60.494475576053105,78.99621454810072,11.248211905960272,1.8865335188068617,95.47692849566943,11.47488485089173,1.115003319704774,2,2,2.745770789001467,2.2462145814460044,90.79762647033236,49.82033126740558,1,1,1
24.028907008404488,68.53954896394163,85.09677903904303,7.023362268039111,1.921088840636256,83.5506237422435,3.80307725825221,7.749670102048091,2,2,10.425473892558944,4.450746542328625,73.23966173926752,54.382584207317535,1,1,3
36.24516265935845,69.04280474761161,90.25356267188718,6.817401909274354,1.928083058479109,82.28426625871204,13.540813702954345,2.171836245476382,2,2,38.92515516582564,13.413346919743791,76.52365532803228,88.4115378031313,1,0,1
17.020518044063152,72.74304774617177,87.99452659228928,9.782405556215997,1.7157347856835667,77.97010579491204,14.25506004119863,7.282505039256651,0,1,9.247866173251293,3.458667399166615,89.44984239226994,48.90487788100694,1,1,1
32.4651138052882,81.10015950959652,84.3202517768089,7.807354488373677,0.886693821396011,52.28881697143628,19.707702805358114,5.097487387381369,0,2,5.320519363001646,15.602445461219762,41.18864180965697,32.20451374332323,0,0,1
25.376491708588702,54.99712943753519,85.24664020447,6.111424312590593,0.3771968442545903,96.59612178427935,10.826026325126437,5.967921756805903,0,4,34.28218609891981,18.46060479749427,97.09866089166786,84.65134382419978,1,1,3
33.62746553302431,71.11744326706997,68.82059552139431,11.331856016177731,1.245432780591366,81.396874664973,5.427380300501127,4.036125253877316,0,2,4.7120316704591625,19.273030301576945,71.8732747508939,90.82422990622739,1,1,3
16.372261014375386,63.34209147560857,100.63664521523397,7.36140460346285,1.227692526890159,99.70309916915552,13.673450434790135,3.20919765694676,1,5,3.8982443431801395,0.1865101194978136,97.12313466939526,64.46143661803694,1,1,1
41.146104184571286,33.06479578583778,87.08801599705077,11.575683910114854,1.737457592441792,76.86782023864436,19.587516393329093,1.6394262225161427,1,3,12.937005367581431,19.16308329908833,85.87108999484988,49.94490615295295,0,1,1
44.2046690753219,21.79827514085857,66.55399308523515,10.30460670526952,1.992984339155684,85.50554459531065,3.54427816538188,8.782209887330858,1,2,25.41314026387838,14.803888382592355,49.139060716882085,84.04979160828913,0,1,3
44.06633565857074,39.91789699738536,98.3078550791389,10.575920939468906,1.1392752864802582,52.81047789331111,6.519958370712054,6.4938629407211375,2,2,28.429854951147824,1.6810046452760452,49.91558887837764,30.622888467739333,1,1,3
37.48955495228774,51.01235944363336,106.62219891886754,7.2087689747589625,0.8541070543196224,81.58680884117055,10.837619075453622,9.845192433888258,1,2,35.24955135309583,8.304809375574528,61.218758560762794,94.68197603755263,0,0,2
18.90258720391896,63.19741611000594,107.36534496184811,7.4051665537008775,0.5753279952234672,88.23248057951787,3.4042926976400967,8.654067103644248,0,5,21.636461038364242,14.000909491590182,55.83928131614783,90.58721514141179,0,1,3
37.747895877870675,79.49715313522438,78.45088662055863,9.127606522944394,0.2583996934303988,88.92571474262786,0.44441279039876713,8.826699404972334,1,2,15.736711470439015,19.133709853220985,66.35792555785157,68.13832469683851,0,1,3
15.737607493764045,33.737200169431595,66.7758436780377,7.032599115899173,1.1409489618555386,88.50558261151427,6.739662448825012,6.380647126144058,0,0,14.353350473378605,3.2828278722278514,76.23423225252338,49.4306831536852,0,1,1
15.663706545869918,28.788485292893398,85.91998133165326,7.832590156098194,1.2221576667295426,61.314131364683384,17.307416030021162,1.7284843401944021,1,7,33.87610913909896,2.55466563853908,66.1947699692045,32.299141792429836,1,0,1
24.708306574486237,87.44359632320293,65.63046146746103,7.928774867686827,1.6936423396804454,98.7699238802613,0.8693679864742965,9.220566358592887,1,4,28.95261237930662,9.44694106523757,43.38523508243313,99.98766251378035,1,1,3
29.659295712139972,27.5631191563485,106.69937092563086,6.957779599516584,1.133009693812401,99.75910603124694,8.57858118033835,2.0609761073431305,0,1,36.21716054900557,19.361977874769785,98.53789690905413,83.34516061270787,0,0,1
38.112222534233794,53.49437490750324,69.1789813677573,7.231097000370965,1.853819610165599,53.77979375808006,15.244015458521648,5.654314084227122,1,5,38.56141822926456,19.42758430516021,65.50732805208098,53.70969130657109,0,1,3
35.49886129819515,60.989461015531134,72.63829299755821,10.73131105204954,1.349146084000012,96.82232114058786,19.063651938217706,8.711701643004798,2,0,12.002033443352298,4.558294821058187,91.06450025930323,31.34903801471492,0,0,1
28.37708119130245,57.89620946352068,80.33182634424853,7.00317512728361,1.7205884168868955,64.47245971521846,19.709507980088645,5.251672128909888,2,3,21.186964748033578,6.386942959429147,44.437257535669126,74.75042099225398,0,1,2
23.208799988449975,26.022250992306024,79.15822342795629,6.170744351063535,0.5095280359135574,84.46420408754824,8.439387612174833,2.491033187418247,1,0,25.272832294593318,18.16063971289309,88.60389278300092,99.08328040261868,0,1,1
44.913735004731336,23.991883980253355,99.73314461989446,9.77612965577363,1.7468382280290506,66.90554603680661,19.00768588758235,4.358771638362193,2,4,6.553957871058302,14.696829817041284,50.404278262678304,79.4950896042867,0,1,3
27.78543906707919,27.383839922272497,82.81584102754812,11.8558987163547,1.4315017452767347,98.38771616865608,0.7083794656172748,9.895486241888939,2,2,2.1338813569993897,19.446328573152364,80.76429657981772,35.86000859988637,1,1,3
28.541610729890266,60.99113787108288,68.53841300016684,7.987282887738728,0.5479078067670784,55.07519291517677,14.918338759971126,9.997832678421185,2,4,34.71055656461254,17.862967260311088,79.70840177530542,58.159486052148935,0,1,3
19.908714635750076,58.10414213440248,73.3604947743037,6.711934219177514,0.582086226755519,74.8873408478188,12.854920692672259,7.397514910429683,0,0,21.420940430214927,4.301921006274867,94.58840309601158,37.64284239092906,1,1,1
38.84428646249788,36.36185544257209,85.4556692593761,9.422323952205184,1.8713760833273874,71.40238959710373,4.990437151723047,8.9919307841901,3,1,22.83096865440157,15.194537188253667,59.24060082104432,93.85123847206634,1,0,3
35.81046677344466,64.64418992919141,67.37269587130675,11.438125266573877,0.3063768807881525,66.30117261389924,10.146370013592978,1.3978605534812263,0,1,22.196573817118193,0.9713046312023321,46.537585594938555,53.129012966680655,1,1,1
21.62308838366281,77.40472514389546,90.58278378230071,10.704370678970873,1.0594361507674857,82.27669954400743,2.5910747552099123,3.483744174842421,1,1,30.198428193307617,16.356655574829478,91.87394897559253,81.33635705384697,0,1,2
17.47143136847528,22.910527189261565,88.2873653275573,9.735095210476295,0.7985817573846777,56.552787171083374,17.43194301903122,4.320635944364489,0,2,5.82007778728173,12.031135248892163,59.89465177842203,35.92832506063746,0,0,1
35.41497906224139,54.86909604836297,95.73511581911288,7.8903389796455965,1.413885519997249,85.83312090668485,7.157961710912959,1.1079788272136368,0,4,24.561937630861305,19.122019252729235,53.95202734362816,38.98902870568077,1,0,2
34.63533642843406,68.25172884718832,106.88523076896838,9.25128103965732,1.7193514282457358,99.02960619023936,12.52088940931433,4.392654000372538,1,4,18.779180463105206,19.20064910938157,69.17251671930175,77.56413634354793,1,1,3
23.197785809946282,37.6618348948781,105.61272805505779,6.547469047825532,0.8806617127239967,90.2279357234315,3.175525725745245,1.8372842655346022,0,0,35.87832638030897,1.0163021804871053,48.76814140070739,89.04359638535185,0,0,1
43.52590686751231,41.54396337052044,107.30378090344158,10.073672545684019,0.9970786528149651,93.00083764547728,4.123296892624142,5.656683718140462,2,2,20.784837515853013,3.210429711115357,57.81780118431814,44.101496943189524,0,0,2
19.531736753427005,62.95465320925687,72.23577985118504,10.350576113385905,1.9683561228774749,67.98183715895013,19.83912741606304,1.0397737800903704,2,3,37.71739896296663,9.684140946373832,63.116838043879184,59.28360721979444,0,0,1
27.970044031278057,82.85547054106158,66.57826533196773,11.790189737459514,1.621853891938605,66.24433032406094,15.061727888826585,3.434048997104364,0,1,14.130119767196266,17.589870498922984,56.63531760946417,73.35919242921887,0,0,1
43.30847760502797,76.69470942120296,75.11383502482242,7.56238415247043,1.820107229130635,75.85241773450666,19.239437395481417,8.796550623707903,1,0,38.67578825559962,16.28890284592113,67.01557004458493,85.73934374821908,0,0,1
27.59181950778367,60.819115336970846,104.75425863831573,6.110738514258136,1.017833886140352,52.286330738113634,5.917023304240883,2.917522485282381,1,0,35.00631792367071,19.287400527035572,63.07904033704749,73.97376272654968,1,0,2
34.15577842992256,71.11552024300744,108.6026737311744,9.273650786562904,0.6596333569722016,97.26790672282664,3.2912575323964077,1.5835908668405336,1,0,23.37053158941419,12.361682342226816,86.47546186663597,36.679814444980366,0,0,1
26.927831938883827,45.537572914545905,102.9662475535238,10.240743026380887,0.9707610644262905,57.18925865080961,10.06136926957662,3.247577060045095,1,2,14.148397332760982,5.1312703912324125,95.10452061548258,67.99735298338588,1,1,2
23.226456070460102,64.86758696691304,65.50088605637718,10.742444855297927,1.5031608562051486,95.15065195840462,9.893365644546869,8.448028354031381,1,1,15.036934298102395,0.5021327901035466,46.05539300487115,91.9224677033599,1,1,2
44.51932943879485,52.63271137892899,107.37139990298965,7.162433598148864,0.4415032084629638,54.179111100017785,3.4989302751597573,6.284686271450782,0,1,30.910083458331666,4.458529814410978,89.39815260665146,90.76166047167888,1,1,3
27.280020189451292,33.295529552029265,81.1679013675393,7.570517214222142,0.7233209348288905,91.13124638392802,14.664391391628204,6.274669324037867,0,1,23.22525404676178,13.505463959072493,95.90627246211614,70.9510925425673,1,0,1
41.82297611037403,69.121679171408,60.46551453811768,9.075545551603778,0.3316128258077832,57.59812629391075,7.235550688774682,1.0051661050075194,1,1,16.06350341877284,18.52549646686026,81.19678875812055,99.69873447395872,0,1,2
21.898638176732586,58.95252461441754,82.11968703740968,7.983604859820011,1.0066085420917301,51.906580704573635,3.7273046186103453,5.2493609248804995,3,4,25.442198456486572,6.418073346165296,99.7851805702413,37.35866056690488,1,1,3
21.3931411207525,45.103510736751396,62.30345848377338,11.16306891952467,1.6980300379643232,85.97447251297044,6.639667890865768,3.390562357311124,3,1,29.329335916037774,17.51408660578591,60.10257997989352,63.5016750174157,1,1,3
15.93402248653534,83.79374330550415,87.19389605805588,8.842560922432321,0.29316145452151887,64.01326500872142,11.273173992700302,4.025881109947555,3,1,0.916020502338637,7.89796496682313,89.81859649509792,84.25865475469183,0,1,3
34.550004761276554,21.465388247871328,76.92770137185256,10.797471864612017,1.4318161719125406,85.72480763921747,14.529418643608864,6.3881797390130926,0,1,3.594512044700404,6.165424987371006,80.42215028061334,39.872668267991145,0,0,1
26.055790311712833,42.10412058746472,83.67174667970244,9.483718562894122,1.8818677803990442,77.75426252364099,9.637817721149691,8.869057976128193,1,1,3.779417616283167,10.176884856116361,59.40572723184746,98.09248330379982,1,0,3
40.93074749518911,23.98169784443526,90.65851803715586,10.638540849702672,0.664623757644569,55.44036951150328,10.51189979656747,2.634912152540899,0,3,9.27735221053339,8.845469848192305,82.2805890106207,54.78325816285515,0,0,1
29.196297200746713,73.65691213551389,103.44005479089101,7.996037919181943,1.4638609712733843,96.60650366505818,2.778918718854968,7.9139982130169235,1,2,17.07961756909256,18.275997370340363,70.57731034345348,54.50978277850136,0,0,3
44.045802837441656,69.14752178796547,93.09507882359642,10.988499731581868,1.9564283269253506,72.61570873817388,18.293818494164643,1.4401195969459364,0,2,32.14599597170218,9.36513894816253,51.338433447827356,44.923601079884435,0,0,1
20.565765471093634,43.19465531154219,81.70244342390903,7.647433893306129,1.9339866052668107,86.7223638899344,18.57448395984089,3.940562493213485,1,3,14.043961399982297,5.54670774446151,50.43278094456777,50.16122248466161,0,0,1
41.05869503866832,67.29640315449511,100.97139268351825,9.276592848019746,0.6611260878010008,75.05102860078125,13.668531808360074,2.970214207118663,2,2,0.6991115352241906,16.851311550038073,82.80393080595088,70.43122300511682,0,1,2
38.297905583752254,47.71560583371649,105.27910687865662,7.284042679043245,0.4255793431211202,80.21807374806023,0.3526281786804941,9.240255853056597,1,1,19.33447411806916,19.974990233191335,82.71582773900401,60.054800233566816,1,1,3
38.127655339321564,72.9377653995704,65.98799832160987,8.85315912975716,0.5094944413178529,65.13867961783463,10.74148431806652,2.601981157292645,2,3,39.865143816984876,12.963428383626479,71.84642565768601,43.53647248287112,0,0,1
40.34349684350663,51.79285639156943,86.59664887763958,7.909051257052219,1.4785624198437488,60.01801520017251,12.58437944177227,6.207687263179104,1,0,13.960839826196763,5.009227378727172,70.08494003666482,86.63979582215285,0,1,1
37.830719728289964,48.85958094821659,74.2255979871222,7.600220583823285,1.5200780320432323,77.12851017040339,19.8930844591622,2.4830484917971587,0,4,38.450180750692596,4.776301540263585,50.80230674133171,34.356751498684176,0,1,1
33.78660964894246,85.43109408418107,62.35305989384737,11.801910108168226,1.4299139828493483,72.0109486485501,19.921339103895935,5.26135343749012,2,3,4.053805245456905,1.1541339243051962,65.7571673802583,88.42569211501902,0,0,1
18.937346330471627,37.56153699234902,93.42733475569926,6.9604446329203835,0.8381371785489167,69.50566067169666,17.15222470651115,4.720599112285727,2,3,6.923986316212192,1.5458607702816973,92.28385126186606,49.245710725353874,1,1,1
15.975785384737557,28.43131379975958,103.13853887296128,10.723955024744372,0.5471096445767137,83.62835975473115,1.2766198405222706,1.3722147301046304,1,1,28.96488280582833,18.29966190365525,91.28363836570905,64.71323331671803,0,0,2
42.6254354344706,60.91801792816207,68.14513272386971,11.90498975689929,1.266331910916443,84.5253316005568,19.065527815574598,8.432808343305435,1,2,20.04849795882825,1.929742140991011,79.65513410848592,56.674517701187426,1,1,2
33.499509435622144,87.85252685989252,100.62068288119502,6.119408902440467,1.0964407800762663,52.29600280456315,12.253224943039982,8.021014436049793,2,4,30.604872138635443,9.686876965535575,99.84140067818399,69.94214793728,0,0,3
38.89611872928529,46.44874496090307,102.66978667684708,10.194164484252571,1.525459757464031,66.9372247121836,16.01773540958359,3.5007253486102465,1,3,34.5423338011556,13.962435593863564,93.59070080137724,85.71929965981228,1,0,2
29.4456705453765,24.342573454014705,105.71702213332418,7.517470833337723,1.0223801376998374,70.58822751131888,8.14385699371707,6.525956232063578,3,1,10.043395042441382,17.007095655472064,48.713825414086116,99.25238554322866,0,0,3
18.519245668871832,43.75136871166972,73.26425445430262,6.242926945969827,0.8426194657013196,54.84460805820841,6.3933894246917955,4.264026227927006,2,0,27.313166817589675,3.425419005074546,63.948184185622175,51.424140195773106,0,1,1
18.755573766076512,55.41521580236909,105.19765325949447,8.417337473739785,0.7635875103782752,61.79504333491442,9.26488290967616,7.923044289519593,0,1,24.304049465350243,8.755573582507136,47.91624908555646,68.76630886544737,1,1,3
35.566958616869144,31.334610464254958,76.03313773682162,11.61130686102525,0.6200730600870564,52.58208986113783,2.9374902593765384,7.232360106545717,1,0,34.461401167685246,5.02960390027555,67.96537698575219,62.62052841424982,0,1,3
27.909176846983883,66.06715526395445,87.61690067277515,6.070590566201986,0.7150561583266575,99.81210493085104,7.141322775066121,1.8142028300796569,0,5,17.204156024395306,5.116461799332033,86.58296948468993,99.92497115191846,1,1,1
21.0157418010101,89.84245723071405,62.52537354161411,9.52731415157869,0.41595326797717735,86.82786014849222,17.152349995365572,8.597693488328767,0,2,2.0748172284264,6.076786149733517,49.34732259572557,86.62395413496142,0,0,1
29.747836402243106,51.62176331870107,62.19405441843718,9.008378871571946,0.8569997691255566,54.37250782513768,0.7590097252176298,2.6148349458553777,0,2,22.967445090900476,11.742324288369346,92.8253219451942,57.7958701006135,1,0,2
16.92626811225402,44.83099897111488,96.01866063661015,11.240304986226285,0.3139971716351768,51.012468989504605,3.0175609364920897,2.5669873221885435,0,2,38.355132764738315,0.33154943371176415,74.14345309243038,63.38153389253525,1,1,1
32.45914205743196,48.049291678412665,82.22399889888955,6.504010287123754,0.5762242325410719,85.96439000761401,2.5023231929897105,7.603721873375965,1,0,0.5852471802089365,8.175325726310557,84.93666728783471,47.216961609861535,0,1,2
23.06980213305293,28.06023248766408,72.81461876846087,10.089156179319902,1.556848278084001,71.95960828413334,8.061510854004561,2.649259552516858,0,1,9.610319536898185,3.7366027046558514,42.70934872645602,82.86731238241785,1,1,1
38.92677301911564,81.82915209983567,69.5206748012455,10.080658190599664,0.8195707301840897,89.3398354532288,19.939738017817234,2.101572581872857,1,0,12.6427115985648,19.342370170252696,45.63028920105231,89.16482504649096,0,0,1
24.310858767707213,49.037795886494635,93.49767454296091,10.0144801011737,1.4194147797103518,96.17380189091918,3.4671586042276537,4.020245445056329,2,2,30.63355551563902,11.654583185006206,77.25167118385963,97.54907765360443,1,1,3
28.656604472454035,47.109208799738894,60.02007720126699,11.654006969610222,1.5045473072952353,79.96501945081863,2.909652991985203,8.54841232722859,1,5,12.931076898726474,17.36190937660645,90.29151477572725,69.6080227772458,0,0,3
15.348616197243018,66.1783191051332,100.2945584598427,10.938525174041283,1.2670743497811987,59.35542114586265,18.30111459552309,2.591278824092692,0,1,9.563354527852557,3.9137997353922405,92.43190507151304,76.94781015662076,1,1,1
17.173406633836766,50.94233946517865,63.96248030649644,6.251836357461036,1.9277210473894473,89.10970180232263,17.641010339319315,4.051656938060381,2,1,25.942320578681645,16.200313986475756,81.30215951602489,61.22411821686215,1,1,1
26.774806692200542,65.37634281654923,69.57448074540598,8.82649710422708,0.2875197665904482,97.79058715871872,0.6448073999310888,3.576285555195308,2,3,1.856211558439984,8.295649226104667,52.05632320884061,72.63899572363506,0,1,3
29.398165041513707,24.301240309155126,79.31181976495448,8.387718337208,1.5426421385292488,79.0115643529978,15.0341192035863,4.204547782478974,1,1,6.823874398349878,3.5538937769880485,51.7013028796418,54.41243211680916,1,1,1
33.00061644357911,76.96063406055592,84.24293698580519,7.860883326544812,1.927876626895714,84.09987236403668,13.10931402952859,7.428446149219262,3,1,16.321209146777747,15.224904047764657,92.88176484142923,81.63823815644474,0,0,3
23.749877361279097,85.83527670155819,77.7497557906971,8.708020350924585,1.7589755263676436,66.87373475183365,15.35481619705418,4.649190228859494,0,1,14.223998493601243,15.24022195230562,46.79412313103653,31.589025602806416,0,0,1
35.849456583796275,65.41357703115702,76.03560824921469,8.305165109555865,0.5438122106587733,69.07638473301556,9.890049095918442,7.836190132067585,0,2,13.886632767334529,19.917758137281222,81.16425184650859,31.99197947843885,0,0,2
40.803671915676134,86.81961502011676,108.19580060365942,8.594003399271992,0.8219355359405311,86.7327248926532,19.827584368965912,6.763628244235306,3,3,4.34220052478647,15.618745235963281,72.01041034220472,80.12846231306187,0,0,3
38.3955296668005,30.60026200589743,92.07898406216971,11.875571193651854,0.5517907197838144,96.38855492034097,0.8769403742192639,4.249892638980256,1,2,14.433600777991863,2.9053449585425573,65.28520576822513,95.14779621876163,0,0,2
16.188564760450713,53.41913326362476,61.17164776836941,6.531797848497485,1.3022896366757322,81.44941936121761,4.687431728076115,4.890167034465075,0,2,31.919710879656108,6.450894835714564,66.42007396983134,74.25742541055124,0,1,1
29.415208417734867,62.12647137618131,81.50879542221566,11.533385219032379,1.4963289684641115,89.49239542426737,7.930919739472301,7.332604408526528,1,3,16.55376807189581,9.03453834582292,96.71244176411143,80.85698093025877,0,1,3
18.147905352545244,60.72156531948307,103.7504349871985,8.881420280826159,0.8048790963853518,58.58175087076865,8.995558831314064,5.812798718604071,1,2,23.446847392627397,2.533056114195902,91.68659199381977,87.67540038527173,0,1,2
22.261350475875822,48.10232453623303,75.0728093205334,9.742453472997248,1.194136504472517,60.59795451289868,18.42734805399037,8.815061452846482,2,2,6.543176372692701,15.760779488956281,91.89903183290477,55.31719851245056,0,0,3
44.59987779801439,43.6659086556383,64.72781723871941,10.981097799706163,1.4591109976245913,76.6017343416695,11.200087281545176,9.398650766290904,0,4,2.7884545387430437,10.53397075825173,64.39709848861733,37.56795602915859,0,0,3
19.2748662870454,28.877681578529316,97.9192385794959,8.162778174895532,0.9873446790693347,58.82770961214203,0.9022199104078776,7.459365934345084,0,1,35.19824167726242,18.88899138191507,46.41887252423844,95.31646010750674,0,1,3
29.966644603540683,47.421971539359475,90.30069159680406,8.582531448527801,1.7445271782970537,81.74975351104618,8.157259268513236,9.902864078400512,1,3,13.254903845838353,11.786162890516405,99.87036598705845,95.69993955017081,1,0,3
33.54467202954358,31.386257057383958,88.51562539132519,8.457110881672284,1.60021238675368,64.58265926973495,8.329808247381399,6.368831086774016,2,4,14.013489322725308,10.457981674765078,48.72058523532889,60.92883889004553,0,1,3
36.07394911632312,71.4055973544553,62.6788279803704,8.24838613521456,0.3631647017384987,89.5766309333446,19.309818768755697,1.358477112796367,1,2,35.10751397915434,1.4285030586572867,70.93493981971947,45.20187598962296,0,1,1
31.789460504607423,34.6181654846213,67.02495048977586,11.55317592988137,1.3369692734089509,90.40551733071717,11.983941820422164,5.5436685051444705,1,3,28.310853956349757,2.9869180988915556,55.877151315903525,92.46480679389923,0,1,2
15.29312542257551,24.09957136991737,91.1274698106557,10.973579347158072,0.6618197141795619,73.18937278776765,12.713021423178777,3.07008351447273,1,2,30.250508439504515,16.990521535283023,70.6445716989945,79.58986879596773,1,0,2
24.793839247319756,58.6656296472064,70.39119207294179,6.653999939177856,1.2256569631677317,59.040531751881765,14.265060625025416,4.003418623458778,1,2,27.280139366706507,19.813519556516166,58.29599164615888,30.575984538287326,0,0,1
30.531349301541344,61.666081290358115,85.20350398742121,6.648740114862576,1.924554774607691,82.33874805409663,15.400786313642465,5.410630469333827,2,3,4.231689791661455,8.30358271796539,93.81319843725757,37.54037910213577,0,0,1
17.635994974345,81.03391428963539,87.24408430146967,8.567217089117946,1.7883585079664377,99.63935091317933,12.701021404049783,3.655457239697483,1,3,38.319832842249106,16.201721674498582,98.10049574253158,98.82397499402212,0,0,2
25.518807936275422,60.38871286923773,74.17535951354697,6.591944260396854,0.9579037054514805,81.12954489712617,4.7438870226787095,3.78659474888653,1,4,36.365451485117106,12.551715326613035,64.60385695827298,32.66897251657013,1,1,2
15.996093263740997,44.183659760641206,107.42125777707464,9.714558571626718,0.7601492521026184,51.78873453570039,17.480918286823282,4.61814702769164,0,2,9.448805073258178,19.181185473434272,44.21137843465363,49.778850725453545,0,1,2
17.35735491465062,76.21083170684244,102.12320534177876,6.862149643570404,0.6602100527144532,50.864698788354126,14.642396008212604,3.5781161298067974,4,1,32.159767645753654,4.762744708881865,79.80016596072892,68.39474412942954,1,1,2
26.907698286047882,57.819522523119474,96.11867538163992,9.134239583800806,1.1819010220739101,66.01809852461531,14.837409701939118,2.5255089566312274,0,3,16.375857259892797,10.89671486015886,62.59753384290809,42.90489313438819,0,0,1
18.98147262129181,25.54961992418342,63.899693320470455,6.0433196820223065,0.44993479320159857,59.789190343020245,19.931134784694983,7.890042363141809,0,1,27.35067871457932,8.175916366851911,99.15811935738563,46.243786045407134,0,0,1
32.02622544784674,59.609539221927264,65.30650096545097,7.89957809047588,1.211231264224435,90.65256035716541,16.050530697266318,4.556905861364598,1,1,6.62411999252936,10.834319518860305,45.362486673095226,54.70772405934015,1,0,1
35.683949074117976,83.56129817951637,84.63906729324779,10.063144342035933,0.252333869108886,92.24028335180003,16.583028063103065,8.485815704409642,3,1,21.542170026256834,5.377161668377104,47.14758644170976,48.86879878260675,1,1,3
39.017600973272486,47.74188378487544,68.03566745954929,8.90423364136709,0.8167368538052284,62.93093856552381,19.02811031420317,8.944452905631657,1,3,5.064651982396242,9.954923254314881,81.96538685119282,86.2349359544005,1,0,3
21.004507327344303,40.742806132986004,108.9132731764737,11.869616915993928,0.6348850492035172,66.28223884749464,3.0226799969778773,7.758671375366379,2,2,21.446686614324637,12.496082934495302,85.51897614122558,65.01921313748232,0,0,3
20.024477467772094,30.042861991261404,67.92601170137047,11.244622776397264,1.9496328824313687,61.81234838575573,9.954547529561356,4.57005845837651,3,1,9.74375824228851,1.6243176799898418,68.26578425743381,49.50341033043273,1,0,1
18.137035210032007,30.601186535475012,84.3733917731987,8.154424674258907,1.5226740592474632,95.41912736856321,11.611340471815751,7.491899017193271,0,0,18.098661150752587,14.859745096152464,56.635876146408165,51.91672234462889,1,1,2
34.0929074863091,50.29400390392732,78.20605284207527,6.272919248833648,0.861893415808916,75.1324667311141,6.585514584449152,2.3969845394071565,0,0,26.71877468697723,14.130459263208346,58.58860294782714,32.790547171162196,0,1,1
36.19427179460703,61.69758769130707,91.9693210727049,11.073757800690114,0.4124789014285859,82.80685220410099,16.78806687789011,6.950041832399973,0,2,35.082983266424755,17.609152029029705,60.27837798527625,33.457445332661294,0,1,3
15.947584344769261,25.64307836187212,66.45182044447125,11.467405861888029,1.154401040708592,70.77410433498017,15.248392432914468,4.654288575584749,1,1,6.611560123411122,8.51713103619851,53.516919438482375,80.25352964512189,0,1,2
43.086367387310695,85.7698012317616,81.51582140211954,10.92376436051422,0.623533792320574,81.55070967522656,14.41766149016248,6.900799734925523,1,2,35.73076461670793,1.2333826522943547,91.03855288884097,37.90375859497799,1,0,2
16.559138509544173,72.85935322116372,73.73525164035718,6.767699645518589,1.1887517053221262,69.29276883608681,19.942988795163338,7.793115329275509,0,2,15.601505917091604,9.229222580433738,43.90463245328785,63.305774227724726,0,1,1
31.238890059032116,61.063674279856386,104.38757623358441,11.987490806473726,1.7118841198130619,66.98392188646127,5.18762746816781,6.0641783922997154,3,1,33.75186274423524,2.7521834412392288,64.43666944469888,88.96559499990576,0,0,3
36.27181558352749,77.99070696572936,62.02928560673475,7.551505329316643,1.3276369661774243,81.72400365867401,14.709145033508426,6.7823073374940455,3,5,20.50191673671052,12.948936270436356,84.85618869045955,55.79174540090408,1,1,3
41.129073712382564,25.61307297684793,105.68637470032297,10.345229476850221,1.3591297342037538,79.55310390244946,11.028089498118012,2.9217513826473223,1,0,34.48834287051759,0.9426304826261167,40.2295284668036,54.20265589074941,0,1,1
36.42260796397284,53.37872144131871,101.64970692765002,11.44820925801433,1.1968030058599202,64.67639770839747,6.259783649877521,6.334295992383987,1,4,26.512962700807986,7.479928124553902,92.68195100685571,91.11337930508803,0,1,3
39.051842492093755,64.10651888031643,74.87853582204077,7.414122685984257,1.872714857104966,57.467422515973674,3.2117374144625166,5.144268599157241,2,3,20.34864562467073,1.6568579697499075,82.37759274276186,90.53952776547709,1,0,2
25.183505776284182,78.00570342828024,99.46453273385524,11.449551328062396,1.880829697736056,68.42883469190689,17.91767674135094,4.852475736014867,1,3,12.501545320013152,0.06732868143206616,44.40243741004408,91.60957610221986,1,1,2
39.44475341239537,74.84286920344874,61.56067801693738,7.8568894751692016,1.1472656018787162,70.75988195709546,11.909109654156907,4.692841789341651,0,0,38.75636350474621,19.211144478031837,93.69979533966628,70.03397720922312,1,1,2
17.403445391540252,39.39484747993798,108.34327751466968,11.858479334304338,0.7850791025011328,81.43421667123025,16.498676752815893,3.7983162518728175,2,5,32.03590630665671,19.922546960525604,69.23829955784907,96.66129915012822,1,0,3
41.84449968181583,85.8616118691443,86.32974712948946,7.687560122282847,1.0542772602890267,95.72643818184318,10.906899680030897,3.7480119614778564,3,2,15.247487406890453,11.110059030636261,79.13436003341869,87.3274763472164,1,0,2
31.42777128461209,28.704208900160925,75.16405130327226,11.720614948547011,0.5764763463423275,51.80923987664626,4.399541613080391,7.297357851554834,0,0,6.668943722361842,4.779116998909679,92.92200247113051,59.094409886665815,0,1,2
39.51893309887481,81.25935330348065,78.12916062973386,6.321267905356049,1.3636025518066563,62.18305062709224,6.750976262006505,6.0201978025208,0,1,31.181416743731752,18.221980736173148,92.86974068136792,74.06885993580269,1,0,2
28.569548535549004,87.9658174723233,63.320267673024865,10.255632070018878,1.125161587618908,59.68579711397802,7.63077684947093,1.2695689662729785,0,4,39.59777151243679,18.460731941522134,64.5246471104501,38.52523579308168,1,1,3
34.30733085589575,32.40074662558379,109.46747570210195,9.192666803022021,0.4307758361732398,75.11472043468918,19.458696250074045,1.436727070709828,1,2,11.158998151698881,17.09017782341412,54.26136910149605,68.5932530165596,0,1,2
30.792079828083395,70.54462449426497,61.96459725753462,8.867262462736385,0.5958836169593269,71.485040352158,0.11266556762765001,6.13107100943404,0,5,36.63452289339983,10.88739969134764,55.445292660770605,48.42043584879881,1,0,3
36.947685652659956,22.819986314459893,92.74535615739296,7.34096588553504,1.0893559233491719,86.45188119100942,19.71332046049014,8.616551309246443,1,5,5.014828223516807,1.4940432179205487,85.95649518302368,49.84830585579582,1,1,2
17.448899460917687,48.37959775974085,82.13679638532292,10.233574738658952,1.8032807337580021,62.12079562724319,19.609232702196614,1.3958003008806084,1,2,38.08825017007416,1.7687785507359566,95.76582166024843,38.800276304954735,0,0,1
16.810562519716914,56.13983094383718,107.44581090943575,7.144856948677843,1.2411837611044205,79.72491828748792,19.92301581060273,5.564862406991022,0,2,29.813556497722537,17.932395754253104,44.333840398819,55.073945650174856,0,1,1
22.41309702030439,60.64516581367439,72.29998701533975,9.317050775908609,1.442686250364824,94.19286317999797,9.531763578392694,8.66021837955132,0,2,13.86384917054814,17.516536949144587,40.901183684440824,63.697323120941036,0,1,3
19.78634040339565,85.51560737739916,86.60434119690056,7.519472178241505,0.843299962051842,95.53388699591522,19.27617939241999,1.0400318028894633,1,3,12.185272891849355,8.687944983624353,89.37610368836444,72.02481088308042,0,1,1
41.15350699776605,67.05754811059363,84.11781042913765,11.733728278688137,1.24996993782741,97.93923023625155,7.911983636996547,3.482145168416255,0,2,25.73741415757405,6.5630923895285065,63.1961561952435,51.34085353885167,0,1,1
21.57641962074133,53.68945658534659,95.14332220250506,6.171787163013917,1.032914689616618,88.66305760399942,0.5258888133677342,9.279281965114366,1,0,23.740285610348,12.882478402882043,56.58695469748966,85.4573764017064,0,0,2
44.27595767457394,76.67725253861225,63.400511597621026,7.198369680667419,1.403477347090531,95.29939531294575,4.486943727435291,1.7332266105241414,4,1,36.75746805974746,16.1397589651105,51.30243085695051,66.46719731226025,1,0,3
25.106873753133208,86.53729746680862,69.68945650116774,7.453863638324687,0.33850724063826815,61.726543599263714,18.905924898747692,6.462968297495379,2,2,30.649725368368568,14.63369884103642,60.788836589694675,74.66364762690115,0,1,2
20.463537470660977,21.54463040776036,70.72824100464248,8.484406954606898,1.1132753784181784,59.87904721752385,0.2752938667079996,5.566434999393943,0,2,21.614594902957073,12.312058761014127,98.28808535668047,49.4700526284973,0,0,1
38.690955214274375,88.7764890579227,96.90753774208449,7.396381451220321,0.7679870940019422,50.324404189026325,10.9198827084595,2.365114268339904,0,1,37.10263367358618,4.630220888896628,98.62478647262182,86.98951153085852,0,0,1
34.761233265026284,26.029249734457622,69.456934816337,8.948094541612711,0.8208238572363412,85.34221787145492,1.512031777893581,1.3823830898753058,0,5,23.709225253328754,5.250097384414303,59.89081159340226,73.6992115396156,0,1,2
29.94587149359417,77.00707454881329,88.67458819454883,11.234793139551234,1.9316055052266075,96.87335939068723,5.72793156855157,5.523283915700505,0,0,33.98739342642709,14.481349627954035,97.8214070973469,90.36441246144099,1,1,3
31.660906528128937,39.623432678598874,70.76219102504768,10.272380528455024,0.5697159222449198,59.34676725208382,1.7618570142377332,7.6161717009015355,0,2,33.63770608391425,16.05239704902062,57.99180698437702,41.19661052568061,0,1,3
36.57605334816792,29.25257604277102,103.08124750419893,9.479771883210667,0.7946791920125447,81.84717877134395,17.190572422261127,2.5951849959211977,4,1,36.76779435798145,2.322703761991798,91.26886571602435,56.6464286851699,1,0,1
21.853642239938964,50.78989477996844,107.10927272448193,6.534019067896078,1.1423120075290256,87.32298796108887,11.821414192954116,7.2218784593835075,2,2,2.704081251164183,3.7459409542261213,52.720252549285576,37.911132884008175,1,1,2
44.89001748170226,65.07696056133295,85.92464874711203,10.163952650335654,1.7602971592618415,96.38071175740282,18.042129314366257,5.917449805768877,0,1,23.352786717871112,13.609405243547428,89.58925530231946,45.08691176330747,0,1,1
44.2437948644035,46.66662915164325,77.61544421045892,6.998485705865639,0.9791726456111483,82.34301120086108,13.767063990804566,4.220617830316598,0,3,18.735703646841966,7.779731749428023,61.223823853431,57.6183253139409,1,1,1
34.50977059040811,23.819578579788928,71.70288875087496,10.718204315770187,1.5517642415542994,98.51468663743762,19.420582624901993,6.9798744660263745,0,3,19.6216953385869,11.265857345420613,51.74341119657707,92.6207335361562,0,0,1
20.986273527874353,61.962279776110165,62.48905007615219,7.500340551060919,1.7486546718759042,67.23365705062739,10.197553095208132,2.727790998254416,0,0,18.396424144808115,12.296299053112723,96.08679444541785,68.99284683503328,1,0,1
35.40684727293874,83.16822932774724,73.42500380987477,8.502292369925406,0.7925286226882357,67.49642668857038,12.77421163525749,5.112381888563153,0,1,33.49866757689364,15.52406934534664,52.851059945720195,53.12648314999808,1,0,1
17.165952269375275,46.825075616307615,92.7117889972659,8.102821213907568,0.9373128211927424,77.15062550071728,11.526176397781132,5.943744834084099,0,1,12.737315896677552,16.11433901433815,99.5101135455545,82.28294140157146,1,1,3
15.919575066174183,35.143294434157895,86.68084656546054,11.152883488049142,0.8739733914546235,69.17509405579536,9.685208588932255,5.128259862390012,0,2,18.510043265191136,5.601924905229129,46.51443354330939,31.3777894336011,1,0,2
22.73048665533641,50.980414215297074,107.20206391404636,6.759266752280449,1.7074976650813618,50.07128641437663,16.919187308460252,4.577512391714517,1,7,8.027301716043427,10.825934578443427,40.60124700341244,55.90645478698676,0,0,2
28.87868870217949,23.385389773414662,79.81386312458503,9.393869294308733,0.327607008418802,86.58860125434937,12.890502713407203,7.66822275611413,0,2,10.06866463698939,2.4704787724376054,92.24761276462499,72.0582187615365,1,1,2
41.04817516225141,77.43413091361924,94.69316711641973,6.852369656658373,0.78973690545019,87.58585207392417,16.026245297109455,6.904908698701148,2,3,26.416803333755002,16.840303373950974,75.19626449850887,70.82661127035414,0,1,3
36.81507209298924,77.84385676651307,84.46613737375607,10.22877501679312,1.4389649757914773,87.34873023433852,15.727278732048264,6.755158768252754,1,3,4.677437530026478,16.908958766663915,65.2975781245019,72.5290517709746,1,0,3
37.28119563599943,61.16003244007399,85.62881079621059,11.430468766766886,1.2395261242393496,67.25103333052333,3.820903213105906,9.026205804222059,0,1,7.512872439787093,5.990114379989128,44.917835531925654,44.80505353701262,0,0,3
27.76480003344226,44.71720222568726,73.38871573020587,8.60764592320352,1.013506378763965,76.11447366555859,13.003270650352874,9.94150591619318,0,0,21.121382382852563,3.2124041484408505,74.49355185890164,53.59554070954351,1,0,1
25.378049776408886,75.98483551120484,82.74753884209998,8.928553561589855,1.1949093976374225,67.99867590883348,3.9929603836266825,6.104840798981869,1,1,1.7509211185205409,1.4018355640053315,63.62353511415397,95.20958164802387,0,0,1
26.131162889538082,58.8280917351857,83.53924985063537,11.564537018896573,0.595773025199557,50.80182000153229,11.666409564875417,4.134410899252389,1,1,5.077079976815662,11.499528838231718,69.01731477932097,98.17828719006881,1,1,3
44.62948691208173,77.81526159850114,95.3321260874467,9.125948331896144,1.003754087814018,78.12244706357095,13.54869368892601,8.009878142636332,1,1,34.534117558669955,1.8285620079975962,77.82351168413251,51.84268459323263,0,1,2
16.203275742374473,64.20211548081144,107.0319999593057,8.925590628297366,1.1279802223086108,56.18803330420055,19.94470143175174,2.278891565045495,1,1,33.845870631799826,13.611896892411998,78.39601633783379,75.1152592386128,0,0,1
41.01094488367346,74.9083831248958,76.46606387412521,9.469974616225825,1.827080963420553,54.00206620457203,0.6108395629947672,5.616182539397613,1,5,13.911044201879289,13.562528020682926,97.63595448118235,46.890774539583404,1,1,3
32.3602622571718,61.8994095252432,62.110023429064924,10.135378418177712,0.7064615349069586,87.77495343483936,1.8248478822744185,5.720576337591756,2,5,13.919652612447377,12.279748142632492,79.30320480636068,55.79700668816001,1,1,3
28.158462575687714,48.98987477509664,84.81475627503198,6.641300250522188,1.7686998787886319,50.475310120905284,1.54053392742463,9.851210807766872,2,2,37.46061797056014,17.53121003726189,60.364248410933854,85.46342877711746,1,0,3
36.757729812454095,87.05621019482963,87.22306660745843,10.926663166449096,1.3774224514454683,97.9504221804363,7.967225725334801,9.91906133488043,0,3,1.0336455628809293,7.565613854582636,59.777969665904706,65.0825111004491,1,0,3
29.600068242741088,57.87796774151913,68.42202755659576,8.613030164719556,0.2855964543683017,75.76276820562884,16.431767229716275,8.19292724452798,1,3,23.211820523410832,18.045391652491553,68.62965717445914,89.47129718890778,1,0,3
41.20269714244982,62.356266297837685,98.02323031380334,6.434091059384913,1.518104839573939,99.15082153530741,16.88112665574271,5.257141190070218,1,2,23.895623161629093,0.7385073769226169,55.55966199209098,74.01181719613399,0,1,1
42.02105592033776,35.434134759032446,109.24645542207458,10.717096015189279,0.3122157857108464,52.89987862363542,14.739591914423034,5.925032109773052,1,0,31.51548268726645,2.2551397584281507,62.58633868757734,74.0244829602304,0,0,1
27.651627806203663,63.79555525990936,107.28873585042305,8.261699830117632,1.9954169719241728,79.17647744329567,17.937564836598952,3.8776746836658194,1,2,38.07002063290403,8.244111250368867,90.52676631579003,32.371601970347754,1,0,1
23.304833917051546,60.01253546380607,69.8553019411826,6.602204970570323,1.7771142034595961,67.46635179879556,6.457198883389051,8.468611333100327,1,2,14.233103481733757,11.87986037377147,91.58569617203183,82.47692514693367,1,1,3
32.77050985780087,32.93868785629175,103.76816199503804,9.802674237259502,0.7703515581950799,92.1741246407143,1.7630928850459826,7.718915744521354,1,2,17.513338938240047,0.647512732787312,77.66754869202042,98.4506569565348,1,0,2
42.37090036850073,24.17109681472006,95.22468182058424,11.28078812060185,0.7004696528442345,68.06113676171431,1.1630605597970023,7.942827590417107,1,2,26.851939220807097,11.348689428485281,74.970456519645,63.11199921773693,1,1,3
21.319865670169996,62.305152380033974,82.69232819034558,11.326521056483918,0.9175218936848155,63.02437895286745,17.042654392387725,2.2480870433959175,1,3,38.69086489376706,6.147966329660628,65.62598990401175,41.10060104714205,1,0,1
33.688997506904485,73.45845885452243,87.03054971623645,11.74598084885384,0.8732921893002753,92.87765635499566,14.608725887073826,4.587705741793069,2,2,35.6316941494683,17.742936156236585,78.1539349341308,98.38843699663775,0,1,3
33.94680660277562,56.638095964540575,102.4800087491229,11.206232758600128,0.9015911821744168,68.73265458266305,13.972306120222417,5.836165213797499,0,3,26.682120130801785,10.665691833374618,88.3632007438894,50.308811237250644,0,1,2
36.99339067245843,35.8740837723752,84.00674698191867,6.012845516072852,0.8069839557090908,50.84166599302807,6.793526770913376,2.1219217179111003,0,1,34.26894286684088,11.757878164348675,84.27082347453882,58.643856901601936,0,0,1
18.947030553817793,66.65653836851244,78.66036845525635,8.281446998480341,1.33698346198458,69.51445504196668,7.598103772364524,4.317607237452336,1,2,3.4081772356574502,18.912436222297664,42.12757094066115,35.41564898710722,1,0,2
36.47474894046266,25.607400862672158,84.66237465129929,10.911255479433018,0.537461411511092,82.7261134505471,19.162270577986384,1.7868927017278946,2,5,15.085077714074107,15.28342053309187,83.86779991633802,37.7585805984693,1,0,2
42.270975619969235,50.92835933613682,88.95649020175246,8.197518035990846,1.730467261780523,62.71797694031909,1.2760948819587004,9.629571045474377,1,0,0.5236998279538874,8.765465322935313,83.1968600305001,45.15959693915845,1,0,3
20.39049326610726,31.435673087889413,69.45388268891745,9.609291038278236,1.6717043470548019,71.59937962125787,15.474634738755853,7.761369966184217,0,1,7.098889530438015,9.537592299120387,45.939432201322155,68.39262455631408,0,0,1
22.12629974771633,32.912133574191834,105.04538651334954,9.637901684247192,1.0838456137467234,52.83575691411128,6.192666474167863,6.586733088862856,2,3,25.21970284809608,12.958477371187978,49.01484187534757,69.04524413050856,1,1,3
44.14185282124919,34.160576441074255,93.7093474414807,8.190151824232938,1.7422774392374583,79.40463957569786,0.7810923682511217,2.8437079017425275,3,1,35.42246494934667,4.003984333010262,87.27451067081962,72.43706759900174,1,0,2
20.429308581284694,47.06949399307845,91.66344586687444,11.426843563687726,0.6825038725530133,87.81474619301969,14.85140221484912,4.0071469345972694,3,2,25.311212399671817,1.7730168098824528,73.53937469479612,70.86718699053174,1,0,2
40.63155280108737,23.580514393427833,64.9748113090319,9.019370072316706,0.2807395474819422,70.66562807005552,6.618237713567492,2.3003641172202385,2,3,26.565524280342668,6.224730318912368,89.29773943513973,64.66658881583902,0,0,1
29.768335693441045,47.845540865036874,90.20869690862959,8.788705235625006,1.3336138688021903,71.011631640073,14.442950374855933,5.825076642649039,1,1,4.152864210248075,15.567655958724608,51.08464809435902,86.14690582214763,0,1,3
22.416932232095313,55.81952129802906,66.04803311192461,11.985082473971374,1.051341462188252,54.41412492924582,14.153087662362402,8.38464390809321,0,2,26.594419636535193,5.146475975399021,41.83688588238021,95.37297881617107,0,0,2
41.12249703817534,53.83059994764277,63.93488375976995,8.9610021844357,1.2425379560177736,60.09704322559913,10.695737508662301,1.1713286952083046,1,5,18.173868694767638,2.615184006718394,49.716505280270724,48.883293329546056,0,1,1
28.359157650079965,46.79488702821284,86.36554478211967,7.070389511571486,1.8238439657822054,57.733765156395634,15.547462584210976,1.9297780272761047,2,3,26.057609263272937,4.380451969245205,67.15420271698115,39.113557761450444,0,1,1
30.444520617890706,78.74026256495267,80.13927670232475,9.078416537180628,1.947369753740401,74.0843884330769,11.62076648342487,3.064147965470021,1,1,13.046924381193094,13.579458240114127,71.3975653365941,59.75611057341706,0,0,1
25.77700108199297,30.172868469435286,89.44051350781116,10.88410041311958,1.3602929945723052,76.46277704753751,5.732737056965213,7.42660068843179,2,3,23.259437666526807,12.278961133870377,91.46206732316,31.849566256578317,1,0,3
32.788525543047825,55.398772064696175,64.46110840286192,10.661161961389688,1.5870972822417673,97.447006564213,14.68230602128838,9.045818548924126,0,4,16.962771873239575,13.766299945928724,82.97203179112381,91.83232115981735,1,1,3
19.905716177550683,24.3428991869588,81.54915314236291,10.731490590650825,0.39666475860253747,53.661575213861695,11.782796317554471,7.777111030970425,0,3,22.345482217402434,6.439162453607641,99.42343843174478,46.779438217242685,1,1,3
26.73244609955282,24.980897521453684,68.7393357522579,10.24814270398747,0.5312522735601348,79.99339865775235,0.2545456337984109,5.724527951538052,2,2,5.883580733192,18.017122538665433,44.72317548252183,68.45076408238064,0,1,3
44.082369670058625,60.17060947739674,109.35500429620583,7.525306974400129,1.533108408667709,76.32492636641206,18.032883555406187,1.9460112770284343,1,4,15.832994144691401,9.035407146562909,47.81326435239528,38.0566492927533,0,1,1
22.744002981033827,59.62128974214747,88.05751062175872,11.172504515041389,1.0048895486790035,75.81165489679145,10.912872366486269,7.794229369208383,2,3,14.971146290274163,10.274260638538873,45.06133562923418,68.7280137470299,0,1,3
34.70209993623877,81.462345899112,94.37184304704337,11.36066079225759,1.03043922320771,93.65796436914133,17.372545309590635,1.9507576633649202,3,0,29.45578082611233,18.976159520042543,72.30748279468827,32.72954170313051,0,0,1
24.755701926740848,59.05115729620512,76.27091403413039,7.164916179711295,0.7900634428620141,60.276923534774326,17.654736779644892,4.129208695804535,0,2,28.25638055872262,19.585545358899513,56.01164624837956,83.81646869123409,1,1,2
38.204193770598025,87.18537142833951,64.73694573896721,6.782733819308364,1.3128736710860516,52.03866371706857,8.89933313470177,3.7719236034877652,0,1,36.35434738925332,13.230854518331034,81.01797640582629,96.87950238507403,1,1,2
18.926209821550493,23.408639387995084,108.79354313917683,11.853629811534672,0.5740388294783545,83.61357538170962,10.15319992902462,4.23301117052446,2,3,25.2822236913279,18.896263851515823,47.96145330739932,51.48832454605168,0,1,3
44.094631352356345,26.860537934651873,74.31295176915916,11.209943781902208,1.3471034887993172,67.257873206799,8.315087753512039,3.965761390606242,1,1,12.581885191738934,10.830147726808866,46.19148397372758,48.07502273180049,0,1,2
28.61368624150918,23.084610309926695,81.19040925867871,11.35941688325968,0.5541479999866694,50.87949581062623,8.98873550616091,7.9226174504503915,0,1,31.328986529413253,6.145658911335435,67.60992819957687,61.35964801107882,0,1,2
22.08151390039392,32.9693795233478,92.49319608512874,11.31825830774637,0.3616955607419988,62.568700364520694,17.902943179434555,2.545513605655468,1,1,19.879905741345056,6.301857119330827,62.55390119579943,73.3981562175263,1,0,1
17.204902419900378,57.888907765917466,61.234864884305566,9.25012094420237,0.8281259552233567,65.46633871084059,15.762880279358221,8.612614450966229,0,0,7.7397284251631415,11.17881179764691,89.74989495970594,43.22737233942656,0,0,1
20.09273715262622,65.19005269991996,100.51295652586435,9.878410419994799,0.6544955985172334,80.8419188392121,2.5305135263115597,8.724342227299637,1,0,29.89645873308506,12.100722413103968,90.25324450257992,86.23155980840141,1,1,3
30.593218456680532,23.190961056406817,86.82890950143101,9.272177112801849,1.8057353674735817,58.62928970246361,12.206155630801918,5.418332405404398,1,2,5.30125582876916,8.792341398394978,47.045720072408514,43.897436934528756,1,0,2
25.11009529293859,86.21796228919195,73.91085935344111,6.307238095141974,0.3461685442700966,70.6527173976699,19.918132807726845,1.9553387364033163,2,3,7.126133249845168,17.675429670236877,88.73936679052272,30.38319539885956,0,1,1
39.866500976478285,78.95157636552668,63.080399264623466,10.473018512116635,0.5590739620047149,74.12377222089162,11.911014024649715,6.17866515114078,2,1,30.35023713740589,8.533922374271011,73.84989894271726,66.69754085099021,0,0,2
27.92662570985418,40.76287375099652,68.12492077372207,9.031992200015281,1.2102593097703365,72.96186956820455,15.71743251186211,8.388382346192572,2,3,30.805787762851523,5.468472939953357,70.213496432602,38.06047978161382,0,0,1
22.461428177628896,25.403127115852758,104.75169294267184,9.88625444874138,1.091867583983079,98.6970383333391,15.381229467623418,3.6052616730191653,1,3,31.63125075216861,0.1596375668707961,45.685802574676885,78.87671077709449,1,0,1
33.5143495981209,31.89209512533401,94.30121119679455,9.015838829853212,0.3302410321557277,52.27521188951481,7.006350517446571,8.539726817768399,1,1,11.733004976684626,19.411385563152738,84.37784613967503,41.72289971079536,1,0,3
36.203316506563375,28.886108962848088,72.49508608184449,8.950867933934735,0.26269174902650283,97.54840932261996,7.436986054079178,7.092269674432104,0,3,34.66349829486076,16.486265662858887,43.57802694384376,87.21662768640248,1,1,3
20.011257237028495,28.62986455092628,63.280038247251476,7.030734656866601,1.9791188984320123,79.09686069970166,14.481528435808064,9.88521796668552,1,1,28.906725438482912,12.31119169370658,56.661506178976,62.92576930131986,1,0,2
20.02857648864953,56.29931820660138,94.53076561933182,7.672282290846894,1.4029607256279668,89.78638574849191,9.999670632096702,8.42240227139799,1,2,33.35869638205362,16.61084507806923,45.72589208584139,69.63945332316638,1,1,3
16.10014280800629,37.20932097453802,88.62038629838825,6.9531161516637345,0.8894607290777244,71.51963090080378,11.41141418260776,2.8135041768368625,1,3,28.3442193898756,16.205784605018877,71.84605659045542,43.06096157118982,1,0,2
37.09206045196922,45.069780157040114,80.22597622291175,7.173997773752054,1.0732564334106725,72.69189406284903,14.258115807296752,5.041036536467578,0,1,23.183858349853622,18.637015604516503,78.71380352257555,40.2681654271324,0,0,1
34.91413582865415,89.26537333690257,78.1805724595032,11.83786428252183,0.7164627107950021,93.96632495079118,15.551500540781005,1.931576183223474,1,6,4.375790862960773,7.721353667207498,93.45130878882549,74.19047265641484,0,0,2
29.238926272494417,67.90199742477412,70.84071379645542,6.91868067463319,0.8535291214631171,94.79672481459511,5.430331554661427,1.6270351013190183,3,5,28.437448478077968,11.097044841718816,84.03231525977581,47.88224307391796,0,1,2
40.325113469075916,86.42864669329009,93.48056282687588,7.615622545831246,1.3858278177193744,61.93444407156488,2.9358751887392587,7.354488167840548,1,2,27.618431018327364,1.9725604744049186,97.666263934826,57.01478978224304,1,0,2
39.170104588501594,29.978958852318094,108.53340138969352,9.54353794643151,1.7949206480178987,59.96209392923091,5.835892934474504,9.216386242966095,0,1,12.499645331474415,19.306308514379463,85.65698997306671,63.56144077558902,0,0,3
32.560630931902566,46.74976323827985,68.7857622918413,9.661071457419851,0.5722275403920736,74.81175869349755,10.15076650184151,9.762179650077266,0,1,29.432790761857042,19.702541385649997,57.8843861975471,46.07435239066578,0,0,3
41.04813841539776,58.8312262297648,89.85583100077517,6.923844778462975,1.7206326344243077,95.01385135638458,6.842826345940782,3.434197188059798,0,1,22.018182137253103,15.781684958624034,72.85508863378993,85.67966673917925,0,1,1
21.175236301103048,25.373064332211662,81.20925278729881,10.762304554711275,0.46272410165697087,66.11775467030881,11.367255176951875,2.81594207673393,1,0,22.3762495417366,9.082419662966736,67.47637835920095,95.75970862362338,1,0,2
18.357588581931836,20.29312105395705,82.33443608723324,10.711217207476949,0.6262363912796847,82.60073076695656,1.0693144825125689,6.04197898355107,3,2,14.704187151428503,9.931335018287154,73.95812341824066,60.23252134421594,0,0,3
23.092488345509686,66.93040336578423,72.70736400639072,7.423906225223346,0.3150567540868805,85.40758438703006,10.195008232275345,2.8077406577214217,0,1,4.671401653605463,8.70733865975714,74.32536036474355,94.22838691421346,0,1,1
16.712605682679445,64.92736617610048,101.25674378307096,7.731997816052763,0.49642075866274904,88.93373324470778,7.359698138754158,3.663163810613967,0,1,8.67713831463956,5.866212730444609,82.12606512814156,91.78779721396509,1,0,1
30.93508584003096,48.75521669997282,84.26278020736206,11.627927192756982,1.8552805045620886,78.19622289604817,10.693335097857648,8.535036970706006,0,3,30.753266133442327,10.555828110975332,44.98262887873386,41.623306010408804,0,0,2
43.098170768848846,54.27508532224228,87.1702926099132,10.954028675876868,1.0540178065821624,70.12275891394847,8.450667097699537,8.294165708290354,0,1,10.857662019875756,1.0689013900113364,84.80470773290507,42.136736207603924,0,1,2
16.18030622005529,49.08101004144628,75.23804563986629,10.186782198375143,0.3859152581121187,98.35079943994864,5.684517012750849,9.055659475031884,1,4,0.0901221734244606,19.837741238743366,48.624616793995436,63.41835430292686,1,0,3
18.663297420300804,21.68035313914222,69.09042328334749,6.493399329063603,1.9295219665681822,80.56653766514263,18.082158109152715,5.340191634356176,0,2,39.88069684526201,8.481002703282815,41.57243829520093,66.81000254623675,0,1,1
28.565970848503056,43.47601243522237,64.29551941014103,8.509584485415454,1.7882365385776378,86.42826058166355,3.6952997684271383,6.076771603241175,2,1,8.427289354014835,18.547331680742126,71.13433251768774,53.879080795667406,1,1,3
43.01625052583715,32.39575787781029,95.7059570462458,9.355811232460962,1.5706944115192472,67.24914228479392,13.627311511611193,7.935305573464299,1,0,26.215325954815754,14.48542921320007,74.8886176397318,51.90446858870321,1,1,3
24.484683149302516,26.889693237095813,69.81171408439278,7.124467727902662,1.883577385908226,83.497459050154,18.49289425164828,3.1533897980763905,1,2,37.07688018299975,5.798858337278681,42.09106420702174,60.195710286108195,0,0,1
30.217044260651775,86.97043037225448,94.50376770943988,8.689359492649347,0.6352264864625873,62.8898831082063,10.773399193708661,8.407842321543736,0,0,23.98850938535748,4.441052363492048,70.92226688680138,78.33354969794406,1,1,3
16.247185771511763,61.95518075295159,79.5188223023477,9.60615526493214,1.713646262767651,62.25484587643181,17.528169771589642,1.1580173184605966,0,2,31.961224603378295,19.913508675247126,72.0742125019283,35.90755431083168,0,1,1
19.450296028862667,71.00593989656218,80.78874004948257,7.964260080692395,1.4574845936200358,85.73611009047133,2.4970295686656874,8.178938999306446,0,1,39.054868485952596,15.442527101080714,43.149694075898864,79.74074024586383,0,0,2
44.598903688765404,42.07546202862822,83.45887480463858,10.685668913702923,1.7720786867434546,76.06973681314676,9.875775405128163,7.983171530672562,1,0,34.41453703719143,4.993229482986818,82.69511710688056,94.83681831424944,0,0,2
43.95356089308137,47.52029906458107,78.38542540637715,11.042697489832833,1.6445952400496022,84.16383052111948,9.140505609618788,3.7160195485833385,0,1,22.31616354713447,1.348900963545212,52.617382107063236,83.44546961887207,0,0,1
15.148199428032289,36.58467957277064,65.0309988611295,7.941656816604425,0.8563663605594437,63.47192453740458,0.16237614073989715,7.551211223449882,0,1,14.548117219283046,13.938330906027574,87.66755282951776,43.41737994423113,0,1,2
43.55435356269717,26.78759696757973,75.48159050014229,11.031942926954743,1.6051974397801974,79.93616705283652,8.86514682718669,2.9259425274674724,1,2,19.298577966558383,6.060329136221528,58.64932778799352,36.12368321439994,1,1,1
34.17359813446501,32.532214620910864,93.18671803469692,6.62145939661809,0.709298530223558,72.19668248515563,7.380595127651956,6.186093738884905,0,2,33.673046727621774,4.426616252554347,68.67355188785301,64.32662862926773,1,1,2
41.03754883560066,75.825983170754,93.28922007344354,11.026374591735937,0.825036285299096,79.8480143422764,13.395974555492307,7.305280974246989,1,0,34.13418440602561,14.698748302986722,93.51105276513202,96.9484262425291,0,0,2
28.642195669015774,67.4282063628643,74.31121536199971,6.9165025900057,0.43883500514020823,64.54398661221097,18.76659557153037,7.4322899416230825,0,1,33.834196894334546,13.585226453086952,88.37076801115285,87.33415011721746,1,1,2
30.46788085737751,58.28502131898338,83.0051313278844,6.4975629150583565,1.8863840779658203,85.77254818245619,1.7158217652407304,9.846416215201238,0,4,23.88897611000044,9.628253495203822,86.91181471512732,69.39135473090951,0,1,3
29.665397407707605,53.256291100673764,69.67236140059687,9.850652426646068,0.7592558859504928,90.29646830797327,6.549527734292462,2.638050956610974,2,1,19.078236710304516,18.853118655407464,49.626051856925294,40.008699639231494,0,0,2
35.005927726383135,84.57039985592871,70.51860407649178,8.831624194531766,1.1610893140500407,62.995823692886184,8.881294747885038,5.32718766001502,0,0,12.453522243826471,13.592767321149822,42.888543201976525,79.96857474781169,0,1,2
19.189537642689388,25.09144634450679,61.15235442033037,11.447343602476996,0.9348324638158372,65.0310279927821,9.103707560687667,8.920940898152441,0,2,0.13443420727717204,17.868391212398183,76.34553704083625,86.90987670252953,0,0,3
15.899207696180339,39.64205692665412,104.83732749538723,8.179135176545095,1.9298742110211276,83.05771348595465,15.496194416845075,6.053613454630007,2,3,30.579410834438235,3.811058846994382,64.64149854933086,95.45483954980902,1,0,2
24.23789824773573,44.49564974994998,70.5353332537453,7.722913580625772,0.8363360491423442,84.7792587151772,8.867913316668815,8.887501228816811,4,5,11.079931200562187,5.932918201617774,94.54463658582844,72.84813639119406,0,1,3
36.1404228820994,74.76980685489515,71.37669384682317,9.00440943686519,1.6124551874897057,85.2049842198725,0.5432260290730673,4.906528996530115,0,3,13.187115815413497,2.090402673874565,60.975595813786114,66.0126070251786,0,1,2
21.05560356368845,89.47602341133799,73.9800716322566,8.735677114611967,1.7469782706045651,84.13492523879185,14.202081891856626,8.158162790144345,1,2,33.73924899388176,6.091599957440708,64.63290105987534,73.34274304973755,0,1,2
35.202972999747516,36.846936033000716,66.37040358477145,8.06656827730313,1.0123113705916904,69.64038584762694,17.696593902913435,8.830443691121786,1,4,2.090046284904825,19.435566584127606,71.56003258293518,96.02767532609812,0,1,3
44.097361383218114,81.20151338959565,91.96314415906814,10.162447792189973,0.9118006752926296,69.74268372018392,10.278094250993457,8.617954327395513,1,0,37.10481325829755,19.257124921846014,87.78403993792672,73.96889603212989,1,0,3
17.81702147368255,78.14359323022539,63.757147658879326,10.55737100348345,1.558555186632099,62.74088118221907,11.622170433970107,8.842285401014635,1,0,0.05447689754025653,15.207727091019818,56.097943246048146,48.03142945755953,0,0,2
35.17806354675379,35.72601783492367,66.71012131631751,11.11790381418082,1.8475679655359096,57.84168499481815,3.2587287793809216,2.9759922694651015,1,0,37.566764593016245,10.420965255659144,96.50923942974245,74.53059855596425,1,1,2
28.312506579137136,47.95328061394558,92.23783632950465,11.837139628262058,1.571130532876417,84.62886896984529,4.412918893579141,4.950857175537754,2,1,18.190339643336657,15.6155959758449,72.39526676329228,91.58212009610884,1,0,3
41.04426763132516,48.677100850476336,76.98303102407213,7.599937152795027,0.6474711397857649,54.65943929861564,4.703404782492235,2.5711468395261377,0,0,4.084905006072783,11.069739024274398,90.45863567046456,69.69014200172118,1,0,1
20.314493683421578,88.47544679685909,95.39739133505945,10.29656089493977,1.8045385580159843,96.88961433933909,8.614839497625905,2.624870596983616,1,4,26.966454689647495,0.07017009342886737,71.53710900736112,65.18891796067952,1,1,1
35.778778566784936,32.66243309652288,87.8712372335071,8.36554941297447,0.928267918014458,91.33431518357257,18.562904417912844,5.3904457706609215,2,2,35.834257028848874,10.030941478872311,86.31959174440081,81.33584746517603,0,0,1
40.14345868944331,75.94105797733474,72.80105865307566,10.062491831706648,1.258401470611385,92.8752869978628,10.435695334297721,9.640789792383291,1,4,17.5229126739048,11.97846892022105,43.085245149057684,76.26920866013685,1,1,3
43.3384265842207,43.39348999211769,92.5413975244664,8.855890142095323,1.7050123337622443,95.33344073075952,3.841952904027053,6.32720175671002,1,4,27.654316161226653,5.314967150060084,87.95274890098082,33.968131926758225,1,1,2
35.49744084868938,71.16092420433122,65.81368401464404,11.96263861660759,0.5796908429508614,70.430248536162,5.321754717378992,8.684605869255748,3,0,39.174508807571755,4.065871284833231,71.43756578859654,80.77177986282015,1,0,3
29.91524292025282,49.4007703006964,86.82051915400152,10.3734128147445,1.622892737435718,92.33503616752006,7.680300594543685,9.434655950704604,0,1,9.628032948520202,5.476181896113026,66.96493529119496,58.52846010602592,1,1,2
33.53541720603641,60.4851834181578,81.85740525225174,11.714947802605947,1.2932848963436856,57.90306501458247,12.465179513855988,1.7791782297766416,2,1,32.817978276907525,12.472554990357313,46.696579996712074,95.8628796021516,1,0,3
41.06714953436155,78.28282413282918,73.39367914087204,11.009817296887114,1.8133478731983144,51.08208973041178,8.800663060080108,2.458575911615932,0,3,11.809484373887065,2.92128229871105,84.49375233451079,97.9562091892979,0,0,1
32.118292399164886,76.29158954887188,90.200249886975,11.417406066980227,0.5509482032262002,89.2445697331925,7.848896883538499,3.6175760216025066,0,1,17.0535039996064,14.406566026589989,47.86981915024833,61.41171726871851,0,0,2
15.911611790905106,80.64962284777901,103.56667961701413,10.88651518328805,0.9861939148216248,53.73983239984697,11.294572007979895,6.550993611936748,1,3,11.270634739890433,8.45349641923219,51.53906876823959,97.81563926605459,1,0,3
42.92846086520933,24.17321277412613,109.94523498815383,8.754954782255467,1.7074754125169656,99.42623336629609,4.836699899089309,1.5555629664648223,0,2,17.840469937364894,7.06695718410651,47.5853953425789,51.757436046919736,1,1,1
35.68580253094683,68.44353871278213,90.38813843717122,7.510730720081306,0.2836554810493303,83.73982148007781,1.5780654516916437,8.079890588735212,0,2,0.20356129713130056,16.14462583360706,40.39453646281937,77.78510950163844,0,1,3
35.29540157331739,29.7991163705234,80.2352937164585,8.221921052703134,0.44635239183987496,87.67248551210528,0.4882862964444423,1.5740984523037498,1,1,12.13755389321086,10.121264988730532,79.71482680403102,35.253829777659234,1,0,1
21.470254571931516,49.10729976128877,71.26035501081009,6.1214173958397025,1.9834891223242856,62.2901928138933,5.025183269342541,2.4258862680830613,1,0,17.81176255750783,7.568011223818562,56.25064268629639,40.149254396081304,0,0,1
34.766564106979715,58.40118905382819,72.85480446975559,9.143959004788003,0.7406898125331134,83.69326969598441,1.831840682889374,4.435370777531691,2,1,25.28960734824384,17.56309431121209,48.968227551448074,90.51681316644729,1,1,3
26.815932169624755,48.19176393227815,83.97274890748828,9.030346801622452,1.9572005890169184,52.16099686274786,6.726812770415336,6.019478709832248,0,1,25.494455647036354,7.365032643989515,59.19834895085996,92.56488275078745,1,1,3
34.53698931124477,56.37281730621052,78.36388506403546,9.15150278898293,0.5694302142651794,91.89128599618005,15.458670807195112,8.933542065463007,2,1,23.351424738819713,17.180005658867408,69.94508149280063,67.28278343788213,0,0,3
18.19779090923972,89.75684161590334,105.6907261312472,11.844187349832383,0.8819152752628373,58.48120465157862,14.325886609736767,9.673568007377156,0,7,11.721273183691876,10.083973969251165,70.20475125305717,53.784139886284066,1,1,3
34.735359138091084,29.465211959899833,78.41477338278548,11.468724020729036,1.5675215278812487,84.86790334168853,12.218552455760577,8.96177911640328,3,2,37.89617263742982,4.160141949100145,62.03176049991757,61.57167522347653,1,0,3
44.98241177311999,67.28192317354979,78.67222955727178,6.970276669980648,1.4011122126668123,61.22402506163642,17.050004877589576,1.963401919164278,1,3,15.678792949643974,12.256363762221676,69.69593626248574,90.8737142401259,0,1,1
16.446361165816683,47.720067646993066,79.17672562169885,8.213295129335336,1.2669641998758472,53.422658471302135,5.641352490885534,6.68106536729176,0,4,8.675757649562312,5.706470525399226,65.64048746769964,44.76953958346425,1,0,2
44.31522552663952,29.310685923513013,101.8310105183829,8.543737076779571,1.1773235576587633,74.07468392746972,17.701075060599315,4.975431149080674,2,2,22.180517586719493,2.9431026435239027,89.35991481906915,50.64091619111175,0,1,1
27.20723882168612,31.111573436201667,92.5394160423451,8.163197507109887,1.7260207764132955,58.464310513639475,7.984783393383584,2.1321299630013058,2,1,29.957146795236543,1.73058742795559,41.77683804947092,84.98100539769374,1,1,1
41.12260351011777,86.44911743719318,90.70844251594463,10.790975781623478,0.6611599849584373,86.4721994163275,8.01786636533253,5.996011341272818,0,0,0.489342912890649,4.833946715948841,92.08180799938282,95.4688612141491,0,1,1
38.471564521748206,81.57210476982334,76.70715111919311,9.144226019205522,1.0243241222386572,61.878292169174244,8.10703227251043,4.209924750268852,1,2,11.053760295821897,14.731092840043825,54.63491534071753,36.5049138010853,1,0,2
32.01048782960004,83.49293722905153,100.89520884162198,9.43259890182975,0.5220415112738003,67.12362781179144,1.961887324819629,4.112090553667157,0,2,32.999114104001194,16.759984447514853,83.30693290217502,86.26406109466069,0,0,2
37.153476277539795,89.40729430791706,61.918193067785054,11.118081353927554,1.2928977925287326,78.37196256322365,19.509809966621113,1.8500060684008508,1,2,20.28084373542393,17.23441691963843,64.30237698043035,75.15478148522772,0,0,1
41.35546683904043,34.582077300596254,103.53985861690566,10.835568920492152,0.6884527424748104,64.24841387886558,2.7701355565031838,9.809676691036431,2,6,16.33953218319656,5.402965474198873,57.659977870287165,46.154008112483424,0,1,3
27.12420964953099,44.88075361548432,85.63749498969648,6.793269136921798,0.8342236126009251,68.89940581049808,6.8177144893836905,7.533639102014382,2,1,37.236051183292474,13.219458658906838,76.92084237999308,82.90720376653377,1,0,3
24.81099484689716,66.84533209474067,79.91251174317064,10.283487504501807,1.0746887540911743,90.78108855201933,6.386006406535143,3.52300790206377,0,4,3.5814038849135477,4.607081198298591,86.13306513178625,80.95412454995295,1,1,2
35.02780156690754,53.86617779024531,84.85836403588428,8.612616773412213,0.29684852498047376,58.960492478051286,1.4935886563341927,9.257276415137515,2,2,24.622808031113962,12.455242279364807,66.99618718621622,39.9420868084588,0,0,3
39.23537825823776,49.287267336483346,93.37077652669154,7.767893418375003,0.4108913878614659,54.110079474096686,3.0452026022375334,9.532784766971885,0,0,13.68754864975108,17.744219860833937,67.99323058392886,65.1575740187972,1,0,3
37.868554043298474,45.04678745349152,60.63827132589487,6.300112925413118,1.4503761362393843,66.41788925665097,0.8971667237077163,8.293373589850237,1,4,2.832935931717029,0.8178736520416274,43.53138908606077,83.0803757995466,0,0,2
38.93440946575903,61.56464423604165,103.57759282291238,8.923497362072705,1.0006974662556378,71.21883835069391,5.848089871210269,6.933836477001574,1,2,8.549780344432808,19.704513354508123,95.43975883767064,43.40808887654688,1,1,3
28.06749944438799,60.29154000480574,82.33697626556965,8.132620084347188,1.763382888499817,77.13296410682838,17.33313848057813,4.3873895775032965,0,2,25.117328520691373,16.5417575491689,90.81380178677554,62.39362156738191,0,0,1
39.53502648525065,31.302048384496807,77.14832598500391,7.509078238058405,1.465676006377349,68.62118480875036,6.78884411474769,4.9091185697569575,2,3,1.1310773541822972,15.233242325873968,63.87956725254614,38.4518787286718,1,1,3
18.606271661118253,53.021788626290736,66.91227828170285,10.168030377581745,0.26417664788281425,89.49558501114026,2.4738366413475843,5.095101280909326,0,1,23.689952615574036,13.827257874235821,85.89703678963352,51.47844468286256,1,1,3
31.334672938825488,58.743024334689494,81.97326871792211,10.616912323893523,1.3292465788424859,51.965974383423664,12.91387736767836,9.538863895459302,2,0,38.27401684869217,15.405477778277568,58.79675054250755,45.256143063107395,1,1,3
15.172759814943648,59.92008571119733,84.81613856421895,7.468737114176549,0.41401851560450376,71.5883769099279,19.93201824109821,7.841211442263029,1,0,31.803842494810773,19.89190712081092,83.82530758076649,65.35497887073991,1,1,3
24.73757489700811,34.70750350386463,80.1823347246739,6.296684620076084,1.6166330646333649,69.11279573282023,4.646475790638551,3.628128730032584,1,4,13.823883173353826,15.403825942250812,71.00150299384362,39.88507343745267,1,0,2
25.993846046141936,71.95899745766008,93.93300469134485,11.09251620339141,1.9851384544873785,82.37892454034295,5.591420107411389,6.621765282592932,0,3,5.528305854464333,7.0320156933665405,67.64600333318509,56.820552877475905,1,1,3
26.885180748277662,21.763936637474874,81.0448264379613,6.0597584472258195,1.1795978899226451,98.3138125948698,19.43694108561577,6.345104830437764,0,1,18.60257735651914,12.278437058670065,43.39137983548688,49.26140334899616,1,1,1
35.864016200695865,44.83822988802139,108.07087889232866,11.622674963528832,1.444864125339728,75.51877033144311,3.5755257510097427,8.309142993755689,0,0,15.718017447136216,6.7384603231967155,97.92531530853176,82.22342399448837,1,0,3
26.65674303811037,74.61488539749435,89.96387589117958,9.765719243896235,0.6652997815658153,99.34384234708602,10.224281349183277,1.8577755638429942,1,0,38.86931840095408,19.401308865133416,90.24453819270522,78.97688411947408,0,1,2
28.460808678675917,59.47250447387816,100.37389678259544,7.931079811207922,1.0157960515691387,65.11246974565987,4.793042660321898,7.31144432366049,0,1,39.59472218033688,18.002794656514006,87.60328407918679,36.64513707659359,0,1,2
22.126323926229823,38.28137027576022,65.46779515547394,7.478867457460417,1.7481668314136714,51.54340662712305,18.647037958024878,3.980528562927117,2,0,16.423386252951644,11.352404549256569,58.29497185922345,96.74387215145428,0,0,1
26.197553748880203,68.64671835401333,79.86456464729528,6.054033985586852,0.5429901585559396,58.28315837382064,19.63042029152588,2.1666883664115018,1,2,5.951359341197473,15.625475089868981,57.37541106542402,82.12780426560622,1,1,2
21.818088817894544,59.71736609092514,76.84238507235764,7.412828502065263,0.7146873098240837,69.75624423872836,16.29395692240031,7.585959979689267,2,1,36.42438198571621,18.19373885943528,74.39158579567896,73.11710870234378,1,0,3
17.19587771305331,75.7370526619471,88.47411940682959,6.826369809102847,1.0295089317505528,65.8166954594276,6.295676316256211,3.984814214815778,1,3,31.74169102667973,4.872005273131186,90.77339177356892,63.43910463492793,0,1,1
33.10345780144134,71.45176303328763,103.05567600307128,9.672997324338873,1.4964355607270243,54.852706549168886,8.0697495056101,7.571113693036213,1,3,20.450968266227903,11.589637138576093,96.07770437011914,42.45456945358073,0,1,3
35.04638395665049,62.70755454253643,63.91691088810033,6.999273531562808,0.9077969208924292,71.63300538453583,4.846113673328427,2.461932550548845,0,0,14.614185720605652,9.634326385050967,56.13574156046833,97.34111838907556,0,0,1
33.584710380288435,54.17243727175698,63.62873990223554,9.171779025219717,1.8735314896202568,66.90578858297813,17.81515934017983,9.873350420293365,3,3,17.926633103989097,15.431827096858829,76.44488801916503,30.55008636916857,0,1,3
28.90482131401717,29.32274879672664,102.51588540787995,9.540698534066825,0.4152998397202585,56.13096102287192,18.29116555376316,8.230672141123904,1,2,36.075247012204414,7.581650426676574,83.43416799360791,78.47367939609143,0,0,2
26.393573405376895,38.29331125197686,70.64250430191787,7.788250190081487,0.8989073457034831,64.80585653059545,8.377413244920945,3.6023660739667047,1,2,7.385737910541539,14.179592794163833,53.583528710993434,65.52110271768089,0,1,2
40.90000948715476,49.33696310419597,93.43766272249069,6.210389694112312,1.4906697159997384,94.32180276776953,13.130661398060038,7.664718286557156,0,2,32.27134084493884,8.059861780234757,64.44811781334546,93.18073230172018,0,0,1
30.572453554086543,61.95095009044721,87.14390661804026,6.223523283685177,0.6454768399076118,65.102443274467,3.311063595493877,2.22219888183688,0,5,0.7276253130862154,2.2214972928900845,51.24845642281844,56.648809554834315,0,1,1
29.37545632889193,55.95954986507134,101.64467974436147,6.158083993163506,1.3987229849019276,85.69777116210258,8.69871800726818,6.880937069518938,1,4,36.8228797256834,2.1424286321663444,81.93430466610005,66.30510932775655,0,0,1
15.769261974193071,40.172916817167064,66.25444549182018,10.434748002819276,0.5373796768978554,80.60235398288778,12.629982133469952,1.5367317823358588,1,2,20.011891185848228,2.3811264910637475,91.82710819271186,81.96375743393702,0,1,1
25.237434828784693,20.45250504527974,66.48914828613056,7.908058228885789,0.34796549850795117,71.35905812041858,7.708062370360391,4.00048713790256,0,5,9.069913053646887,0.6503975186432354,92.6520612730993,33.32965803257656,1,1,1
26.405868563575712,54.736745533056975,87.84091801391537,10.777801115805982,0.46177750431013553,61.951281840183455,7.151990513729198,9.806162907896978,2,1,0.11426011268729663,10.65946343193544,80.20533222956243,33.81326687175151,1,0,3
26.964683426907015,39.99381919935702,107.31893266791855,8.590396943057094,1.8774733704847357,68.45073496729728,0.01997984533885333,2.0882833678731036,0,1,22.38185874979097,13.438053639674699,60.829141610461804,44.81709241865501,1,1,2
32.40517107681997,71.42258104973746,80.74988791853771,8.717988604979784,1.2155640451442147,79.60536067355214,16.085869275542283,6.376816291968896,1,2,9.779514822393525,2.5345680365137913,79.66242261125527,40.24972084704601,0,1,1
31.008076401806353,21.676238568933844,76.34710501273474,9.077295615057443,1.6436051070893858,67.53766073746775,17.786752240428964,1.6354484736933452,1,2,25.250573440433733,12.237160004432239,91.85600363024912,30.4510427833725,0,1,1
33.23715278380334,60.93794679140536,90.33446615989429,10.278188738250623,0.8321453765838396,60.74482167871159,19.38927059091664,7.024610903764261,1,0,11.246771258081889,11.95480156515824,77.551350036147,73.60928754743475,1,0,2
37.94649784626385,85.90319662542458,106.52243002725154,7.641017194978242,1.2871526337995316,55.823137444581604,14.38542770138431,3.507959376644915,1,2,3.5209611676090757,2.9418810279372476,64.77351641775194,85.71565772192054,1,1,2
39.3895721614828,32.20864869780497,101.84639164223118,6.729524097201161,1.1161662339837353,93.98834689547826,10.97584624739769,3.7897804131183537,2,1,20.202065193742374,8.081651999225265,95.18816504313993,96.99804834349138,0,1,1
36.54369228679484,53.01546435254168,109.77418053666099,9.33634401114877,1.9050414289540145,72.01564878759528,5.385690396174187,4.040222817656961,0,2,22.579429451525776,15.10271419541968,90.11299559616559,60.86302223703428,1,1,2
43.66571087864804,26.39953942719967,61.128429160118856,7.961865739456435,1.5582556130946932,81.2604160871465,19.985989519269967,2.846411331630483,0,0,18.10360102158203,0.33512051104023,92.9461144148687,49.58044607690978,1,0,1
15.546977480290849,63.797733858294684,65.6429072356381,8.654947882008225,1.5284496051190133,74.52051805684026,11.79505709064211,9.474916465638982,2,3,18.321422173191255,2.938957677967764,94.19152126241767,90.47317141449483,1,0,3
20.87333957050638,58.53721764173579,90.4733881683311,9.881680250023832,0.33111822150998915,93.62832591789817,13.623081446608925,9.15248658155815,1,3,23.586005116000614,19.91656748649489,63.62873845961879,89.10769289875746,1,0,3
15.226886249344263,48.51558669489826,101.02882196669248,8.964754446847625,1.2119219207564593,77.34674262241055,13.648123239106354,8.830137069855018,2,2,21.05414037640614,14.670897942981192,91.57834045044011,73.73902476535923,1,1,3
34.42424142463809,56.49639150316189,74.26221711533833,9.721672902605057,1.067235044328176,74.03907089745567,16.90503591514363,1.9580099207210917,0,0,5.302701554506326,9.282605584385115,74.22098027480186,49.120432704935425,1,1,1
41.94091646849961,82.76022609283072,71.96055440171094,9.265200012681767,1.8737239665608403,96.23004952108563,0.1934507769383842,3.101003546560788,2,1,7.883425859401294,12.596028241832505,42.289538413242404,93.59623164341541,1,1,3
22.304468897288977,33.74060116177469,99.34878996906005,10.438778231616595,0.7003484793316814,85.98447980226773,4.404938808627437,6.510032733805834,2,3,5.671641657162003,16.924419411969488,78.15018139120706,42.48809356842453,1,0,3
42.8110363438892,21.579515819374308,62.81909269266158,10.23561970626972,0.7222085432594151,55.57749536734286,13.310680003400279,9.733339012508448,0,1,27.731823288789833,16.846091711072734,68.23713545766972,33.05525525505799,1,0,3
16.808021708686827,80.31654192893707,78.46913237912926,9.205139350851715,0.9698559355426257,58.885223059840705,17.902914736491354,6.443356440742155,0,4,21.14393648667864,6.494028709224143,56.509279551237846,85.7632799309155,0,1,2
43.03308080416543,60.39819576715345,85.29046112961649,10.073418125158241,0.675896998461158,89.3561431469721,13.706775638427125,3.9439158550735236,2,1,17.194204941237132,9.825828450904481,98.22298840282238,69.45613423041209,1,0,1
25.54868061718903,82.34609188232898,88.01743371751617,11.241357613635676,0.4760718561653116,91.79256605899772,8.269825829873604,8.356637001071174,0,1,31.933559810913973,12.761101929972874,43.30425149757845,47.25274719829676,0,1,3
18.042624853476497,61.78616563892208,96.43075783963884,8.59362772672901,1.7504759816389015,77.25954145451482,7.231109917405232,2.218874949096098,2,2,13.031786390432206,1.4379383302920812,96.75264344242399,76.96269636241489,0,0,1
29.57615277558977,76.71127629717918,77.74228617153291,8.476578436492762,1.2269839177068527,77.72276139333196,14.758960165666409,8.93567695109183,0,2,22.72426652363844,18.915931987815043,49.55602363807829,83.67015666689358,0,0,3
22.70329703161524,50.07713543486035,90.63421723373037,10.58547372511428,1.7573847581739919,81.59664814257222,14.824753942743868,9.772091111075763,1,2,2.976304059607937,8.65483651324746,62.61929075803193,89.11821659396055,1,1,3
23.546187058857683,72.49019519017881,89.26877113954782,9.495323022251965,1.704485839456468,71.95578871413197,12.141159850113807,9.708873885547414,0,3,29.776163353004478,7.417246545158537,65.03411052516095,49.748821117804184,1,1,3
24.218698947788596,83.91290268228991,87.38080503268736,6.4260406813355315,0.7435741208819244,84.0099561741952,5.8293404819467405,2.329269070742159,2,3,27.807697792623593,18.14200722899652,83.86123111964883,31.791121587636457,1,1,2
39.0907769349799,60.048607460554436,92.02416465711062,11.352672094146488,1.2085405275674794,55.42406287832078,18.503096367810873,5.946467561466395,1,2,32.09518517187528,2.3657329750620937,52.93655252420227,65.7027174018797,1,0,2
31.174838300257633,32.65496053936657,72.97245855340381,6.184698613425841,0.3956309797951233,98.06396211836932,11.037598842372782,6.264271266803583,1,2,35.37903832066215,0.7852159477421705,99.16611059365235,89.92550186912754,1,0,1
24.33923097468011,38.815833052113874,64.23243767923145,10.490378137258459,1.8516907970538272,87.50774118974608,15.809847124966613,2.7542673137825133,0,1,30.321130691816744,13.700048246005478,84.94071116584138,44.54749360833567,1,0,1
33.31001349932755,33.9051203828184,65.96358360198717,10.552764856225878,0.957459751364018,81.55871020045035,4.286165243236633,5.920996125041886,1,1,33.77959560509175,7.700059362102083,87.39715830082329,59.47878311829769,1,0,1
36.48452022669581,37.2799919317013,71.22911913269505,11.718666511691582,0.9389333218057874,65.81610285047404,6.880815772294557,6.818838165757663,2,1,13.826183958468983,15.289516176602117,46.38572636289367,47.94945145594221,1,0,3
23.17872002200601,41.44908145457255,85.00989677613926,6.3248064504139245,0.7798218985814181,58.04777437283646,17.49159032774685,3.9606557027235336,2,0,13.733494480597589,1.3708922305351101,68.57872057056701,30.93538559967368,1,0,1
27.406473045760546,58.85936507272319,102.022137527301,9.581141164706946,1.0561615532437316,70.46714819144724,1.0021405987993681,3.8411268985265505,0,2,37.77203279599265,7.675142870707727,96.73656102869734,92.89668675103428,0,1,2
18.656582800108428,61.159414062468294,95.06466710441921,8.567043423762318,0.6905789264545341,83.07883702870292,10.246306225133242,1.5421464980018231,1,3,36.58298145304819,4.706504240922245,56.20396429310839,39.45372586962941,1,0,1
20.43448048604041,49.85498230693028,99.45203021010235,7.983797729157252,0.905991477394408,81.68548717115554,9.63410959688018,9.611430039319638,0,3,21.9398936442089,14.792130658931946,48.72301929705158,83.67369810274548,1,0,3
35.433535618949485,63.07945458745848,77.54878119630457,6.541911361794439,1.6499073350235434,69.13205775327857,15.024603778161643,8.23254335208066,0,4,14.662351410905835,4.543402208547429,69.1236675858513,54.262226225416235,1,0,1
20.44315043086881,25.710244792795613,80.2326870824275,9.375924718027855,1.7099471312740508,80.66431969165649,5.6378754119866485,7.835042178140192,0,4,34.640061210352016,9.158906695487097,95.8235841790725,49.43773362346657,0,0,1
30.754901510011805,26.1451765940712,79.68409429953064,8.874244354047683,0.7823193358499032,90.68741477837739,4.381336437191989,1.196010279476659,1,1,12.936445297094647,16.377551022734238,69.20743746583764,95.8720220553758,1,0,2
36.27138785167298,32.028062225036095,69.59365922022508,6.627326748906146,1.070775253467379,51.31423861688035,18.522656775464675,6.618781941328882,0,6,6.145403315777775,18.30781070928939,64.29005817517954,76.00396407184496,1,1,3
18.206307692842316,56.26542486282413,63.0608329071786,9.6749370425825,1.7791846084900915,72.53105239651379,11.434193039169296,2.6256568191211893,2,3,25.5797070002192,14.452115873315554,79.01634620282658,78.08458633450331,0,0,2
32.01936658886711,34.97962750888195,89.54580464136134,10.427718721517632,0.34217833070197,87.92776142333955,2.09379136567309,6.955457781747673,1,1,1.7048723893186768,8.584568230659073,96.21303993103308,83.17570429176912,1,1,3
22.696883511040912,39.829908244480414,109.4608341710293,10.60366980632189,1.8060036834926245,77.30722352316886,3.8607232442864214,6.590399418778829,1,2,15.16407624665952,11.439717494854662,42.94344695224397,53.86533352158649,0,1,3
43.887806257127394,48.02189853210959,68.34148524751313,11.432239129574565,0.6335726048915804,82.5738043964535,19.976521190284966,8.6673282189752,3,4,32.30655262778488,13.793798943049877,49.20373272860147,69.45651364870412,0,0,3
29.50636940159774,76.83062868072659,62.334240994963686,8.456824451332663,1.4374436773751578,75.8338196302671,3.9121799250438483,3.298906857833209,1,2,11.80864782771339,17.49865253148236,47.965258602655624,48.915634083281994,1,0,3
39.17977649325474,20.97034951390021,98.97658409119666,11.718436611732821,1.2694654686730504,99.59372723411555,12.209510227073574,1.2471560105882724,4,2,37.25261916294133,17.771479695205834,45.11997893794994,88.41790608338084,1,1,3
31.506796264687853,65.45651741656357,72.6293003342362,11.192576430496116,1.2176463093311911,52.73107682445191,8.402561579912362,9.226997914383327,1,1,38.232986664665496,18.61938982976694,58.126364838903754,71.9515165509062,0,0,3
16.302375985644574,66.82135717284797,101.48219026764642,7.779009426143634,1.7538803933174374,74.55224108861887,17.711981896996708,9.177724256318372,1,0,32.63265203060476,16.214221978147645,53.75854198721861,47.038477822878235,1,0,2
33.99454126782067,75.90590462496456,95.19683335172577,6.955698224096751,0.4277512513781572,54.57082745572588,15.103371845906555,5.102735869438835,4,1,39.50573275968251,2.935958718833336,72.92147597256012,92.98308844252446,0,0,1
43.54210026619971,85.29270573422193,107.28367685254022,8.61233637676808,0.857299044319863,57.98927810567852,11.939027925236317,1.702792530344114,0,1,21.230564460457508,14.952790667724862,59.6373653035422,70.65880003386962,1,0,2
33.048354604389935,21.409649426450287,80.4463617878336,8.4113922477358,1.1919423061033398,69.15191752091309,0.21477963595964988,5.481720899510362,1,5,22.767982085558863,16.291847471264354,64.31247168747257,64.65213522801892,0,0,3
39.57566578280371,30.764859385925135,93.0984919725317,9.454315831987227,1.6697554944055697,57.777004575024364,17.59590414986919,5.716127986991019,0,1,33.446672610819135,17.557428553527675,96.51188142998876,32.4141310502377,1,1,2
41.526193900452235,82.03199058391951,83.24273904066354,9.500317393966487,0.6287753959704252,98.18435829783255,8.893349416774326,8.39552924595981,2,2,19.712210231523617,18.496337892356518,49.33933847616437,93.68614036124288,0,1,3
21.842393158467974,52.09629935309108,91.52943486542718,10.499921906279852,1.6551272224049836,97.33948883625796,18.63155306037153,7.45391299929576,3,1,16.268800273322782,10.18319627036895,63.30743960768813,96.65917412219648,0,1,3
21.3613451972468,59.521344725342445,82.47994530038687,9.05933968923366,0.9493673443643875,66.80548231103019,9.910780257084024,1.6372411833573122,1,4,24.59014364698156,13.101853902486209,55.424910431126904,69.38190394864628,0,1,2
33.32942966552975,66.41190426062032,69.43161232120374,6.628935845644593,0.580599248758967,81.98738560188397,13.88448978365451,7.3480384982812375,0,2,26.30638043395528,0.19105553233938144,72.94995894146513,60.97593475301902,1,1,1
27.330854094201143,67.53466231469461,85.39487080016904,11.149748013318636,1.5782262707760946,76.6876660296893,1.385852989332843,2.2216552167815813,2,1,30.03583286784665,11.455671353848679,84.18017359279867,55.16955462032832,0,0,2
40.19583908600161,85.22182823215557,86.42921007187212,7.858587499111122,0.4090730775804587,90.77934902578843,14.903033070535717,1.8052482434453867,1,1,26.728027890403414,9.463967621478792,89.01927240507189,48.7633587775225,1,0,1
42.000693701940335,89.78645921881687,100.53019241300805,11.827784761839553,1.1508429046320252,81.37228049084712,6.759920626238458,4.587464182913996,2,1,29.82887181053314,19.246120893895988,70.91780167104193,70.21705364629443,1,0,3
25.602641379081543,70.41102226516583,96.77603528967906,6.7071606520786204,0.3617826217583047,50.01262272452811,7.027180286635617,1.6962724615075797,2,4,26.982386835550095,18.03418597205454,91.29499549161656,38.966653711019575,0,1,3
22.10611676923446,40.10548464436056,93.1895811970722,11.74950703339502,0.8737312465261282,88.15871928048693,2.373116894187799,8.463420944064975,1,3,19.217809540007153,15.952078588667714,87.10453047263904,94.34215257715981,0,0,3
38.41576545731586,81.58266816060404,65.66935477762863,6.546070841295101,1.3018843982611872,87.34240606480591,2.9371429728040455,5.168162665060141,1,0,5.397383373458813,1.1398836904053344,49.42024368602431,42.31711166404746,1,0,1
23.244181066444085,23.44546401785331,96.03081453318575,7.3862168276823565,1.2232021976026228,75.48613527832406,3.7151811241242028,6.2830338009590605,1,0,31.417729157410335,8.040576845666665,54.72572554119971,82.18592836404622,0,1,2
39.67842955541035,36.175659701214734,85.01525781772574,6.2794796525192496,0.9581469813331664,95.14594866165268,6.5641233714284475,6.191780711537919,2,0,1.2311660555073223,13.920844443891202,80.30323170000526,51.482144065805606,0,1,2
27.712147609462885,82.81700022246004,104.70497680530796,10.23067887983397,1.0008339894512024,95.42231028452008,17.83939825551211,9.802988077149625,2,1,39.70000367045358,0.5932148712856211,98.48764118443648,45.824975437507476,1,1,2
35.02649697874411,37.93340601075485,105.99354670652714,11.101792419430751,0.6468467183638414,76.19558383521986,7.365204764601609,9.242042562516751,0,1,33.13833959758719,4.716275835056023,62.56778203600001,69.05084255483459,0,0,2
17.866059415040045,35.445574173522395,62.757829530089275,8.604426490895882,1.04779452974218,80.39941155982689,14.487254131264368,8.642152529068316,4,3,26.8364243192522,17.750143802362576,53.78847043868444,83.55874868116535,1,1,3
33.715779740297194,29.668770519817308,101.03207801772393,11.571132450254577,1.91819599751146,99.82610359623362,1.654950077797428,4.449423042218213,2,3,38.66427087417813,2.5956153459884845,92.14776605773474,80.87156682582201,0,1,2
28.55303036211687,80.13782303528416,61.88486952113353,9.541794430533598,1.7382926061216333,64.94101174057087,11.821975985439853,2.3058973045448568,2,2,24.498811258248374,1.0274700867728837,51.97671757257295,46.36294456280452,0,1,1
32.59825389526422,55.00407814337607,78.35848128475114,9.780042812679138,0.5041575208836017,66.23086211557387,9.63782462540879,6.326803022563678,0,4,2.257315229773922,11.611715125693385,81.8444964429917,53.13516451887207,1,0,3
20.0404262323459,67.24252421379083,87.11499878105396,11.07251521020462,0.3021163778116116,59.13869513317482,19.55915893909009,4.9628446759905955,0,1,22.3752869605808,18.929292308555606,42.054944221351874,90.81825281002634,0,1,3
37.106212348325464,36.734646885252076,67.40503993135637,7.780801230311034,1.8836675472541036,94.79334695789339,16.92415539757926,3.0297398717136375,1,2,11.088167426277714,16.692494798172774,41.13883090587422,80.62706211614856,1,1,2
40.88391232629685,73.06282947078515,97.31569062845384,8.125594327965754,1.1718120622913084,87.22441949746332,9.096595448772995,1.87922903735006,0,0,14.779101119377472,19.495450094419112,67.09400283664988,79.88857337467934,0,1,1
21.50219400272327,73.2003881473469,60.41773520860693,11.435711515167867,1.1912161905112886,55.28214244351209,15.502855280906775,4.924839675946529,2,1,18.383406234001157,15.070463073924987,79.3924076529942,48.823355343232365,0,1,2
17.87143666560485,41.88186174358101,68.42995242170184,11.405780976232583,1.616256492486414,99.08836755989827,3.8607748258755503,6.857809482893023,0,1,30.98402985555134,8.74739548169143,48.5460672375261,85.44030153721049,1,1,3
15.709157581390091,48.7477843107198,89.03984149267379,11.858896657205225,0.8007057042748215,86.54808540805581,11.24672654783556,6.628508323635109,2,2,20.117168574838246,18.93232879179748,85.83294718009228,55.08924568027065,1,1,3
34.25914501329798,34.67831942011406,95.71937810186462,11.411029898650026,1.0933382454630038,92.52610548024873,1.4923811113741636,7.965292958389813,1,2,18.987211633003152,8.532665569066236,47.72418894471829,58.09733641115169,1,0,3
33.212821082663424,88.3592716326033,105.83215513469581,6.764232216200165,1.9451600980067907,52.40753945866005,6.961780645033661,5.198991642319225,0,3,12.078885509673842,7.001892326884887,72.02246847230049,50.12927623005083,1,0,2
31.4009223814221,65.19218039408881,95.27483259673119,10.942345716821924,1.4262602021317126,75.24804594710838,4.517243632443407,3.894756177344903,1,2,21.59488967410812,8.963918355348676,58.497951536624825,38.497317292746935,1,1,3
21.958412883479262,85.41807165008609,93.5889635127433,8.459030868657564,0.5190538059926254,84.92991433635197,14.378196306504218,5.848303753287983,2,1,9.935634177412624,16.27947908764929,85.13519660699231,59.42754940970587,0,0,2
26.72717987716544,41.23698805403932,79.71705731753322,11.944808135675627,0.4831468089726183,77.14732922859207,9.80181382428723,9.77505453792459,3,2,10.43975261632912,18.353870996977765,88.24700521383303,31.185765134565802,1,0,3
32.83429005558519,74.73236390978228,60.06422127634007,8.833685785972806,0.6074633270827594,83.33237328496386,15.02140957696021,1.4058148424168542,3,2,30.290351005780817,7.153642199193511,43.965474373748265,61.91371675990818,1,0,1
29.90300576577508,73.61010507193194,66.0079629367811,9.323016495013324,1.5917454302362557,90.89370317952363,10.305908752628913,5.75799222908749,0,2,13.7018905803636,9.24494913064525,51.5562741584479,80.7504506672207,1,1,2
44.63356560644662,68.4158956306579,86.72772723780196,9.178649491540792,0.7669097567210781,68.71685314800982,1.7296888430327706,3.9633805213813194,1,2,2.055986917564474,17.96654646608766,93.55864657416373,97.25215229351326,1,1,3
19.093192576701995,87.59472826867604,93.75649429222099,7.930422179149667,0.2874304816813896,92.43343378093549,14.707352994650535,1.9481521503012516,1,1,13.747091435799232,0.9408732905733785,64.93677019605201,35.50292011962234,1,0,1
35.85433662142781,47.54887352744208,80.87241419482312,6.450132533357509,1.9023051361349084,58.145805238264536,16.66458527975611,4.912035093677,1,0,25.542888314664758,15.677373882277028,68.60415192238273,49.69034929228465,1,0,1
27.129563043128762,29.150212651283013,96.53395057641951,11.373907382411511,0.5469984786910936,63.54430275131874,18.07062451825585,6.770477169845799,3,0,32.55942346709289,9.084355164686782,50.081430499753985,64.58917361281902,1,0,3
27.84598844776844,67.01962014708425,86.09311476660893,10.816054875157722,0.26672682575912,52.16728099636629,11.439838906134163,5.753490105194346,0,2,38.47746725569445,7.530367020993425,99.69368779005956,41.92715640913414,0,0,1
36.52793296974529,71.05168603340442,63.70880977971561,6.837160683358015,0.6649803041708152,68.22134056676256,15.071707179989902,1.2625882323795097,0,3,29.848816858999037,8.93842583673678,95.38286097035956,38.17799654534133,1,1,1
35.77308453973109,60.25424014211703,69.60081254839744,10.660609628100438,0.661300377456734,68.99547724120602,15.040886737652542,6.212057180395613,1,2,17.154064376673475,8.373813510031596,40.12148025893462,61.662267381538534,0,0,2
44.73767981106565,34.47725251933774,101.99991116219715,9.75507999630366,0.9885091889800153,90.26352986036255,3.114995195978887,3.0880232542063974,1,2,11.964771168198304,15.132372363756119,73.0440809594731,70.65113702245448,0,1,3
18.851828683623758,55.31191591685488,96.24563733122199,8.454862727505734,1.8606822051250644,82.6565335144828,3.284413749191415,4.073288995368832,1,5,5.1851996068355755,18.558950444883113,92.33604301618928,87.41454085824535,0,0,3
18.123289481524992,41.85328155983906,104.73809935062475,7.524126894573376,1.7885736061134214,71.83612790778334,1.4177101161825223,3.8098426893321586,1,2,25.107457377844575,9.829116508931573,65.83201637403761,99.84623952559251,0,1,2
36.730164513862235,49.92265697166823,65.87786245604683,11.158372701013395,1.0495654712192488,82.60569893118742,6.398272702806029,8.726619769973519,0,2,20.395332564360253,16.654675715650228,66.2088555146011,84.19895459910293,1,1,3
32.351607510192274,65.16530030912648,109.51112673075369,10.201129555764318,0.9690748337356614,52.63916752578456,9.47017175482129,1.4281571587271902,0,2,27.108060657765648,14.638890714244772,62.76082940357736,45.493831637642415,1,1,2
23.224819996794174,72.16503198835841,70.47033569749668,9.286439456814822,1.2212659013309897,59.013576800918806,19.95795705508434,4.131970768213232,0,3,9.485326258202784,6.613615711129537,41.72970010931941,82.35846481328733,0,1,1
17.382581069669598,36.25572836309402,60.5889938143321,9.657411203390785,0.6760445209505901,81.34739276208775,8.61986684136339,4.553347031756214,1,2,12.945766724397823,11.746276290530952,87.41700015122217,67.60075370233577,1,1,3
17.569747487892915,48.37277524528673,109.8711469526777,6.546397092493086,0.34132373594113496,82.06834096126511,14.524851770147418,6.569508371353228,0,2,11.683813979945562,13.33631350031389,67.40711220346569,61.55667029924072,0,1,1
41.82572623992355,38.84130996941404,74.05369427225565,8.843518565467152,1.8936422382996116,88.70673293537135,13.867940525450692,8.100683636316765,1,4,31.90607368697642,0.46998743780926056,71.86393830422355,95.50099457350888,0,1,1
20.756019741562287,33.90421297033084,93.40097262562799,7.162201756714212,0.5767232235350523,70.1499879526801,4.089639005011591,7.548986238984764,0,2,6.8491925945338705,7.919111024484806,55.3411070083983,79.1464810843763,0,0,2
24.701146863465624,74.83710539970869,68.83411570881526,7.250302074052952,0.5972012761800036,86.1277048308078,1.1701430289887282,7.773598929624576,1,1,24.338884680979824,19.852763516949135,87.04710952400917,77.71851514807705,0,1,3
21.79969206680964,83.64768861058947,89.01142660995708,9.9678237737212,1.0768055754944084,84.19901662800947,10.92013503067175,2.731483146731072,1,3,2.054200630364269,12.745128541401872,87.62491280226689,30.822917530932013,0,0,1
25.64988917495812,45.91625299792037,105.20174932272796,11.467536911005729,1.1103233534705788,98.16966891849245,14.00611184628952,9.205635463707534,0,1,21.981103036068784,6.684881385835522,73.17524901110556,90.55500439658482,1,0,2
17.0827152823828,72.58952470616367,76.00905837142193,8.42253966287008,0.2822598669762984,60.75651132123396,19.96503580372512,4.727338115149089,1,2,2.5565590301222363,5.000480788014556,94.27767554800982,85.53103341872178,1,0,1
30.57179372724811,82.78967025550878,93.51269880221795,7.246495638073142,0.5089207928544487,77.58397818763197,7.172221045623415,1.0999812785561944,0,1,7.035063631519494,4.189632042015125,46.95305384359851,50.92593145513098,1,0,1
17.028376907766447,79.2286947371162,69.39517943992082,9.892481623419926,0.911770932481298,80.08822210552347,17.927291241621933,7.012865638763763,2,2,4.521012082142488,8.03282817930415,87.19759987861596,50.44793887546261,1,0,2
39.01069523467085,32.79693719774581,91.23976993593627,11.227122278101906,1.4465287136434433,99.93239424671103,7.6386491173837285,6.436025191400636,3,1,13.86901415533706,3.8653138121521913,73.51504853923987,33.743492203633004,1,0,2
22.01136245731299,86.9404317059353,76.8225175908755,10.489912806734946,0.6497322994558877,60.059207108332586,13.788234168610256,2.133618715802614,1,3,13.749256708309163,2.7037236410705634,53.860790022186954,33.5599496610074,0,0,1
31.200357438135317,46.36735083006237,70.56041292939759,11.212543383219522,0.9902752809230846,76.16090099836461,11.965058610341039,9.63880844868405,1,2,33.056771229130256,7.281265688539178,47.93822695911369,76.80161594231768,1,1,3
41.40237262684374,43.74684628216855,75.65910253518176,9.219328026064796,1.225353863253817,67.30926538568194,1.0595758660519383,6.054079877314435,0,2,9.027498055221148,12.139993852915866,58.0604224193703,43.03663290354456,0,0,2
34.52632107141582,24.370192909444626,68.94205342538997,10.511257466215145,1.8050368655907612,76.29464842894998,1.56776853940517,5.223375876780876,2,2,3.4554696709590793,2.927983641722567,91.37895508608713,94.64834948869854,1,0,2
30.988733596540058,54.03215578734181,105.09580539189415,6.840387356153618,0.8206233790724657,61.6064301051553,0.41528179448921954,4.583099998336671,1,1,24.14047163256519,0.8868654772572016,87.25716098056816,88.96830996174668,0,0,1
24.730012593461268,27.63095309486501,79.85934431585645,8.089647692179149,0.48372696526109615,52.380618921374406,7.4166816918797895,2.888662405542548,1,3,27.498027984000274,0.6926563612738312,78.70794554908241,54.42196120225286,0,0,1
24.990057391745935,37.397787464919816,72.26396524871836,8.337294986889134,1.1062263953208142,78.62827269488444,14.916020975320215,9.57531528290757,1,2,11.792944640858153,5.347685048719367,45.41962046702064,56.60479862687048,0,0,2
35.0846086559457,42.185983523709695,82.42039205079664,9.067774477476208,1.5567628029471088,66.79271579304161,3.455107879814454,7.319427751681027,1,2,24.112564654455085,3.802645810326033,97.28983838459823,52.909359259834645,0,0,2
44.82418083663502,76.61784264441789,76.02680834032478,11.574458161540942,0.4422545748422835,59.097070087421685,12.117059367677916,6.1084337403274045,0,2,31.04226272026576,10.785107205803046,58.326407942524426,36.467643923423154,0,1,2
34.85517569548136,81.28420552771276,97.2209626906663,11.245779361333046,0.9931961104696807,66.19677830390168,5.776555600621558,6.680801816170651,1,0,13.902117563044492,9.11440374101799,76.41999900070351,32.200111035515256,0,0,2
31.733502521100746,41.172642222302876,108.56099559427471,6.807152953735107,0.281123997209346,52.46401007238725,15.939852479581443,8.563784126070363,1,2,21.014153597324473,6.495332286780373,88.18611224832605,61.64932108379281,1,0,2
36.919515307177384,80.10886848712018,81.90168283488234,7.036737911294779,0.3087285678826895,97.52211170450516,15.967922980059818,6.7214825288332865,1,3,5.865330946892802,16.670856683019217,47.971350067525485,96.01280801440461,1,0,3
28.956168368511545,80.00616561588538,103.05166999861203,8.145843297533467,1.0951683856291647,79.05739574866303,15.508290299328472,2.031316560742363,2,2,0.9458720428072143,10.098939859930528,79.13180453535239,94.20745245733947,0,0,1
16.804270278023555,73.52556652694115,88.29315367798097,7.744463195344044,0.7718452717641265,90.73843406735125,10.496670276027535,7.275656429424268,1,4,39.25471899243318,1.8305998416819835,41.93775980225276,86.68871187849551,0,0,2
31.868904476337296,30.26865798106271,67.86178325471167,9.688625718937573,1.7289377732594713,71.15590987738652,5.691334201597034,6.083824383034924,0,2,11.989234021454799,5.915287081473906,46.10735869026047,74.00164492101032,1,1,2
43.728758535161404,68.32259928305103,94.53113710406708,11.41665628658727,1.303770035721295,95.16573337830928,16.188880877572693,9.69709696896135,0,2,11.156082028872865,19.46678532393183,83.38861806562852,89.93556846840141,0,0,3
20.25908827072979,86.15168452063982,85.67172485629101,11.773749250035522,1.0443826830502332,74.16591107761266,3.7220112387848303,7.603472932055416,2,4,38.92980532692351,19.539546415160288,49.30492933436765,66.05479624120949,1,0,3
35.70014672461997,67.777833513701,92.53032616260518,9.921617715211358,0.9638868993450186,78.69726611003347,5.79519204057312,4.0960262438223545,1,1,29.129340950524668,5.093432710942385,66.6104033983227,42.61120931144422,0,1,1
21.028010659771695,43.213179437548376,104.48437062858325,11.02895520840652,1.1201795903317358,74.58969900313284,3.6789541232124323,2.2185806626699844,1,2,23.411915517619327,3.344722575898278,54.89995304664215,77.89192434524622,1,0,2
31.074830534192436,55.04055222015819,82.0217285328023,9.151213201384783,0.32076795462215735,86.66391479338259,13.484203207752953,5.34052533222468,2,1,27.972935803734273,9.913762924344887,65.27377052019654,94.44522246249467,0,1,2
17.900293489401587,65.20075303457375,105.05888116086778,7.249961681160238,1.8123883737361548,78.33280388010311,13.724720562316362,7.1141885273060455,1,2,28.397062667816108,9.62929836333693,44.633214417488254,31.372356818402274,1,1,2
28.511128087745554,55.73992861099525,97.53345071408275,9.148130472560865,1.9970305225344271,63.579946179019885,13.05019985573506,2.5954796611623157,1,3,30.5334352117193,8.202753745380342,85.29403264245937,47.601083654555154,1,1,2
37.68489986685738,28.396705921167886,84.43024629389924,9.330495608625906,0.5676024685027227,57.27697656613231,8.312029337293357,6.844998468596648,1,2,2.687569256796798,10.58714454987906,44.74247064364687,48.580673388989,1,0,3
25.42714572716946,41.844483125641446,90.16110678289819,10.454745385281338,0.46067018835558454,80.3062194441489,2.0034201440286648,8.430505822116153,2,2,16.51325679131552,4.643907570364016,90.2748698416282,36.93276770313827,0,0,3
34.94735173461654,76.16772213875427,76.27905662595057,7.319297938244095,0.5012605610350417,74.45899807735181,18.223391690300424,2.413451605461259,0,2,11.805212713320659,2.2985868308737434,79.75653185017367,45.78459549789845,1,1,1
38.86349882369188,80.29926322668622,109.17986498693871,8.209862292520391,1.4067973519101424,54.798784834805645,10.154619280244763,7.352071332469159,1,2,2.8227855406802194,11.4092291695287,64.99513453985699,56.87874545379931,1,1,3
42.81533458438358,29.611002290089914,93.36755815251979,8.184164815287398,1.4075214672888559,69.78087328966342,8.13944389822183,1.6143187023983336,0,2,16.50395987385715,18.6519599356475,91.9891926082295,95.78847973938268,0,0,1
22.039262455663607,86.66707266791072,62.1923426248315,11.756637574446989,1.7338672839872191,75.73882110002268,11.776497864965865,1.0715507459806024,2,0,24.64693941652587,2.754985532405958,51.16787672057971,90.21860383887575,0,0,1
26.979477474279243,43.017583249402655,76.33109528740044,8.663669761960314,1.5656961797459432,91.3446616912795,3.8558087163821164,1.293712176952591,1,4,7.1399071989767515,14.096294484629247,55.87385364488952,96.22043569838318,0,1,2
19.57248039991252,66.3619617111504,91.16572168795287,10.53056380378888,1.0369569283963447,53.80505279166812,2.650975582097488,6.683541198788718,3,0,12.201069755514151,8.7579337476077,48.2274196995524,38.44002437056375,1,1,3
44.77450506475125,72.62776021696769,62.81666388996199,10.504868288246634,1.322496882739308,67.42476741230014,8.11050442915887,9.760258474157688,1,2,25.56683287668616,5.8795317945760806,62.8941215974021,31.963392313347967,0,0,2
42.81002903772886,76.83623642465184,61.19420956595714,7.593265108819448,1.4544981731440139,91.13280613551927,4.54441388199821,7.942350269257773,0,1,23.172986302288535,17.062184367848516,99.20399108404526,37.69182150877735,1,1,3
31.19871390841679,86.20247915581511,82.50121197639012,9.431218136230392,1.147288822999144,82.42119658857894,4.885805890743291,3.2896833403644763,1,0,34.75141852692896,9.12983389074364,49.66164266804168,94.0006944396839,1,1,2
40.26099883129264,41.90436836201758,76.6345089846335,11.365817359911889,1.0823892227903642,64.49791609018934,17.850229755570588,1.6451981785076324,2,1,31.64923878601534,11.666240281359803,89.85858915194791,41.02420469748854,1,1,2
30.628739318161266,80.09545181860881,81.9149304016583,8.851186316741696,1.3789205298746432,92.26675610113212,10.615183543716498,6.549887160936829,0,3,38.62444209144118,8.861125738798588,79.11280430038433,70.08456946007675,1,1,2
33.70757064008279,29.21808324053449,73.13466549400026,11.670705044055277,1.225580460707394,74.66467902813461,9.669381286467022,1.0290599663702604,3,1,23.887732404535086,1.6249916333910575,40.94884783671157,45.93076589025334,1,1,2
17.673732963480496,69.35286344475149,68.23588734714905,7.28674937594497,1.376899034337843,74.91759456552302,13.789591874571947,8.13327061844843,0,1,27.938694656465053,11.89809373800372,96.69341157626201,31.444479744175965,0,0,1
37.65811261490424,71.93844106597902,94.45716784901688,6.444954634644184,1.3224958544358867,98.82936696001921,19.030962273534794,3.1880847318303007,0,4,34.42025035257612,8.376819500762425,98.26547591349907,35.92349394998044,0,0,1
18.831404509057045,67.44062688409244,85.72855581339002,11.348723238868496,1.5085939808988957,97.35582516181893,2.2439712894112818,3.692953683774257,1,1,33.59969779301072,1.7351321213525939,95.49404211169261,79.68579160764892,0,0,1
39.78202890757585,37.662031529460705,70.00771056246835,11.0860871877733,1.3749061403700331,67.9266341684922,16.670691342185144,4.095810883661379,2,3,28.748865681049374,11.916234688379499,70.10437946242203,42.76565164093374,0,0,1
38.46084263011158,81.11302029106423,75.97947131299992,11.955539255603068,1.1595493512652177,57.028956433154114,11.680383597356919,7.871976475464582,3,3,20.010248374959005,0.19741864078455018,53.22251094855274,46.03974438034356,0,1,3
36.26234093228929,31.82009243592765,89.5903953831663,10.076360928674557,1.4431444197476764,66.28333661390471,2.9233070762367452,3.3916768439563816,4,3,10.928275529229152,4.170407765091846,63.47588064822889,56.407955057658,0,0,2
16.084811415742863,23.754435406458157,63.61146741362389,11.620127560002897,1.036593439074499,51.5241630155694,5.942986373779833,3.5602380449834596,0,3,35.08863015741624,15.621390738104248,76.85149278497386,76.00690920953214,0,1,2
24.093850678359857,70.22254934283384,67.37265046330897,10.961694150504666,0.6729246454520519,51.03839433551956,9.64722832929479,5.8689274433831224,0,1,31.0662176894922,0.7585484971746892,62.73018285504698,62.85606750717664,1,0,2
22.893377097325285,53.28330006629136,63.662280205369505,11.066557998720521,0.25248188523435205,69.77610681257096,13.82354289154846,5.167004757662488,0,1,33.51627807833917,12.933641961102776,82.49029905218097,96.12271511956388,1,1,2
25.80409222414557,79.43686139710732,100.61586663570594,9.41484942272561,1.2299372575052256,97.0509911348617,4.852140339069044,9.600127199509387,0,0,5.631572725888168,18.99413892414648,87.73453286659111,60.392753351776435,1,1,3
17.629282402915155,46.83779987407813,97.62046166060045,8.294187587500264,1.2836466465651217,93.56786706161039,10.697576309351797,3.3705692387260546,1,1,12.592515127570984,3.4238491634601353,52.56357391888346,43.93916441382302,1,0,1
43.10873469093188,31.779501195539897,97.66564659396286,11.607348435259691,1.9510856883575,75.57214169588116,13.693432548317235,1.8270211894345791,2,1,16.995401515986046,8.342237204191491,64.29651449696803,67.52999875863057,1,1,2
31.61406722137129,78.55095347289088,95.8162671738014,8.592703053695367,0.8825870846649821,78.26131905854153,8.974815016950124,5.868833271302994,0,1,33.53407889202243,11.509953947419964,97.46466256156359,61.56227305664069,0,1,2
24.165729319740706,58.42367421480502,93.46927118349346,9.232916203498014,0.9397331749495456,50.296674837302824,17.260519222403516,2.660676208051433,5,4,35.71546690858622,9.008316774676885,54.98840807575828,85.0996836974521,0,0,2
26.9094455122285,33.243705467324844,83.84959576890876,8.676685842751127,0.6031492673488329,60.775057791688276,17.38918205680809,4.7226403024830255,0,0,11.39570857021145,12.407553723635345,60.786849315665734,95.45848613776377,0,0,1
28.41607621514507,70.4268799010512,92.11390817535575,9.388909883761183,0.3734350166653133,51.238706346719184,9.413824352808914,2.6847814920879456,1,2,27.45716669063059,8.081950503339963,42.13963023111834,88.54066596255552,1,1,2
33.01783000081852,55.777954694265034,61.91807773939873,8.823030473953963,1.602407862508046,87.72697663476939,19.45851420817799,8.928728998525674,2,6,3.112568246102536,2.970082580438409,59.94196246621608,57.232780744815955,0,0,2
30.470382830894934,62.301908756822385,91.07322113283922,6.287805351476855,0.6869418625938188,57.282289801324886,1.5117018481089461,3.9470466908710304,0,3,16.382930878750447,1.7808871964891138,62.25588388624615,45.128128560395176,1,1,2
42.58175919643252,52.26288367446073,98.89388527684386,11.292289116046192,1.3155835068025663,93.45235512384085,0.06724756645873242,7.9738075480757304,1,0,19.466764310075405,14.888863123542889,45.99013357760934,94.01422559097492,1,0,3
29.908904487174908,78.00962886726045,85.01791801921951,8.66636291349462,1.4536028122045928,82.1662156837894,7.613365276078381,9.537430538028083,1,2,30.625312595964633,4.7724789904380955,40.08653499909743,57.015775600601756,0,1,3
44.764740444699385,78.06939009781348,77.87566642136184,9.533661891044092,1.0746642027603834,61.470933825785664,12.021941227450185,9.464955221593822,4,2,35.678889473484816,16.949006255334467,74.5243290621226,83.91446364140971,1,0,3
40.54274873235288,69.65721752770703,73.87133674004896,6.835126816547922,1.7836161977975853,57.88601585416249,12.584003148993217,5.723209869849833,0,2,13.491329432978247,14.860544876436808,58.091596079723125,99.26691388490235,1,0,2
21.255315430720074,27.37809641775236,92.14010250810412,6.020327087895835,1.0266409717145253,81.38123504615265,9.528914725876572,9.849295957419992,0,3,21.109555597676053,0.9890636868472336,41.06943023560552,70.42098770606933,0,0,2
42.91785643931749,78.71977033328483,94.64005993149544,7.471740561861858,0.748590090323089,95.04184901411617,2.4976662648129233,6.903434965387962,2,0,25.897928894700968,4.024222341274704,91.59665823803077,63.591632785821986,0,1,2
18.49099193656428,66.9709086373037,103.54837999312713,10.227516192800103,1.818027165182839,85.91801094571909,3.4099504357578847,2.156400430310768,1,5,13.147489157872588,5.839853131190765,75.06458062399845,78.99095477368508,0,0,2
39.523491254735745,68.79169162030097,77.11670412304954,6.595167180677271,1.7577374974374238,67.42733258016888,17.042959677040184,8.995392487524137,0,5,39.42152852696178,11.889644976520803,50.27010102950923,43.57516865534486,0,0,2
26.418698804297403,45.40879882827102,98.48861536927927,11.453324642318808,0.5370699073837227,79.36917976343236,17.358222634785225,5.218203175782196,1,0,35.03097518280099,16.19654000630278,91.9147973764586,64.1767817159055,1,1,2
41.33922961335209,81.54956893099046,88.06779120946689,7.290135416137107,0.29543178211936166,65.53808476862108,13.477970757214404,2.374248590145406,0,2,11.856113154664666,1.2066651031684628,55.215158228378826,51.86315299772281,0,0,1
41.04170070322351,70.77601201644002,104.14182453390396,7.227561685750655,0.40747472361183623,99.95747833893294,13.284359445577646,8.122795798683455,1,1,20.317849239961934,4.992179037596218,53.646743892175365,41.495950947297594,0,1,2
39.177762003528635,27.881332657043615,86.39060541478104,7.089047769728973,0.7514579474691798,87.44195942309256,11.953642560556151,6.61962706819844,0,5,9.233624529889774,7.5241952475944185,93.67804341983614,72.70955843216669,0,0,1
38.70091308921184,48.544462408431386,85.88149141989837,6.083890277828188,1.9514546530479937,80.71908198783768,4.058517714039764,8.939088744496331,1,5,20.58015675613339,3.6675430917633256,50.76747276756842,70.29942598207026,0,0,2
24.140374172941222,82.04662533720992,88.89385407204546,10.630832810869407,1.227403268031444,71.16295713829146,8.565014005198064,8.445902169908287,0,3,27.333293792931393,10.905841950126982,92.73914759014447,83.28425198197779,1,0,3
17.427578491537567,23.30376911881653,97.46576775712171,11.25020718747155,0.9032080310512205,80.90761451297786,13.917893029267574,3.880993835404886,0,4,3.4208437117195123,9.560049587166207,88.17839807486806,91.1079086968953,1,1,3
27.089405362954842,87.29916337494346,108.23452394142305,9.684976215697194,1.805253165572306,67.08080312336674,10.745045440066773,3.306831084994339,0,1,34.80468819229087,6.329912841023198,58.586652449754,45.42631902146225,1,0,1
20.20573544959526,67.5413797823694,63.67816771078828,7.129199890079174,1.0429885800873744,51.44324197290154,0.3716066811019836,7.604456934065451,0,0,23.74983473786334,10.337737738407135,42.06382486918813,84.57918564376601,0,1,3
35.848532667073854,64.19631843503636,62.67173011955086,7.711667981645278,0.801667599701787,69.75442611783164,19.071136134401968,6.159815780019863,1,3,39.584115943080064,7.116431287022278,44.95438621307902,55.71696125270503,0,0,1
25.382991796133567,38.939147954159395,106.87751687036692,8.85556018418978,1.8971341753049005,96.52404097899336,16.896321051442868,1.6288732916481892,0,4,1.0236602899801284,6.8638813493458155,46.571696066174646,74.01639212553974,1,0,1
44.26830602579744,37.415425211742395,86.49378127591031,11.726075709739805,1.7366559158371864,81.31505473869329,5.210900282194757,2.634740193659109,0,1,33.259934043929285,5.30791050713985,93.44793010962869,89.51680193170678,1,1,2
34.22916232035996,85.94407536420168,90.7451507283468,7.484108230906457,1.7264196569840218,54.197785153545084,12.329178703325923,2.362181021292895,0,2,31.6785219301819,10.808758686287765,64.24215868224854,47.932958070007324,0,1,1
39.674416909030825,40.87907179638859,84.12118007973645,10.389875423519328,1.146498300337873,94.24968066975129,18.464787674563755,6.3081719457219885,1,3,5.314100481601294,8.882307889046537,41.951785437189656,72.0672898776086,1,0,2
18.975740182255453,74.28537077032996,64.68287263037372,8.636689339757522,1.6315171979270462,63.443742467075744,1.9202202422730275,1.7718603685079857,0,0,13.412225403336269,3.9264956825444752,73.39290772334078,63.622321404012666,0,1,1
40.86043446817868,47.51852587449554,98.40446892093333,7.787084090160131,0.5638683787129658,62.18847465413637,10.060589615934013,2.8693084320264033,1,1,35.39184812176691,0.2593252179639838,52.4795350364195,85.34041054155034,0,1,1
42.68271571540183,29.74778495492928,97.36123225442935,8.735495622132682,1.2531401757234264,64.85454843901604,9.12486051692589,5.908388462322472,0,1,20.73817180289017,3.018590812258388,54.107562556481135,78.80689092587735,1,0,1
29.611857564568076,20.750070838675125,75.5851660746406,6.427240305247395,1.971730364983205,78.86011180629788,8.204100105670646,2.197511289182644,1,1,16.05125949868956,0.8566920299707848,49.65050409508471,83.87422851322691,1,1,1
33.18758813252933,58.098013591067556,75.31196226142002,10.792124225582175,0.7591772534064329,77.23440467169883,16.7117721778585,3.2344463421647123,0,3,36.21985729003367,8.631976672768642,85.72128774392303,50.15601907222457,0,1,1
37.94429402708987,88.30451729842528,101.89206904527592,7.459811567897803,1.6401165761834315,74.57068773114409,7.612922933949147,9.16111930449656,2,4,3.733780979082457,4.501937078247167,40.03677362831636,79.30494058623671,0,0,3
20.245158817812374,45.83953356664431,63.61786288706633,10.352472739157822,1.1083372126141176,85.87684317563135,1.2732666648201518,7.274057666251468,0,2,18.924911316090256,8.409106650494492,66.3390498338107,72.4064111981733,1,0,2
30.07698229390327,45.003463379513136,104.0552574178283,6.410090228689168,0.31965994563865285,65.82688656674794,1.3167548432860499,3.7619328517591684,1,1,26.09496391901409,6.588997467400177,45.212269984149,61.96763192320297,1,1,2
26.959890833169393,44.086413249460946,72.83308449479571,11.730591336994117,1.585283946177418,89.10322607862156,0.8548921304921797,8.89619610118853,2,4,24.341657560600503,10.760296213731335,73.14247606027321,56.48405832577052,1,1,3
19.391219764867472,56.43806861134009,89.64923738777469,7.158089912434192,0.5449960026861974,58.76608391892996,8.182908437480744,3.25256327442968,2,5,10.57105817635566,14.477336575772018,60.759540769680555,53.21200215568016,0,1,3
26.02603266874594,50.84654183970055,106.79970895008888,11.296452457242482,1.3550787424823127,89.13103945385046,14.3681255539672,6.301744392831371,2,2,22.53251618137346,9.586278762677127,41.70109484658569,30.677205291198096,1,0,2
17.045169281564807,81.59402387089102,93.90612507683232,10.856839257692606,0.39991233958220257,83.19050526251414,4.07444923861031,4.316449038798232,2,1,28.342470571439268,1.2393612187826175,67.65845386930265,41.86909859147514,1,1,2
15.77435720848461,55.38645542064432,80.72149062335183,11.807159544488496,1.9070179456179384,84.16041547737933,12.929370408630989,7.769344684230299,2,2,23.395416293067935,0.35020962829815927,74.23512987188815,34.12847485563845,1,0,2
19.054988674644683,55.54304867319981,94.47671044527075,8.867343965674497,0.7605168025656316,74.077669856363,13.741769442074084,4.344286203441412,1,1,27.37848903909289,4.264623325550783,54.85924189976303,89.38502798407684,0,0,1
43.89345334767522,29.686011630438962,77.19898181581851,10.36438376307571,0.6463132104354411,83.35007663404323,5.104042480311959,3.239755054053296,0,1,10.243149575551618,8.499350224417075,85.93071382426352,90.20622092905575,0,1,2
31.48588607685051,88.79176786372702,73.86292081745931,8.224263942226704,0.47598870711608504,53.98985232797287,12.011153121212585,6.469341467209391,0,0,33.3139580108713,0.8981005725453461,62.262925947656996,89.23353356824873,0,1,1
43.974664834596595,37.49810236081808,109.83416389673398,7.106209428118163,1.9055038383433336,92.57755585246836,13.697366800536948,7.708063975450909,2,2,17.98758147939879,6.55467609679778,84.96079084864087,87.25438350476477,0,1,2
27.97493634990396,25.135484722172187,97.53951155898939,8.658455597600692,1.495831549272284,52.7773616743823,9.332272456042514,5.827273193669025,1,2,39.48895376418275,17.740514157903046,74.74094374052606,45.49313174695838,0,1,3
24.35448399255779,66.42023742826461,92.23599886909088,6.994494092330729,1.547906555256655,57.43707549357487,6.734331945601902,7.44659457120965,2,1,0.9314128266775024,1.8003804370433873,92.1551840792131,64.42503221574718,1,1,2
30.18425588520732,61.67564591098109,77.76448216096594,11.892267736718303,1.123957982415428,78.83948542486182,12.383031031486546,4.798145848281154,0,2,15.212614849905734,18.970330195391472,72.81548745893629,93.54906403778779,0,0,3
28.185350658987304,49.060195779492204,62.45804145775241,6.577478946844298,1.080773624223346,86.97057277283457,19.556941746561137,8.159015305539167,0,2,7.219002092204434,17.133435510182395,51.13763159924236,83.1847255832945,1,1,2
18.16994052785232,49.553456371647464,61.55284380175778,9.535270340715723,0.4425371752350841,53.81257821731268,8.536828187379562,6.265222115900914,0,4,22.224381079762136,16.635623120270775,89.35547165672118,30.127420016805264,0,1,3
34.22478944070619,74.95447447325019,87.70906277243995,9.758783131524336,1.2297219172719855,96.038240706116,7.83470192570242,2.766249863062005,1,2,9.728203774944507,17.27317021752582,86.98211501048743,62.159860348265546,0,0,2
21.48114547528799,33.69988480697543,98.10163605195255,9.228477257244325,0.6821038664403832,98.68038244003493,9.285338048522267,9.016765327904386,3,6,29.499117862699272,1.6010053050596618,98.34134888405958,30.746913948175823,0,0,3
33.58763864693489,77.41773232614227,86.86895952219275,9.973115314271002,1.9600043324007101,80.29750865038555,1.5243678689009643,8.531415621364964,4,2,35.27463449350075,3.023361879573936,45.61491514645222,49.64627328864724,1,0,3
34.506032771944604,65.41229797265127,102.03925359695573,6.6970846500713455,1.644016645026508,74.06217276884183,11.0632655934278,9.67520988255539,0,0,8.435374143284434,2.6874485312216434,75.47386973835096,60.50337088588195,0,0,1
19.560745593859444,49.32788416456671,61.67132665466108,9.330111145231747,0.9727361053375533,87.06974861398749,6.573947744345272,6.121076647336185,3,1,6.4271047320719354,2.224836215027519,69.50013903660894,92.50295048551953,1,0,2
16.840488813320043,52.0620031608708,78.33760382129701,7.723275426764169,0.5148472027101828,66.41786761636027,2.4284424466252497,7.0816688568752015,1,3,35.014287429139145,6.554224390644585,80.25232692880991,75.80689989031285,1,1,3
38.422847582053194,37.9653045030267,71.85351955870891,11.64105637980634,1.624330459492872,74.66322170525532,9.325134822347467,8.77221312606381,0,0,14.450876603540227,16.604337659010547,98.81079088739378,55.37391958429353,0,0,2
28.794012713079603,72.64800328878823,82.3636484078561,10.572429920638355,0.463594092392303,95.80755134072007,0.06767973147954853,1.473321988838502,1,0,17.3833453983612,5.039242872624586,71.93632462694535,64.34584317170447,1,0,1
16.744913865164275,55.901231961368744,63.618819659706126,11.835086892958456,0.5813340686198734,97.78277126207668,8.035704903255178,9.209841700500006,3,2,8.838780097741425,4.8844335798452,81.14431809678575,87.21726420178818,1,0,3
44.84598951509301,42.45981799248905,107.70658207855362,6.225336418441137,0.620160906052398,96.35345580255925,2.11470535852901,3.4404707880216168,1,1,17.012594722045886,13.517775148412266,60.83280662332257,50.97589193795993,0,1,2
16.733416829891,61.72350810326652,71.16277005346805,7.710799051084252,1.224558616977915,63.12240334819201,0.4858540679956058,1.513393135224495,4,2,9.252002923119878,1.9385020427343425,57.93822926030096,73.05243428280664,1,0,2
35.8510568657566,89.7014116435926,106.11538877417924,7.1725355198300935,1.627349144483141,61.62345201083817,16.48950092489004,3.1384628815668028,0,3,26.63709762536724,7.20559984723848,60.117793941020025,48.35728187214953,0,1,1
44.51036775790241,50.46835957595877,81.2946577518341,6.066927523870983,0.8000510377682114,64.88322529646571,18.324976065652695,6.277239670344494,0,2,19.955056499203486,5.90852613688442,42.316473615816484,63.597440605656374,0,1,1
22.175403126477768,84.44839805450337,109.2762066627609,7.453954381477929,0.3981721749817565,72.06555561942301,4.1534929671821335,1.4306229886753665,3,0,31.522417838516358,16.946017282588425,57.0844387247557,31.726095249344432,1,1,3
19.267481060615886,44.15117879471963,87.70291917301054,10.072655901122573,1.0629423111677336,65.70837063959817,10.785965276685225,1.006882896902483,1,2,12.509124642691777,10.2900255525092,50.37678362843213,89.65927236441843,1,1,2
18.641548182672867,23.83128948474901,106.54164320879038,7.3865335328074115,1.5591929220298872,68.7106397869529,5.559163142619699,6.754264058191676,0,2,20.22380061836151,12.92947128243882,67.44567879013341,33.3844182058526,1,1,2
24.098254427027868,34.296947445790025,60.26744943471114,9.05402067289571,0.6379117254029295,81.03184760603799,9.871548773443644,5.08048612693931,1,1,10.380932919085378,2.5806867641247044,67.64948583392388,45.70523498869022,1,0,1
18.0313743303194,49.308660032937894,97.41194030904501,11.326908689789992,0.6348679590689049,88.1262838546988,8.732626417883205,8.598972259137422,0,0,37.37895720986526,18.578365211118204,85.91378987359022,53.34583152711674,0,1,3
35.76484025082396,35.37444500161983,105.15253265512577,10.162547522094451,1.907647297856744,86.77790991339586,5.381021101609713,3.3179255817275446,1,1,20.877426711644127,6.449043082502093,70.13749887352174,73.7612781737027,0,1,1
16.86875394390188,20.015892675277886,66.9860283489477,8.367774419436191,1.9197690224585613,90.7211783539576,14.007871592705953,3.5263684389263377,1,1,6.938499852717723,14.13677675686323,67.78489529939446,80.4023425902539,1,0,1
30.28266384449369,84.0501076423269,64.80629258660757,8.23481363347265,1.9833150311077588,51.60922016077011,2.5298191864050845,1.697917635182499,1,0,10.91062636840116,19.09252359831087,53.897578702029485,35.63157295998103,0,0,1
44.9009056155893,79.07155878616504,81.22863035929778,8.734414884050908,1.6634043027558651,52.3866894839378,1.0614556434273426,5.84660511935148,1,1,3.316078564962406,10.17297723232005,91.14880060868063,33.042584011935325,1,1,3
39.41910808518057,71.9604562040863,106.68394530664676,7.062248646359438,0.5793222960439047,89.46914803443147,15.353508660745582,4.2931395090439635,2,4,1.112639823909336,10.15070517467711,45.46005434108314,85.92929206405441,0,0,2
33.45658314693033,31.747021695222003,87.11932800952194,9.80400460449593,0.6209676613987074,76.6539411162316,13.318600624413596,4.057370636371531,0,4,21.036873042826837,2.3449884711690383,98.93775789875717,79.85165737328884,1,1,1
24.18760862359835,28.425450334699022,86.3728231860866,8.184916914627633,0.8453941726641859,78.90703368810601,9.97052248292796,5.1186940679630215,2,2,13.48491690102421,7.805511128462584,68.5644997510899,88.20852479782596,1,0,2
33.716875088749156,24.73233246306682,67.05630591496609,11.114192095572262,0.806731929833609,52.629343010718856,9.355795409450831,8.647186391098337,1,5,38.550938210412255,17.04929877763071,51.159219975743426,77.35767856284615,1,1,3
30.81124391734955,70.68204321410448,60.03947555466094,10.539315960346897,1.923923560886516,62.76569005856354,9.948227589828525,1.946697362790664,0,1,6.853255854459368,2.7021301419789667,61.25968334610897,82.57085892496569,1,1,1
27.782501516711143,85.01655724815197,100.50700453727306,9.66307898455296,1.6308794700429639,81.9177152442739,8.740481521973457,5.712342647681465,1,3,31.75650610947781,18.350082611213146,40.92221096252732,56.53268681330013,0,1,3
18.921311302205986,50.13750746391259,64.37872814931191,8.185213335897096,1.5170153862827194,92.95909450553381,7.857845916623583,2.7679150332530513,1,3,12.63885768771611,13.346188287733135,49.99136075549421,71.31290242764788,0,0,1
41.598126457214,28.339847039723374,91.6924909367662,7.259590990040906,0.5754356421017307,95.84916985907013,9.993812057722407,2.9115207762062463,1,3,8.94149544234821,8.41919670118077,60.12038915876063,86.37746400090998,1,0,1
28.493539464639674,55.86749745124746,105.73082272575957,10.656911184633737,1.8416697288840769,75.02097479175409,10.57030342319521,3.310616908350397,2,1,38.78547276005229,10.929968370513146,73.26491672511924,42.0482274084562,1,0,2
20.83867535462295,44.41823352210411,70.43259565792155,8.91845459394652,1.6987731641358041,77.27371163690988,13.838046281672419,5.134615234543553,0,0,32.10306394983063,3.0099321547340185,47.768850678691265,59.59760725783342,0,0,1
26.03278052631869,46.23774470449984,93.26364181184553,7.348500229064145,0.5363732223238664,91.65248155344955,14.224143214680451,5.449600443767102,2,3,25.224835657813266,4.34966586275462,80.55779777098694,81.83428379359029,1,1,2
27.42389257586781,63.49314369089951,63.93492883537547,7.171047690240037,1.7745480809317018,76.88123003736773,7.552581602802892,8.843601354683987,0,2,27.884841488950084,5.728168541333456,90.65658939935079,67.28456002356299,0,0,1
39.82613686700623,70.31026792835416,90.18775719188065,6.992405427008154,0.7264331886483247,75.84292627686587,8.270810454869775,9.0290092657399,0,2,39.65525899402359,7.69692236348829,74.34037662843436,77.716021704832,1,0,3
37.00843141684206,27.74225192112126,68.19658604766013,10.66296717723357,0.39152205520618555,95.25420188804767,7.4739433947244605,6.279977827396736,1,2,23.72829635299547,18.310439899859695,57.81408683351345,50.50084371130698,1,1,3
38.07914680924019,22.491316156453347,96.7976780257589,7.37392311180187,1.3994390363998677,89.496636052794,10.730715472514207,3.532637400884795,2,3,4.076018032278403,7.35138049930314,47.283539529152286,32.26397159223792,0,1,1
15.330937932859417,89.60312118800005,75.06156473969541,9.159853581151186,1.3941581539225787,95.45362631806472,9.067070758283906,8.365932918186125,1,0,2.5946450680552546,10.47670480772442,40.93210377903688,32.04020458280633,0,0,2
27.484619945392843,36.29098442408863,83.16955044023231,8.709278165838338,0.41613101673983166,60.91235273905769,17.791929262723873,8.13593794182833,0,2,26.664271098954938,3.240523228356844,83.90813997989721,95.99468235712433,0,1,2
29.44032454905971,23.768136743592137,89.97152710138108,9.477665395369703,0.8079906656390192,76.21877433276784,13.927225338329452,8.181580894299728,1,2,26.30404575700593,14.719464021041412,77.70876209876343,96.1178030796529,0,0,3
15.575768304691701,33.2912730367144,68.56367053331198,11.262929402227165,1.9874253089471925,92.12360642966789,17.97312767508891,1.1473082515213249,1,3,29.926951719123544,11.20561698133403,68.57700436212244,44.78976379682336,1,0,1
22.79439626235103,22.727049244392497,97.08189093088104,11.206484340490384,1.4372466672652895,55.55739137335544,14.182739831188512,7.784774722061197,0,2,4.35114920930455,8.798149159667439,46.11973313320827,40.32259605796608,1,0,2
37.80869469366405,47.426762623202016,75.13201703184073,8.706456430949158,1.527631541555826,89.7331077146981,19.41984297047628,8.674475114178232,1,3,37.79609099020687,18.94372931116387,52.42151087583797,31.26978837251146,0,1,2
19.11329117186997,76.1681249115927,93.11859299563767,6.09219750440834,0.622605249807535,59.148669170743474,12.714735565105382,6.445296444789702,0,0,22.046336556425793,17.813016882836735,88.91033822119853,46.1879799420681,0,1,2
31.05930394357775,43.88711148304044,67.91415253496868,8.558662834285819,0.3878686242568501,90.40593774926606,19.271002763261095,7.761197781443833,2,2,25.982220840848615,13.190225446889945,68.79108808122217,53.404600880820155,1,1,3
21.456056160517125,51.09283848148566,94.40588296031751,9.637161224544842,0.7345779570466409,80.60004687784341,3.1633978081885217,7.9855318614602755,3,3,1.3940953351252094,18.43624812313054,97.76997157716237,46.88698435465167,1,1,3
15.363623239316798,67.29107414972071,66.40940364052308,9.34658855458837,0.6855721740880859,59.66179957424336,1.049553616588077,5.559250651459201,2,3,38.438968580622955,11.295635898661452,99.99832884207893,85.81688982143409,1,1,3
22.236043727986242,55.62258490489161,81.26782481349917,9.908016634801232,0.6604521763090929,73.66770896664005,11.582503704077185,8.32258644593787,1,1,22.503673949757946,16.538743034305337,88.04242758193527,82.46013494928047,0,0,3
44.27621264730161,80.3011980214927,72.36030368694384,6.9244543948385004,0.5873200633023192,84.09525832303858,19.669864115995498,8.130618761509684,1,2,22.534524519785144,8.189203283703726,55.491016594425666,35.67099012801118,0,0,1
39.046113356489684,80.62249725320297,97.41876247140914,9.879210592684394,1.2558224586469575,81.69264504417711,8.352104946047936,9.244939212670015,3,1,37.74221264921519,1.7348838269589528,53.866897730807295,78.81251256714648,1,1,3
43.787299329631,20.693748684380754,73.10175022534372,7.095909712462634,0.8241810827231881,71.36235981158522,4.240867243859192,9.292362689068316,1,2,37.1740071273467,19.88297179058219,55.21805922542936,66.44095839215416,0,0,3
29.63562131779087,74.46324145382394,104.08586531976981,10.503143884180494,1.6856037763331781,94.96832644604635,10.43082898387028,5.767431247107829,2,2,8.811943672689665,3.31263041653145,99.20710472899316,39.25162744624018,1,0,2
18.292085960325103,52.251352016917174,104.59101057033064,8.034525679576081,0.571907981232922,75.96317072439221,12.975972491577771,1.2834445606798381,0,1,37.243952876237174,5.030200785179786,60.1204286840975,81.76748013450877,1,1,1
31.43878466921079,89.21883789125641,69.8220657611393,10.259372600288721,1.0630973740199527,75.29336492643442,6.303573910317779,1.1719621580387263,1,0,29.46485157520246,3.2620677884967897,82.38680461868134,36.02318956219418,0,1,1
28.631320036798826,53.82624531128046,90.69229725038622,6.287193593436642,0.27390121374563997,53.112529497072714,14.29538716998519,9.450340314456056,2,1,0.7560290932566982,6.749590359574902,97.54106258868165,42.4005466060959,1,1,2
40.330712482188474,89.08271617718083,64.38588208599822,8.44716015354548,1.092944064296586,96.10601948988185,19.502290140914514,4.036249773055713,0,3,9.593725949533534,5.785602674526775,89.1757688061172,40.445853708721415,0,0,1
17.942477423527336,72.81985528440157,79.57685498008146,10.230207133579997,0.34771688653383015,58.855828433918646,17.93926243421234,4.3977988275250945,0,2,16.519205818857856,12.022044970984698,75.85622854783915,95.73233829165389,1,1,2
29.647234110653343,37.40234192293144,95.66608647506362,7.361223097988965,1.9610161457771262,76.41723467182771,5.831707470243906,5.229172264618138,1,3,23.31289822023019,19.92920028838569,50.137931480303926,78.87092022432542,1,0,3
19.50145994081953,57.68764855008704,92.97116234249582,10.771722268783336,1.6335362251382224,90.1783800700155,6.534473662891966,3.3921909748108363,1,0,28.05318921954756,1.05018110971137,50.496294680700785,58.7900150415332,0,1,1
24.740277806701798,89.4494947635008,91.2350334703304,9.784678398629591,1.107695084113797,60.77266384778217,7.430824488991772,6.313727753305426,1,3,8.408415758275973,15.568862265866441,69.545385134103,87.55429055941615,1,1,3
37.12071232163399,80.02714254263466,74.12704318312218,9.52537063289879,0.4015278768138629,76.36866449854206,7.891055567872907,8.061583524366256,0,2,33.46802057094756,2.559838488129731,97.11666975245458,45.1171586665585,1,1,2
29.280543881062997,26.815682565385476,78.9012474717201,8.121293125226023,1.286779521383225,62.034245461167046,2.0063899838655885,3.3160747333671474,1,2,33.828612955566186,0.39670049264431295,94.26962174503929,95.17652953315691,1,1,2
26.276648554373082,69.44603977669973,65.14730723501431,8.894708822286706,1.5778365637282856,87.98474988999558,15.239256777785785,7.68755131993808,1,0,25.39995277042309,12.771536402313897,49.971523327265025,78.78981246153717,1,1,2
26.83428835710106,44.190571010956916,95.95114102168006,9.584095805867118,0.5837551927583042,78.21705839365754,7.306785272214009,7.048172289326953,2,0,36.84375642062793,17.466304577387348,57.26318468649045,69.17064487056925,1,0,3
28.7834030521796,20.488758331624368,85.19443983956367,8.834772683489343,1.244364596378109,92.79879301975717,17.596399534109043,5.730251165250966,0,1,32.519297075887515,3.525970132967906,75.3286789333585,85.62539140923298,1,0,1
38.55049631511171,48.24366783188997,95.43828161728273,10.18987994364336,1.674869072170019,94.72790014386914,18.538812462402174,3.928978873414307,0,2,8.864946371741635,6.832275692838947,68.6458295351779,75.13466869976108,1,1,1
41.76254066820703,36.432809520747995,72.44717623984364,8.602181598641756,1.5944336108810537,82.4366741222699,0.4886261861537622,8.854970136804281,1,3,31.947074652414422,3.3750040844615437,47.16176856259074,92.09764925073375,0,1,3
43.66004059511785,77.32084893643301,76.22191143175331,7.213639090452182,1.6552360312675176,86.26956230794723,19.770061398564124,4.625164645408236,2,2,38.1280831501242,18.13015138605834,62.15843121989917,88.04068620520954,1,0,2
38.60710158765885,43.613142619203586,76.71076686300573,7.283602696806284,1.7888159935220096,77.46100499434318,14.20045463000369,4.371967614018037,0,0,5.504257880737238,5.4072086483624515,97.2828620593178,43.84813535285451,0,1,1
24.462206872440383,77.9266585767672,61.28712048736081,6.034822613057647,1.890943678779073,69.22143665336915,10.407844519859246,6.772337662939919,0,2,39.14791539164116,8.89425782812205,97.08653348467016,46.77646603810579,1,1,1
35.64404118259627,20.04185571843567,77.05239364153118,7.805746293352035,0.9596620216061879,82.40589615104173,7.790552167451066,9.282984919292517,0,1,0.9997118708036101,17.894825525661567,73.56555286159549,34.55681896429505,0,0,2
28.128093721661756,41.547340501828344,100.16522867590167,10.493505842871118,1.245345929415035,95.41443117436644,10.370362652194258,5.572161268486337,1,3,20.886689790950893,11.057384075253436,78.11567828063366,45.413924202096176,1,0,3
22.640118661381536,36.881565001543336,104.86492478748693,10.764976253025658,1.633654170579819,70.83401902157189,6.492494479568888,7.504215971989874,2,1,30.955725559139367,18.656996015374116,53.31437685153745,54.04422054566943,0,0,3
40.22614738277768,36.34971527480277,85.91091578179638,7.2148052525745,1.4699946744051204,65.72050131868977,12.453756273930965,5.1119472240640755,1,4,31.617524101850172,18.52900829294078,84.51716358523788,32.01791486207452,1,0,2
16.15279046886975,24.77306338358239,82.77508476096101,11.754263981228446,1.9921603994626629,69.4218469276287,1.8596055288958246,2.969268859061538,0,3,29.386902765850714,9.232020397874418,43.14977122809288,52.04737823474298,0,0,1
42.0528597640627,33.09869892873512,61.54123093496851,9.01441676088076,0.27393588943312724,71.76988151057998,12.422452058236203,2.1155709363254385,0,2,21.174054910126475,11.647652254667411,53.240931289835856,84.00820891391103,1,1,2
28.844323938742026,58.88846989199339,103.96021687926913,11.501872494111016,0.8714831268026337,53.67805144888581,5.506897002768882,2.2269379284944124,0,1,26.038572882815817,4.606285474258738,40.3530212599005,88.82293186095305,1,0,1
34.11604430424841,40.39527509864212,60.65051067129364,10.240591691169787,0.7417988709728542,74.92209202174972,0.35269658104692736,1.1919314427446421,1,0,27.99728742612455,19.810716376023265,63.14207552507613,30.62113029911963,1,0,2
34.780617666173484,49.21763476304036,107.23750401051059,10.334600538134477,0.7090527377896856,74.71571240250299,11.054115323257552,5.976120493792992,0,6,19.781568968555824,5.566333208235898,91.0156719221255,30.50029267884629,1,0,3
41.85353222119609,46.38068162430319,84.46081243440453,6.5102617278364265,0.6394271193730501,79.42219138202616,11.568955117053928,2.17995381436604,2,5,23.8273990053855,15.666139759619025,98.95038862659817,40.24149757757008,1,0,2
34.10009046501622,81.31334474999262,77.09672467873634,7.319946761381584,1.4909667214266509,68.14100152356657,8.53138009423072,8.791285068469847,0,1,33.854722138302925,6.259381203104519,80.06535852283344,91.08039425136528,1,0,2
33.41800754280185,83.37092993073608,106.210921742133,6.052888999766836,0.39832907823181324,80.65537979777949,1.445724651006337,9.846077722012108,2,2,12.515160845833089,6.260845241795701,84.69200112558595,62.849463579264764,1,1,3
16.999561216820698,54.5069880159102,61.219549655504835,10.296765842860424,1.547815459400842,93.91081551371015,17.86685905608383,5.4628185410296775,2,3,20.928253078745293,2.077258534018922,55.7649746928964,98.80314533175866,0,1,1
30.552240658356123,43.11091652209231,89.07124474345436,8.06662973057106,1.4634952235284786,97.77354952475821,12.228616144557778,5.047065513551195,1,3,0.33918884102031477,11.197916215931595,71.21996160932889,92.11320260367609,0,0,2
19.505070024511248,27.476049280165455,87.44662622496688,10.719915096458081,0.6889072318765687,79.18061080705249,2.3142659913793917,4.1326522786645565,0,8,27.497455991071725,4.896646762564185,84.19467392952188,92.30896794311279,1,1,3
37.12301306164457,86.73820155674665,70.96602006056911,8.033617319622158,0.6924591205390322,52.12954769851565,10.218611531882953,6.7422425095841785,1,2,7.81541858459367,2.967895155152376,69.83654955800674,38.99335023501391,0,1,1
30.366657624380235,24.21588614302082,81.44437156751053,10.916002513793167,1.3505060243528788,98.46179986335545,9.94508631896943,6.472243828132454,1,3,19.240050148550758,4.53333389033467,45.31278352684276,63.26605444488959,0,1,2
35.4068333762506,40.83551942977963,92.61320029718851,6.7841895224898785,1.5837994345964361,85.29310304481281,1.2080373758585394,4.090439088345287,1,2,8.408208651218372,5.021863141280598,84.45185158985855,99.55134181226131,1,1,2
16.25018701807153,40.86463408190029,96.35655984409638,7.040238940545049,1.7838498229028896,66.7981824276826,12.13719407205895,4.0884998656285285,1,1,0.9413485831396917,10.08166912238972,53.17386351248512,40.433096118229344,0,1,1
17.543760481374097,42.42809002981504,60.035842935328986,8.045259237503618,1.7412442367453327,57.35788504818617,16.16652797843129,6.803234499849396,3,2,19.32882206792066,7.718460731111245,45.86186025625935,70.19634175327363,1,0,2
36.48970164188047,31.50007902906865,106.84267150455076,8.45092433329364,1.938545239786743,57.170930611813745,14.980161084969563,5.99091564007339,2,1,16.99334426442828,1.5098056204392019,68.68347692952293,54.099599436715934,1,1,2
17.162530079960202,74.8213001646588,68.22626861964062,8.092216865057871,1.2674235668388945,58.38722030698014,4.059388283283667,7.466998849645314,0,0,17.005980540975226,10.720571657917223,44.47654466797679,57.15006980142486,1,0,2
17.13770183295776,28.574850337619246,71.67902171111795,10.581882195139318,1.8401472323456294,52.27862608069101,17.245850591084228,9.472531145537445,0,2,8.352246397154811,15.754949031775293,77.76662001889923,92.35547528283507,0,0,3
15.363254257046624,64.4434661407214,73.17367228469242,6.581708355760288,1.6648982282057188,95.10770943264558,6.850843313187019,8.016324048997006,2,4,37.888183589927166,11.484703217879906,78.4283950187947,71.15317984345981,1,1,3
43.695041948984404,28.669221869407224,61.891006827601764,8.107302117830928,1.8156683425495237,77.03841164136682,18.930167565838826,3.7391113723033698,1,1,0.1402860724277799,19.490805045035415,55.40211838798055,83.11434725721637,0,0,1
37.12525078377021,24.937494631506958,66.15260617951624,11.023439997092757,0.27034655224939164,84.99797063569187,1.4349592845142745,7.832101904656096,1,1,35.66181799989354,1.983004162889428,97.8720653084556,77.12640782466687,1,0,2
25.597542255061924,83.66006525801136,109.3174961472081,6.400782463573032,1.9403302357651693,91.40542546341538,9.724173770396852,5.050220745809913,0,1,29.476076925579285,16.42304673516219,89.4670952047894,67.03109833989785,1,1,2
23.896067438629657,33.309013642309395,75.7608368688643,11.654061046028144,1.0786777849813372,89.57705031666,11.942487543550984,7.998907516189238,1,6,6.88288134133086,10.113853397946661,46.57521747398365,85.41978391392632,0,0,3
25.491096892375488,77.4875108191793,65.76505451695246,11.917901053632077,1.646820231755975,94.13028118644208,4.953001969492094,8.979141434954277,2,1,18.88767945214218,10.431903550904561,84.9107276403457,97.95130341372688,1,1,3
38.239605935435456,58.12416097749951,65.34956305873116,6.5314090429504805,0.4726072088411165,98.3627311262476,15.427603774404554,3.24945414216912,0,1,39.5540032603309,10.381998692990969,61.18448125659006,97.67736877690504,1,1,1
34.84111833211243,25.449956372613872,95.97299838349859,7.747635133534422,0.9428969176744546,71.95353073709697,12.537913596214342,3.147805103769609,4,1,25.747929479372292,6.506376558152769,85.01731129893753,85.26164006953593,1,0,2
20.55586703602404,86.88137340066473,102.72843320163204,8.234403996212137,0.7250561602867341,97.51677333341954,0.3621887457591111,4.893624174467308,1,3,5.0950689527467,6.491100284805049,88.04768754115653,64.11308290244602,0,1,2
20.22328006002253,37.287281689432476,72.8476149754235,10.658348211916357,0.7604028483766399,86.16449741714081,12.167371813924717,1.4638048628321507,2,3,18.305689554257274,12.636890132849516,49.082683363627694,41.42112714338409,1,1,2
17.95186949140192,80.17517417468245,61.04547561676175,9.575560872700404,0.4656973349140431,53.533409515403925,9.829564688368928,7.17117345349216,1,5,18.728123862912494,0.8953017076623282,79.71051909027415,33.11293562803261,0,1,2
34.80908159104014,31.816700404919494,71.15450092226779,9.866194202955404,1.6600867069502623,84.08915606061727,3.9205840340701537,7.747309716160249,1,2,32.090533315324336,11.775720906036069,91.76379762935852,46.20114778561609,1,1,3
37.93117986665208,79.7760017499297,62.82578453983787,10.545058936911037,0.2661740505168868,84.33583298024243,19.914964541190592,4.108870047717018,1,1,36.64651731304622,14.49181436421831,59.402417443040406,53.81805997182804,0,1,1
22.95139284975012,20.92601690337058,65.16974683150208,6.707873996622155,0.7968845497241044,95.29302818962636,17.9432438965523,5.187567277870532,1,2,3.2896617315493826,7.1265258695083595,44.81969825085786,39.08947311426368,0,1,1
15.628348830927385,55.824631959863645,81.57540599238212,10.999256741461574,0.5552184506287263,68.6466066235046,5.85015390058127,6.3132092841270575,1,5,12.561491478113291,4.347138789192666,41.63604879635193,45.73357307287166,1,1,3
17.46515002429282,73.86098055950897,71.49591854308163,10.233718825080864,1.280818146064596,79.2455750135909,10.821418415972326,1.662380614139504,1,5,11.937525075404597,4.267738254458089,46.600057623803714,35.84818251926188,0,0,1
44.035801045350915,85.43568622449483,85.79729392627117,9.464050351178223,0.6949417045754518,50.609377550587126,6.330042798205815,7.4016778047891325,1,3,39.84192499676073,1.63679306689132,40.252355276980836,66.65738804440852,1,1,3
23.863343324322607,83.6441495344541,72.67468766285953,11.33841200869834,0.7032472954241744,66.60376210906679,15.509915032721562,5.740315036741404,1,2,22.369084667655986,1.794386384128166,59.61675654356969,38.84227338214829,1,1,2
38.076694435144006,77.37374086833515,107.02686505514738,10.201838123302842,1.1045917519918078,53.11218630793905,18.6066286639291,6.618360540004502,3,6,35.19325984479938,3.333757363891854,57.95971527774689,81.99380409460683,1,1,3
33.73990706562792,82.17339447629129,105.29719839631323,7.210199775786153,1.39220581884662,76.09364863824484,7.176572138287671,7.5144752276579485,1,3,17.041313977792957,0.38345810106174216,46.620476061245085,53.28548447008579,0,0,1
26.458189189586875,33.945378008595355,88.3403052505233,8.578472286454002,0.46228323298903634,90.87238252534766,16.11168498287255,7.0800286669584,1,1,28.908926016357455,5.324708150483685,79.06707268616788,77.04438999478619,0,0,1
21.170617865866653,39.89290069982101,77.7211995993693,8.9642572016144,0.5571450418146182,60.322134606453446,9.968150854264097,1.8578942981706872,1,3,11.463425692165842,6.128036584959203,99.51438147037659,91.77636045562693,0,1,1
18.641592544782192,40.22779674447409,79.05734410173677,6.331305760502434,0.6825558030404058,76.37205227788893,7.931571226231546,8.043328685042152,1,1,36.471440939569334,19.904425067122617,94.0555848906753,36.02115797759073,1,1,3
33.450389041166,46.393775170118914,80.59261415722484,11.727825080160335,1.954059374706431,60.20043182553835,18.768437041975396,6.490419236503627,2,3,18.205849639461352,19.83375475312251,55.171035980623294,99.23005511888974,1,1,3
38.23901341913364,47.53244692696321,96.3789661067472,6.771463564781271,0.9450168749001107,56.03442339231202,10.208093774380629,7.433927578063454,0,1,32.14901989264349,3.7409769367416956,86.19889797829282,75.16703396567148,1,0,1
34.317127606233925,58.11887272582729,82.5819497759419,10.184767603360362,1.2982326586042963,75.54983959671712,9.348210005149298,3.3535155251087954,0,4,10.232675333702591,4.260643161938489,96.21179579710115,33.73561548056591,1,0,1
30.90906399747475,31.191583435650898,102.83649732529487,9.037386216545281,0.6726999222529613,53.95743104748638,13.44868803924686,2.992844972658318,2,1,27.744173676875164,9.83812741120865,94.38185422273291,51.98015623483168,0,1,2
16.258536702949087,68.38726646501925,107.20473929651823,6.153793499306536,1.108304169025604,79.36773155689947,5.224684020365689,8.434830500747076,0,0,16.206336176001432,2.9756866747542032,93.0729712786773,92.03716042590194,0,0,1
44.05466332783151,31.729657751315454,76.7973076689467,11.548484855186171,0.37970855517542657,51.566873033836316,6.495857415766315,4.513502664125742,3,3,1.257576918981882,10.080788163163835,87.18703073065561,71.73635230610284,0,1,3
38.961425749637236,41.72159374731832,88.034724068784,11.1110208529136,0.31079875536407214,55.33574859341878,18.640916724772453,6.178120501645704,0,1,16.52033015036254,7.987794096101486,57.579488566662846,50.10556570714406,0,1,2
23.78466110102894,55.234159142430784,64.75282684162822,9.145547567423012,1.0702836719375552,77.4998742743679,13.570596908738848,5.964359251295951,1,0,22.000865670216818,6.492457820997448,45.01378397264753,95.83462090789598,0,1,1
44.39910988076552,75.75083930664341,70.02345238831795,7.373654016836672,0.9476537531572211,79.5703706449457,16.53274295542011,6.26650140207717,2,3,6.070464556527009,16.452103416195506,69.26916117075731,85.10767992854753,0,0,2
33.056447689089666,71.7628463267109,80.673288335508,6.729737344080565,0.4895405594606984,51.4493465046879,5.422235238708593,1.6255578471984475,0,1,7.356524207704602,16.562353999861152,43.28746806138021,81.48769473049634,0,0,1
32.472679746217395,65.18740494873656,70.31013579508894,8.180354876592759,1.453302500611284,78.66883940007793,10.875803798597442,3.7222628105492706,0,1,18.594511932926277,19.75778933967453,99.90842107210173,92.18989840046919,0,0,1
37.44219538288596,30.90412824061191,103.82802453943589,7.532569686276543,1.9875811090737128,91.92512626618185,19.427925339789965,1.5983248553777587,1,2,13.709188497336267,4.4617622816316445,61.49858098388431,83.8845961296031,1,1,1
39.353093642704124,58.29317419309044,67.9143128029549,9.040147206037792,0.9423819370942468,86.1158088646977,6.374077980564352,5.321448777417888,0,2,17.629621520134506,17.765549942874923,97.50039510333366,50.0716847239204,1,1,3
34.69435821994508,26.12125512599198,82.7830410776546,11.798455776740575,1.3429776128554403,56.55925519603993,3.2095295263408374,9.118888123662902,0,3,18.433079572908913,10.75691859347862,86.38725951405493,70.87202528679255,0,0,3
18.842872390986003,46.41542237576556,90.28496202299378,9.44972095937785,1.93520789913785,79.62373237818075,10.21772016449328,4.502585649828512,1,1,5.603041748110225,11.82918862664704,64.67745722144798,88.96003174333742,0,1,2
25.148025179834953,48.946157120297144,94.59319540804222,11.339586335340588,1.7051862017820316,83.61262500371068,7.7564217744975235,8.042047785375765,1,1,7.247783010804589,17.925864286650526,47.09868476296238,42.65936747059844,0,0,3
42.8425092097815,22.78680076120277,79.15346848632534,9.905273024974663,1.0612163907797,51.86156008761459,3.191544655734271,3.5852172304152714,1,3,33.92661573917977,18.8526159275664,54.23158542068296,41.411629565084226,1,0,3
21.738468355315558,39.17916696289802,103.45495343623642,8.851479159523203,1.5406065978048589,92.76738343418114,17.77102765406736,8.706391948331252,1,3,6.508747572419362,14.536225154012746,80.38267456896415,41.128337329961596,0,1,2
26.165010715125398,86.89546270865425,88.41595755389628,11.127645376400228,0.474236320438417,95.3133698644915,19.814478211075556,4.775527979870178,0,1,26.636573320330434,6.9568486387024775,89.79611220272531,43.59786922637646,0,0,1
27.96230648832588,86.75428254807827,81.97538902237758,8.828208661037985,1.1461817470616487,92.52261366811294,11.371643613799955,4.196956740858075,1,2,16.741121870711684,9.793359793370106,98.76642950987906,37.226157092925234,0,1,1
28.182149690833565,44.662893797677754,63.36203170260183,11.211769023062166,0.7383554850648889,91.23157339945567,15.49353536746908,7.277316440840163,0,2,38.72946743878563,12.301077281082197,47.92973104082227,88.63403139749164,0,1,2
33.38818747483576,23.017007626382686,83.23447342225825,7.7494606174545915,0.5320364538182819,87.24825992304466,17.18076739092599,5.614815540302043,2,0,2.6441744755295016,16.572800779721938,49.35684072309616,87.28227542782388,0,1,2
43.29227513234123,32.53664575297271,101.03679204078651,6.7728784425779285,0.995991585945436,81.67160156409801,14.019640120436538,4.035880402616641,1,1,33.215554641230476,13.158954107551109,42.54636860140878,40.595829430136654,0,0,1
22.22078135497515,47.45524554034781,90.72705091106577,11.131886786177631,0.4792754702588252,83.93135024941259,0.8831209822346242,1.5228300652972895,2,2,19.657969244104862,7.308952333752461,55.62187153013132,79.38760236972422,1,0,2
18.645041289027542,86.34457885784609,101.60812268645591,9.524490982756001,1.4732239393053497,90.31976466674915,3.1526846343363557,2.4997539143493985,0,2,0.2140948345675442,8.357609027205887,89.26404632867865,73.88828914469647,1,0,1
20.924114695798117,29.883934447602947,84.70058352996529,11.33455438949376,1.0484200770933372,83.12492291806524,1.4197838230277293,7.950913454139278,0,1,10.54640875758215,1.0087540407854956,51.89541140385446,49.3335985928653,1,0,2
41.60774700627809,73.44610905677486,65.92308525472409,11.6269632419543,1.1795031069881616,66.38634783410355,0.1975921328411312,9.286585368058063,1,3,16.30787410197078,18.48535720874272,72.87188499370413,45.91579035853236,1,1,3
34.37432437965618,27.607777756228444,60.68199229179405,6.321770342228695,0.5061578926692748,68.7980551080677,6.1199281751447305,2.519544562977951,1,4,12.567790137957005,1.7623802665898647,66.7844318803612,47.5410098692795,1,0,1
23.577203677174804,88.68803041738938,75.16097733592956,9.00581581115321,0.49460040691361534,94.8528734186146,7.847119209631195,6.124970993573852,0,0,14.497978560557332,11.598615813710895,59.54957454040816,81.14414256748074,1,0,2
39.47840816905852,46.713154937639445,94.89952357488963,8.249787294447176,1.270977011705217,50.856104289858095,4.820594646718515,1.3075632454532817,0,3,36.6668763654872,17.433037624776436,77.10078480726784,52.35219464383156,0,1,2
40.84109989090308,74.26641772293392,99.51299519708469,9.755150382420702,1.973767058701531,84.9410290622141,1.2920929617264187,3.617591115248008,0,2,14.437361295693108,8.417304990300142,70.13954735981173,49.45714943322314,1,1,2
40.395430160708344,43.981375796779226,74.78764173101646,10.761547183213942,0.41843852066601983,97.73887762126077,10.597261816733551,5.039091631184064,1,2,16.753175176109313,16.00250975022743,60.085790409074924,31.57367699080542,0,1,2
42.56779600918664,63.93682140111661,84.78269604416235,7.683541295846213,0.7500299999901172,85.31140849789868,5.4663863991428325,7.6229008056892855,1,4,30.445262143124513,16.0763215927259,81.33105310720029,93.57655456435651,1,1,3
22.567230605200848,33.441125931802574,81.05594522170408,9.340790306239029,1.7715534539413031,99.6955994115891,15.920743097271245,1.3969706812283664,4,0,31.753342629935005,1.1969207717249386,56.79809146231239,82.68929011352748,0,0,1
37.65125786238835,30.221471350787375,80.5261392175714,10.252371479429398,0.37647602144666464,84.37724527641655,0.16105243250562395,8.031075859025345,5,3,3.3635860714677834,8.242874514614433,78.59100038766886,63.09485730647043,1,1,3
28.816184918224202,85.66448976976919,71.56743566000752,6.806586497014404,1.7828000123921648,51.71815146084305,16.850541025752207,2.8238298787478717,0,1,28.16280138268017,13.82050973374087,97.43475210049306,96.00488442454005,0,0,1
40.25995658670185,84.23530945331034,66.81855525147292,10.884401435707602,1.1675004709058145,91.35049408234619,19.09507357891914,7.835785939404288,0,1,19.30287814707103,8.447070181377658,83.73711875089099,50.547254824279555,1,0,1
36.85472031484839,82.12282581490177,69.83442791156065,9.63665759911784,0.9644668543712452,64.23149559696596,14.32270126307139,6.629237306073818,1,2,5.354155729506216,10.903344963587124,65.10397357817968,77.22935302282036,1,0,2
38.293423394991734,63.78034151166154,62.766619358167304,11.697224622681912,0.7919409876150477,72.30286128322204,14.67288130525133,4.05618253231872,1,2,10.588422557875372,11.889158092132801,84.8535592721515,51.3605264375107,0,1,2
34.68485513043214,76.57877478513947,69.90653709117885,8.03717351478416,0.7699550267237233,65.6045957953541,18.671246232054663,7.513763327120566,1,1,1.8014198922607472,3.0245875346248496,88.554509008009,52.020069786326374,1,1,2
20.322863084091207,24.832585583796245,60.46004488126897,6.6488756540231915,0.7851545192865879,63.42770531048397,4.181425706006983,3.126903254325303,2,0,14.409487552473408,8.239624122970596,59.550428019878524,89.12964167006889,1,0,1
31.35080756690815,43.43523293234754,91.36292003179892,9.039007206221552,1.7984053916803426,71.57028518348926,19.891311364171532,2.977551631142912,1,3,10.216257613360966,0.5692644336713171,82.30793293949732,85.09153674190816,1,0,1
44.54009218573525,41.95921873300094,75.81877036938414,6.514864630256633,1.5166416528058746,68.9375724220337,15.469624067570837,1.5557028235706427,0,5,15.284135895200706,2.9925216639068886,66.06377176440489,50.58752014601441,0,1,1
43.12164199491357,64.49517253668293,108.65723557134544,11.81715913994404,1.4220152637045136,81.66692909212946,14.531414166555873,4.537694564416908,0,0,23.213621901230272,10.245081267529972,89.11134890691213,35.697266096661565,0,1,1
16.29521207391035,44.91704414294483,69.6858525388149,6.232109749543149,1.6478110106660013,90.65756004937553,7.221811579905855,1.8793596799241405,1,1,29.2935820814648,11.471719958776205,57.72265571052165,55.0308897713839,0,0,1
19.944444471883113,30.395474715057656,77.2914285154797,10.521023406643849,0.6999506602572537,64.85443265936203,10.915549708112211,4.77550814823681,1,0,24.21407946238119,2.9246881318332463,96.26558020146595,83.20402748397207,0,0,1
18.951863203636858,61.75269527894806,77.89205793207665,9.150614388853464,1.3315749211430725,60.686057641100874,13.07835576546694,1.0882321846935465,1,1,27.13509209039783,15.11238540424841,74.48721623583842,37.038105282950454,1,1,1
36.779397299558866,77.0068744468357,60.42257480312303,8.211723914989733,1.0551159181764143,83.3447635435171,12.406857226344318,2.3957501244199992,2,3,34.625564824751734,7.459757757419854,61.198198836142915,77.04706053062768,0,1,1
39.53355989570835,46.74864461219812,101.96039765197295,6.395052987051928,1.6192728616003385,83.51600329153908,14.099692769551615,9.391347466229798,2,0,34.95297773846043,18.412998576553438,65.16227612270933,92.28342819397334,1,0,3
21.40534098932016,29.25881005689372,61.599723007216234,9.733001545041645,0.7911981933282496,95.0565619643086,1.6476347815682124,8.160056345533707,1,1,34.42877393436696,7.75325446610813,60.86791679884195,42.545900892353295,1,1,3
30.175580788554868,33.76817381189761,107.00899173646206,9.511321976345732,1.3755625795223176,50.79728432266554,7.112968656633935,3.1254723166199043,2,3,6.126756619181064,2.996219528652091,48.77478015142932,90.35430270003427,1,1,3
40.221090840336004,36.62383136185688,104.60371755468103,7.685299638405598,1.7938717206802985,92.6520331058255,8.680000331909543,7.464628063642138,1,1,10.042765343745813,15.159409173615153,44.10954381324815,33.595471771982375,1,1,3
36.98404634298752,40.99283150961753,86.77609580429818,11.461330208461874,0.9537633333411253,76.05010864741784,5.212585957499329,7.016336119678931,0,1,20.093012197102883,11.356016008786579,59.306721708295655,76.68161806633944,0,0,2
31.26711616475545,64.99565493544165,87.1797787455646,7.824660044057021,0.36658865289305753,81.06510445860494,3.452545405384475,2.5923305263942473,2,3,14.34957176064108,7.733763364883115,67.52142646469139,85.3727244263111,1,1,3
32.71043071376319,62.06618391764033,92.68889614780781,8.698352463552638,1.1530889390981374,54.56857202807074,2.778549598257256,4.3395267430967435,0,1,5.266758731198529,7.119143268645232,61.70901636616114,61.13362823615326,1,1,2
30.2508164074884,68.72559030969273,79.35250059674435,9.262574735511933,0.8554518536622954,71.63074664360228,7.327667845131702,9.223351683054732,1,2,11.510009384226056,3.0153794711454207,40.835170220038734,44.261008636945945,1,1,3
23.92645353956462,45.37513891720592,92.36111416989277,6.601391269057716,1.4263944159575561,61.36512036192619,9.868834011251318,7.648460948850853,0,3,39.017150466625566,6.816692549320229,74.74037475714871,94.7310649232454,0,1,2
31.950659785770483,77.67983563159848,62.238419434424344,11.592970315281793,1.9143076183100607,62.71125150412546,1.2595288029332141,7.843142766758431,0,3,13.877070219861448,0.5868828195667009,48.688988793456446,31.39782080222182,1,1,2
35.666559061502724,34.28613628090322,62.702381367486325,8.247216914706247,1.0998145564944823,75.20475573380136,18.929161891810992,6.074974303611661,3,2,16.756562731838457,10.04803828151542,52.66031671369696,68.85498604606727,1,1,2
41.199687475824234,52.832852326270775,82.86152098097722,6.4846752832460615,1.0658329027721842,90.62279752015561,15.304866457215168,6.989858188615955,0,4,0.25605687429187896,17.934474836274717,47.244912056872025,56.099458609352254,1,1,3
34.08874061937745,76.06571050790012,87.48111505530174,8.32374704205198,1.3955234003350554,87.18904650724281,14.617035463709332,5.57864628641475,0,1,28.776595191607946,15.906615924306543,71.225963801711,62.2740036836732,1,1,2
37.83364611129474,32.61110534128335,104.39088201679095,9.601215282555485,0.43112063128874345,79.5499979542977,3.457210499774539,7.668044230026102,1,0,16.54200262181519,0.5704239440842862,45.7095575448412,67.55955393952271,1,0,2
19.80214904863719,27.690417961854806,65.23303169539481,9.081916030927978,0.6936358306187757,76.97090963767334,12.07601536024378,7.5945488087952615,1,3,4.1256025158064435,17.62520652536465,55.38143495103476,67.43240355865561,0,0,3
28.846724232593697,81.85787773815929,101.13239635969447,10.167251844223644,1.8582138196256974,71.3653021617245,10.594498936173348,1.2797486881502222,0,2,38.742269532186874,9.046496577651066,67.10252305719958,44.25365646295025,0,1,1
15.279948594812799,44.00507639314371,70.50236686460347,6.332903652407464,1.422399573386591,98.63549867806933,19.649376915733875,6.685969533757873,1,4,31.09732850340347,3.817829308309888,50.06253311031227,77.57916260300303,1,0,1
22.40036593564869,67.87090874363224,79.70418242550159,7.7072436616323365,0.27352707697097844,78.00962771171166,14.953435401603159,6.6683229735176255,1,1,29.046003577309072,15.048239104307747,66.77448170210998,31.340380383450228,1,1,2
36.79385145339015,21.774402298475692,75.83012174137065,10.915383461040614,0.6080945769782847,62.69831991561111,11.515237674324624,1.6058796903966845,0,1,38.31489339366678,6.457471003540927,60.56410754304352,31.48288659489997,1,1,1
44.7542985404809,68.30328218866147,80.00776364326995,6.479362126748165,1.4449652155505732,61.50453960200198,17.016253329402446,4.693431386562787,2,2,16.299203380685512,5.066368462737056,91.63583064217634,63.494113889481696,0,0,1
17.97534298761648,42.127091808287936,67.52477490362928,11.132915728175746,1.587698604484505,80.56765153875709,3.1018854172141896,9.089102112510968,3,1,28.741341611697937,3.2263681356309526,87.69419275769735,67.93320161891931,1,0,3
27.044829475838647,23.901859751120924,85.17850372017774,6.551376552462638,1.7197542521795732,76.14137636554644,0.30433059381954397,9.580949422329828,0,3,8.248315895418044,9.732438138004456,99.57127500793189,49.242263719018226,1,1,3
39.00212906097478,62.68689330836819,100.08212949156837,11.006725289350177,0.7613094059185785,50.38489014773564,13.804666668290464,8.039898529418966,0,2,27.8848218980848,1.8678799909889054,71.73470397792684,68.61728735387834,1,1,3
21.121069038866963,36.85626712512213,82.07670051894485,8.16473040647236,1.8793000434857345,91.50326860978896,1.9662292047447494,2.36324070073765,1,4,0.5631636875041135,15.71226258227573,74.523825613453,66.1276463089913,1,1,3
31.65254847906859,47.0765069436316,84.53067879490996,9.673254379543295,1.2176570637613118,85.20611771162173,2.308672799670184,4.372479611092492,0,1,5.052215217624565,9.41349153332822,96.79875088694396,54.44543883408514,1,0,2
36.992138880890245,25.64065686005595,102.4383792640657,6.917322693887989,1.4689432891788126,83.09146448390518,14.89361452849061,2.642980142953804,1,1,17.01035674411394,8.939528336378403,63.97553288125111,75.62422455815816,1,0,1
33.479563507805366,30.301427576646173,95.30290573190155,6.397012330351085,1.2942930098648389,53.43903288488295,5.410696882679781,6.869225225445536,1,3,0.48370779224032656,0.037079129630419594,73.34096107049155,97.05560515827385,0,1,2
20.640742038462484,40.858406484709064,84.52272042598923,7.295629224120811,0.4647950956805858,68.10279250862457,12.572624311377858,7.958300061814074,0,3,18.47863421801677,16.357277206171226,62.74512974352842,64.35618860975949,1,1,3
25.661537060572183,26.283165039211,72.88478240945898,6.7671229074521735,1.9354506539235397,96.76911303663931,18.34813852185497,8.953891467621418,0,0,20.911669962600158,9.856741180765074,72.75164235388557,85.02355314924861,1,1,1
38.513753534561914,83.75783852804207,104.24633734224832,7.87443538607779,0.4650322648147671,93.12946206706819,6.3294906327571665,8.745836279215334,1,2,24.86426390348328,8.797890396026958,44.84598595105237,47.331759450109274,1,0,3
31.6267954239605,20.42329302287849,88.85102008452792,9.08629947906612,0.6960434237195713,64.27714689347667,4.342883156798376,1.8928893489481977,0,3,4.0154670797446546,15.22769770568781,87.02764560062388,83.33654154552369,0,1,2
15.156888406287383,53.8702153205018,71.05738050553467,9.532556781390056,1.6738487903902153,57.852944204956934,2.1312576748210343,2.1310660628113856,0,2,7.240476525088493,1.2579709820152174,99.11679684574264,75.4234168151396,1,1,1
37.829722800842816,28.627322069278602,73.45598763190051,10.739208644278458,1.3325446826269276,72.45439785842885,2.6092472283945223,9.18704631647862,3,0,24.531334828687804,7.333609121904074,43.94442414637324,74.77884459498127,0,1,3
16.059340648207172,41.537536263456396,100.1566544468123,9.937439359490153,1.7167610394086248,67.79151893338305,1.2444539075768546,8.594059887261395,0,2,26.327508498505573,11.514679151075129,88.06238381388846,92.51247383095593,0,0,3
37.37201348193696,84.82416918727859,62.207278104372776,9.652549950777317,1.1525383296545786,84.11131883529956,1.7528475765948026,5.143403485444958,1,2,1.0360091284110506,9.211551254783753,54.50408802970202,46.33451784665762,0,1,2
21.074416804957124,31.31861872917908,109.60460935144101,8.470692164914649,0.909738161891611,98.32174050421598,8.640091776183079,4.870468825994379,1,4,21.61469448460153,3.6327777975594877,51.85282319661888,55.791508196365946,1,1,2
43.74220440358141,87.60826238028328,66.51758398573959,8.842850609760832,1.8632296242086237,68.15007249912807,6.417300900479395,5.975197073948081,1,1,31.3992692799533,5.985530153606236,81.6022238964074,35.814721990769,1,0,1
26.038222539062534,34.40560638925952,99.80342626984687,8.487124976341086,0.313441555650891,53.1112086326121,14.13121628645996,6.369722648934607,0,2,2.7640351114157635,6.00401115295266,42.647934913394906,80.82839837384485,0,0,1
24.807948490142373,71.90962759267808,79.73876583858414,11.052996180368298,1.7482278856178302,94.88070041711927,17.404833164940037,3.2879490439087427,2,1,16.52691460986079,19.83941605530454,67.79436083514162,89.07070997097281,1,0,2
19.46664150997334,58.26740854281182,84.61080916437334,7.380002715290399,0.6539311240786179,51.89748651199354,15.695464062847686,4.633675871295272,0,6,13.060450921204074,6.523942376132976,40.08666795491928,58.40834525422621,1,0,2
24.168126464706447,81.91351093177315,104.0325288732289,6.034325589251788,1.7352885735694437,97.63829485766665,10.612745133313044,6.57723667725026,3,0,36.54662501408067,4.10364125084598,73.26364171878843,54.97787729277816,1,1,2
41.29952285484602,58.77952788521917,80.64555947946066,9.907919383357436,0.4935940734795498,83.228971400452,2.0488423246530685,2.85640647462201,1,2,7.432095728258212,16.452743062082927,67.7249000638974,76.10562990995692,0,0,2
44.890030128817415,57.419145340941604,86.87468768366173,7.214773101832988,1.265383186458446,97.08446042209746,14.195345678831071,9.9894991386989,1,3,12.734416525779206,8.423425100072173,94.92895640084035,35.291332255253586,0,0,1
26.049285915205452,33.68206002578799,62.4649831204585,11.340690817858857,1.804188858270076,59.982984332448915,7.256574494537471,3.546455070628336,0,1,35.93778979965212,8.877273889741016,83.21631416706492,50.568932729541956,1,1,2
28.458318928636277,31.63605534361611,60.117373693372656,11.154277978239936,1.0786943820730583,52.03498976269038,1.7130078783082037,5.971737502197998,0,3,13.226132242398911,10.977781269914747,47.560370312736474,55.63489589746286,1,0,3
36.66212814608211,84.15424057808599,72.23999365008629,6.460364231569235,1.5564916791559376,74.4104989138246,16.849328144252514,5.987436343592114,1,1,21.253897623423775,11.91378394525023,61.272397585116835,66.30131988215264,1,0,1
41.585873413952235,42.94867391950238,94.02915464593836,6.638330432484464,1.6581753312472272,72.53117072850625,6.764330343650111,5.063367055501935,3,1,1.3214134892351748,11.81111200820679,95.89478618072872,63.35984536283066,0,1,2
32.79133002560353,46.04575784740271,66.06324466795684,8.971029553479998,1.5388648652543635,66.57461366274414,4.3649766502314264,3.1738911100942984,2,2,39.396097447001445,0.6899944482208786,83.52004883644538,44.60762959422388,1,1,1
26.745770945334883,73.18765608998719,65.68809794022746,9.655335976616128,1.869327039530547,97.88282371943487,17.429041292376862,6.0881776510196755,1,1,32.99786831484758,16.376848657959055,75.65650689917734,67.85515117043327,0,1,1
27.37865522545871,43.71764376959651,80.54803040179516,7.6494500248934445,1.0319599034098752,91.12918660807162,18.042677368940097,1.819129738150996,1,3,25.376037789867052,3.8970563814967596,73.5442954472141,94.81080836207389,0,1,1
35.868544394904205,86.6443712647302,92.39185193041132,10.300786300196224,0.5529695185390227,83.07910106877966,6.779416743831197,4.4823350200198036,1,2,2.430210923599212,5.846842555677217,63.885907984232645,31.896152320799093,0,0,1
15.096547908128361,71.65494382991602,95.60359961239652,9.56949612551323,0.3336693614793396,58.14291458189139,7.096028385627468,3.018269755144034,0,2,2.994798454911227,3.4685904004135093,75.11208776013865,77.62146006832708,1,1,2
33.587680123795224,61.8200469801394,68.92253370491873,7.948944658491328,0.681304771865634,86.71617041092624,11.592570551662881,2.117599965720517,2,0,21.798945231627588,15.341533150717554,86.29986489205542,73.72963190836163,1,1,2
25.664790313240722,81.66266123813267,63.979407368602125,6.152228928253893,0.5005956317904237,86.35062273498619,14.668829876213163,9.329346377930417,1,2,11.40257744813737,11.673159852508391,47.65226058138205,94.70988682981636,0,1,2
38.82591993831252,23.472413584463794,107.0198516972772,10.500901687791107,1.2264102975103408,71.25340868080038,1.2629840381372692,7.29948623448946,3,4,24.911577900126932,15.105923055041027,98.18983837888749,75.17414582849572,1,0,3
17.789719194693966,37.99438845324461,73.03331912810509,7.2885219949504965,0.573654340120531,96.23929548570068,11.866873143769434,2.519459941070199,0,2,23.927699273910896,13.067968108586008,54.36189214533847,73.73898987367303,1,1,1
32.646068008451714,52.552543395463694,102.66732488043618,11.00684246077577,0.31813398775639956,58.34889411145052,19.056401235671633,9.544562745395647,0,2,33.546055931171914,2.0831726883880375,66.8645608862425,83.88639620687681,1,0,2
29.429186696583713,35.88849776300647,103.17457252314091,8.52174156032553,0.3129822005201688,63.366878120583216,5.241877943599073,2.943928973329818,0,2,11.255082428505695,6.029995517020106,41.36293747886692,48.74641641737622,0,0,1
34.26976577715682,72.07336311115063,98.62612958812721,9.462464655790592,1.7052466221385079,53.16121696253168,18.176544281938675,3.120519374175147,2,3,23.114540979639703,10.145303191802427,73.02075537750912,71.7012583702566,1,1,3
16.94560783448905,84.34456217376076,68.44168033262851,11.23769238245401,1.2850373800252934,89.77254790887937,19.003366815261874,2.199433379905553,1,4,31.09453275355044,6.098900628627273,62.91201083569743,66.35947765532921,1,0,1
32.39951362284394,49.66390839516464,101.09007296271002,11.181738005519719,0.8766492783134118,81.08796930476987,5.383072819421795,7.550678218883346,1,4,19.63091945289305,4.146078088122329,54.985352336379904,60.693075465848146,0,1,3
31.844537638785713,43.94928200783265,98.46252796207933,8.22911745146144,1.814899074795432,65.74701528406247,15.084037317707011,6.137878893714063,1,1,33.22574659755778,17.396239381331995,99.13145522694134,35.56410171586226,0,0,1
31.819802832485127,87.30855124962964,89.83614950531086,7.253333356289058,0.37284406996349884,58.19068317971577,4.7755001663912005,1.524260191733836,1,2,5.251048062950918,14.95567350430752,65.68846856033647,50.48402006089889,0,1,2
33.104629997893646,51.13967029792786,76.86010175844764,10.650876466371567,1.9655636272736954,52.00738850143702,14.752223234642655,1.2276995447346666,0,6,29.355910605885732,6.904401211083533,64.85778181563383,49.598719979311866,1,1,2
35.294038116790865,54.23338803144983,73.1254302133272,8.598481221612786,1.3285106329453067,58.33727843129683,15.948399425776518,5.793935389981576,1,6,37.71928366083914,15.30024725257797,67.78619586885857,80.69756700148007,1,1,3
39.14966999042309,44.615491063933376,66.09446060401795,7.1522519613540245,0.5710624444454848,72.6642323168829,4.9441140742129885,6.863780727304182,3,2,13.275332839742644,12.550772368904559,46.96922674396968,94.44592946473044,1,0,3
23.09462160384643,83.66839311084968,85.48785334504358,11.4265520539029,1.4383709232096948,62.35884845053031,14.3173908716647,8.4058625486428,0,4,14.653457696478597,0.07571467264793519,63.5857665888967,46.155105601379404,0,1,2
39.751482305401865,59.82688382972955,89.26304377549232,7.188625165446524,1.5859172046212346,62.949108871598334,16.242090777281796,5.304456317399854,1,2,3.3419870876341884,7.605240520232699,60.18425554633368,35.22367572239281,1,0,1
29.94767046790361,73.35222110271513,77.96694952578936,6.1548430091473865,1.0013498708988553,93.77881833338571,7.171577442138235,7.088774308831514,1,0,25.65971118298847,5.80974998388661,67.90746752575326,99.99698680581392,0,0,1
17.311748374029936,76.82647028456205,83.76795338404342,6.12167984260452,1.757857060929708,75.75688367305503,3.3540555197945388,7.602900948613801,1,0,22.09802902539481,4.358172434117938,91.39727001047692,78.38437310938383,1,1,2
16.756527877319375,43.92943293420807,78.17572286846334,9.733892138725587,0.513781712768823,86.46259865642074,1.8392913463502714,6.517474236802953,0,5,1.6138303492947115,5.031787881416898,51.567123673546405,92.05295928931803,1,0,3
25.027149560881824,50.3586031924266,92.05030286603505,9.970050364305182,0.7379657712608146,51.785547451407155,11.507634072198838,4.169946271306838,1,1,30.088481078852467,18.84729693151045,76.46435954317735,40.07155911046574,1,0,2
38.54690931334403,79.39302420843853,105.06296038982816,7.866250230341904,0.4136116327719821,68.25816778390143,19.561962386314264,2.1870593472487876,0,2,33.171379829801,9.726341359830746,42.258225385115686,86.05376287821582,1,1,1
36.23042804222747,45.42787461730671,68.19601310234725,7.920065935482381,0.6190362210628663,73.9584673697721,16.459006400444324,6.827846900765516,0,0,36.284784165630164,16.95417436448239,59.00755012600126,86.93266221916701,1,0,2
38.65844894017219,75.5754593416296,79.07044049515616,8.036963490359657,0.6677754208445038,59.32084276050924,8.716792778691056,7.918266986311598,1,1,21.829363446825685,4.284343043059651,68.35945714556155,40.60422481934264,0,0,1
30.51807169324828,85.8694625802106,67.04343019754306,10.080951280553272,1.8558580841129928,56.00957707227693,10.73241805709917,2.7084440678856554,1,2,18.103201396070293,3.4880759929189664,44.456749047853386,41.2982926065867,1,1,1
28.205969938664715,63.62472611476049,91.2471885203916,6.348802746160971,0.3866919553145234,93.51518892499212,5.590557708236378,5.453800471733332,0,0,35.045486181283096,17.775791766278196,72.63807607741006,50.68158512852607,1,1,2
19.42357580118852,71.91391012163223,96.44352547442979,11.574698116147953,0.9979764603284915,96.97158135498984,3.2613173472012713,4.575208463082589,1,4,15.947872762725561,9.914093715649358,58.619537264324805,45.17512133450178,0,1,3
24.845782608279347,76.35681184287944,106.59563662987279,7.3351262650646785,1.1816977026470976,53.94033490227037,9.641623164645466,2.851327679727847,1,1,26.21772500938247,17.90304250624826,99.56860081553876,98.27869356396157,1,1,2
28.020580985216256,79.15277542276498,73.94359631304825,11.998039231452553,1.8227128441537814,67.45093562712216,9.270031323343703,3.2078183487565317,0,2,24.614490256037055,1.2605770574254982,77.85817013114028,55.40606835455041,0,0,1
17.658012890388516,47.65373364997572,107.51056029327151,7.0291361627231215,1.9959683826571237,97.91428140722368,10.438599056075205,3.1390673349490847,1,1,14.886443992740475,18.328710443526155,54.65051176094304,83.29144882370448,1,0,2
21.618358581336338,23.58844214231987,63.16313359103374,10.629278743874265,1.5684292011097127,54.15808665662325,19.056091711278814,4.770378590440284,0,2,3.475597502641925,8.308906326844461,46.16039472685213,86.35355624378707,0,1,1
32.94675882191217,48.13133898657176,90.15069316822941,7.34047526957775,1.9488842334958016,82.1820686439363,12.077906002895444,4.5141572649859665,2,2,0.8566215468274274,3.1074097484369556,42.44318676229237,57.01586210082722,0,0,1
37.0698934271757,67.16293608488628,62.8566359671665,6.485080809859523,1.6274269819377791,98.61106854835027,12.115436732447476,5.987608590040951,3,3,17.129509621415487,13.667653788703882,45.446395862512695,77.78098879976349,0,1,3
44.95042534178849,51.524527004655496,104.68870938809724,11.249599946103892,1.9356046216999792,98.91118342906873,2.5604952572215356,1.8388962087637224,1,1,19.248062992934273,15.938053665885139,80.80357162173601,37.5460098627009,1,1,2
42.99339994030673,72.4274205602279,86.4904528535027,11.152507555145352,1.4877237704027966,73.56116654518716,19.92977732353641,6.231253023138357,0,2,32.90713072759568,0.9474945516280076,91.2995365596604,57.78734360373552,0,0,1
34.27695598605575,44.988770062806466,93.46741753813981,8.421422354697608,0.38958599453937437,58.137455389119026,15.45689888469337,1.1966147946083114,0,0,16.576465996458847,19.743919488373724,49.40398688266467,97.71174620664299,1,1,2
27.63744159882216,64.43208987728207,101.57869629552263,10.214376855242561,0.9533603272371839,60.104215748871944,17.544066881880095,3.3163761550628887,4,1,11.246394989338771,13.940537746323606,64.12806721316527,41.79714577395226,1,0,2
34.08532094124698,33.04938633977822,67.51553112419843,9.342395596103502,1.3815452466543232,94.48006975621973,8.286008236619882,5.519242125815113,0,0,18.48385872300613,6.428039833156887,61.25412059175349,56.99979132904419,0,0,1
38.56954854240696,72.45586056514699,61.929578096906695,11.117736682042493,0.8637573915449392,95.58415021648679,10.042561915712497,7.182426730461915,2,4,9.519619216960846,3.0258759139078117,78.67108547128436,85.33650569244227,0,0,2
18.55008572770162,58.19871781691181,103.94405729564261,7.890335815911927,0.7284218566991125,80.39398219367774,10.44167618324553,7.941390612531374,0,2,3.654424444598261,7.850628293564295,50.96067290342017,76.57962784373221,1,1,3
27.297146690888646,34.28450719826204,75.74666137294662,9.14203439999391,1.2604487174829093,88.30881997349556,3.8818907857921037,1.3200518463974253,0,1,4.52172134744429,4.411313211172516,97.19915862685068,74.2063021102079,0,0,1
40.19406856906852,40.433782144846504,66.44894539635827,8.912234227227302,1.883628284229261,86.99656257352041,13.789783126539144,5.837381991702945,0,5,12.766178395877104,9.883064471961916,83.71338291343937,89.72802215396956,0,0,2
26.51498855799132,72.40260960072827,83.42306185435433,8.123434957541154,0.31121827865326873,83.09107989945535,18.05953447234913,4.189929332703619,0,1,0.5070567023396277,15.637854169806552,97.30431273307872,32.03656901165883,1,0,1
32.156168136815594,53.78208649630645,89.91530378480094,11.348730387338232,1.596154606197516,91.36384774359695,3.27411636276838,7.254180282594353,0,3,8.808131467249524,13.202607779011066,56.64215469720199,83.98150577273945,0,1,3
32.633080825865946,35.12220082751506,61.548530171125506,6.995267547975213,1.5147727365780974,84.27033115201606,1.72636546972329,3.5540178590047073,2,2,31.500925637294156,8.71869809563458,75.26293827151333,91.77843274510728,0,0,1
20.53428759400918,87.70898332592084,73.74478291285439,6.897051837124177,1.9369184944295024,76.70011528737496,14.764378110806843,7.693512666647054,0,1,9.384687697212435,2.378878491600991,83.93607622662013,31.132213424733777,0,1,1
25.867063249568652,70.05875138718216,61.6399937138448,9.461457211936509,1.878744639081951,61.84781812940784,5.464036633459641,6.420132170529932,0,1,4.429180441580636,19.14313844736014,82.65737336606404,69.12740657751138,0,0,2
25.035338662257963,86.99943827778573,81.01676945977495,9.944965379909652,1.5839069835773376,87.19440720593096,12.477250832346588,8.107051453458404,2,3,37.963222399781564,5.4074105090097335,41.28076596570181,54.40119396474414,1,0,3
15.785901255961944,49.897353175224026,104.75500145331222,7.167715525947391,1.1607153381945476,73.67189339191373,13.915166759843613,9.859545622641962,2,2,24.898804654064776,5.5566909175003465,99.8973498093931,33.55338961694799,0,0,2
15.725752916740657,53.25702384842043,109.13262057467847,8.344304653527745,0.6074682181586597,64.73958420037546,6.438215271636436,9.177273794477502,0,0,2.4010379774266344,12.910044436770649,95.6835983661271,59.242368352270034,1,1,3
39.9509113102732,82.85686513295134,91.85237767518137,11.679383057872462,1.2041625070697553,90.09731378708877,16.302891948515686,6.339611753615956,1,1,2.489758659796113,15.410192442942055,47.185124876356646,75.08210988203201,1,1,3
23.19212429918437,56.753453817176926,68.08188468922958,7.479704536144044,1.589365989359394,84.83568001765141,10.999779642284338,9.043859596671771,0,0,24.484885027966786,19.68305530634699,72.61400645771022,94.33095421125746,1,1,3
30.542362987164463,69.5095238333967,105.29246949996528,10.010164212704364,1.817421122116313,96.866978156235,17.379988159036056,2.3778083156932386,1,2,21.605152082596465,19.383285212556125,58.87338731916496,73.43713405472499,0,0,1
23.961767207663193,37.652101424687096,85.81239116000302,10.440896362185544,1.6319960161184608,58.27208200094388,15.26587105117895,1.3873164122975372,1,2,2.7349908957193936,18.27521048464161,92.73364095545719,89.97201570891909,1,0,2
43.220377353460215,51.27085280918484,67.6874656051459,8.688772196790957,0.5917171365843444,82.45946423182465,17.371512640749074,5.798199249132529,0,2,8.972618998933415,8.706271347666997,81.85117783528925,38.51000546721956,1,0,1
22.778902765973214,28.641490606724858,106.08633347258308,11.625155920557498,1.2994510498991039,62.211973404408795,0.4032276423578818,9.769327985249745,2,3,37.16171657942353,3.333393195128962,53.41102940394358,44.736481726619395,0,1,3
27.889704382168052,34.41860251138732,97.87345253615516,10.419940411312743,0.8313035541798748,95.17914926508209,4.870125214771894,7.387628026977166,3,4,22.88043241924069,11.689424065732554,42.031668722037445,97.92050049501975,1,1,3
41.181907514538054,20.066039068734177,96.58526363615758,8.747547479165387,0.26610991793362526,54.97497071283078,1.8001588089187726,3.746281632252681,1,2,17.61301592591321,0.34513011093536106,57.504508156886445,92.11804831795106,0,1,2
40.25800700375426,22.748553615406216,95.45903518972023,9.416011210656563,0.6003866376301656,82.80809032224386,8.841660343786984,7.01894217526399,3,2,10.006216476814643,3.9249767799078694,42.28823636847029,46.46588671140179,0,0,2
20.58304253538832,88.40986762238505,70.01699105482211,10.155680660550605,0.4481361373835362,89.5542860764015,17.799202432306366,1.3591694179423148,0,3,5.34792169207484,0.05058793589529209,48.47864277990173,73.46817172583056,1,1,1
39.079299293871316,36.96475865957336,70.5503345853763,9.553141082575308,1.72475846619407,67.74589201823537,9.350805245337384,5.235576585944364,0,3,16.10526736442724,3.6107182514307756,78.16828249682268,55.384293096997276,0,0,1
28.74560660213678,66.43174966528014,94.41464992136275,11.272185502956455,0.7023859412586709,97.70690396919046,16.994260891607883,3.135301150719961,0,1,36.89466237325202,9.495142467925122,84.7051040870815,62.80189561101847,1,0,1
29.489066162560654,78.7369789159728,70.98613750551985,8.141331973682407,0.7482214455532221,92.53653422930186,6.543564760386358,1.4427833640600807,0,0,1.9484558271016672,7.8664862218683185,68.08101400034556,90.26147043646031,0,0,1
19.004399172478315,58.5462321465595,81.93358484015243,7.79931444033483,1.9298890006480474,64.73091498424517,6.791401456105048,3.249193426355669,1,2,39.639152637714666,7.385931298532784,76.01727224164772,81.4998827093123,1,0,1
17.418045412713738,30.720115005876934,99.10009127969707,7.283033336971586,0.9134017653354913,50.37705463579994,17.91123460653755,7.502143881949914,1,3,8.312508808080313,16.61905727867725,49.35310217596057,46.690979320406676,1,0,3
36.83817920921295,70.96815061353165,99.19762590489205,6.226697808387571,0.2667748702526905,64.83285880590304,8.516342930234032,5.960699040400846,1,1,16.350694415960373,13.499926092913558,59.00771023196243,52.119515228781765,0,1,2
29.893834570658992,62.017598706970816,82.66308862629299,6.2580837862803325,0.7467307596057389,64.06552352353712,15.795309755893328,1.2109140845870954,0,2,1.8020523266287025,18.72863525742212,82.77303083666524,50.27973218732984,1,1,2
28.105521078455386,71.18754125431626,99.60949691376226,11.220331158655696,0.4587742660531718,94.49823037504545,4.732870957638027,4.6876397783859645,1,5,23.391288124321253,8.90682181355345,61.8934669651057,84.6463944838521,1,0,3
36.8852468595719,73.8822635999961,101.93108980990283,10.070358878435444,0.42991498303774445,98.35605891273738,18.97601659355271,7.769539940802327,1,5,19.342210616039665,5.444593509519036,60.92867341526737,64.3061894795782,0,1,3
37.96538696973329,88.27872573793216,92.73878756421301,9.963194492618918,0.38560275773756164,53.521999298513016,11.491564930611421,9.591442242070162,1,3,26.668281389391197,2.453690760667111,51.63955822156274,96.55070149170702,0,0,3
19.76724503008061,60.1494296018697,71.42129261542101,9.687856913609316,1.2882040728069102,73.56474142666583,15.186471371568038,8.869218137731309,0,4,21.707125091658902,13.44054791370292,75.68949256391448,87.16810240603357,0,0,3
33.30675448432924,43.914877888342126,73.70058901927737,11.095314868164628,0.5813585163522526,77.4165999264898,1.79031399589771,1.0136777610697525,1,3,15.92711138588276,16.83482176943314,88.57231636115188,44.7836101598207,1,1,3
19.060622468330564,65.3925189830166,75.74205777043677,8.881601553993764,0.8821748895717683,54.645583066485166,9.853284516610575,2.9683179732413834,0,4,29.51026791246683,3.674787285235126,68.16670171633814,85.01599567481847,0,0,1
37.54125258087137,24.79084964698383,65.8402053866976,11.222464971349801,1.7585310032275294,68.87488545687613,18.020769954680464,2.8696319581769707,1,4,1.0008451114783101,17.575054890250723,46.93235538826535,65.42555430497488,1,1,3
34.708654688014185,82.81781228251104,73.65798101849725,8.156670157093435,0.9925917446434824,65.85412086964753,17.54077258086609,4.717851670249683,1,7,21.641160834983808,10.525524033906661,90.30204591456697,47.75970883264935,0,0,2
43.69843863250374,28.356670793673775,70.47596121562661,11.560245026034544,1.8524598625903659,76.80281771635437,0.9362791446845509,6.8117910808810676,2,1,4.555048153160373,2.881612642819038,44.283826276092,55.4332219972523,1,1,3
17.068740490692637,42.948998652007276,82.7664374904301,10.191941880487441,1.1213915934423109,83.0595449865969,6.073969382578934,2.3776215479313643,0,2,17.440333323433332,12.857266498035099,68.30364239207204,98.04882817203352,0,0,1
16.711641634537628,77.10217664382847,105.42187739361324,7.543062816146564,0.9479640759695726,85.17425552482834,8.866400129581603,9.241108246049105,1,3,31.645012674320657,10.40105483074427,55.66464016943478,63.87730098088874,1,0,3
23.465612240796005,61.81186648314983,65.2240158376979,9.384509530131751,1.5631806224087277,56.83775118066938,3.4452962871157644,7.994052233392947,1,0,5.698429850416007,0.5636709462546463,96.17908937920508,80.37240947274641,0,1,2
22.85117051207718,47.55448641942095,96.01339619736979,9.198183368929534,0.37805642284400365,90.64738509723108,14.599966219799407,4.773987435948788,1,3,37.43241395089941,7.984864094532485,84.25259187691236,63.395970661394045,0,0,1
22.409363972159994,53.1404961562515,94.36415022065638,6.827392930382004,0.4065871702192304,83.92710148953795,3.6902399119742313,6.255941286467728,0,2,35.54018769565618,15.69575985885822,73.98453897807522,56.00900916922835,0,0,2
42.1876374156311,79.81831752415262,64.78770993316789,9.547457434503684,1.3909539993651812,94.45374583733599,6.9327938873977235,5.876218047541958,4,2,16.596202834667938,11.108475068442143,80.06532644136136,85.74940127815509,0,1,3
22.486385995485183,43.80030702419245,106.12862024529,7.888713742301748,1.1021462481686846,72.4668029717717,13.265612737156365,6.240070501093693,2,1,0.2389936290374628,5.640822525250611,71.96363576874943,89.38270462425442,0,1,2
23.158491783858928,80.875477936852,88.42361010784097,6.314092600857615,1.633226688058618,94.69448813610958,9.641786890489598,8.741037283746117,1,0,31.58979306697944,18.572835267650994,48.85605671316459,35.03224159661092,0,1,2
37.78194787253891,26.169410168368405,78.18627605678421,11.69193694623939,1.85347396535118,93.28870611780377,14.771420772697876,2.80107675505606,1,2,35.23583213649132,4.755580760877198,82.5459207997923,49.52843123921664,1,0,1
28.492195273516202,74.37589060460415,97.82692917476533,9.848942214385726,0.9296420359252082,71.92046661796348,19.224158024457193,7.153425718082676,1,2,6.989523694217303,5.054720138652322,69.56043713616948,65.55097333416165,0,0,1
38.301316708655435,79.32833431383155,72.86827292008171,11.261513591225082,1.293717546523131,69.05716576464893,2.33093375430395,1.9632952012373757,0,2,36.647688352662286,7.092786925605261,78.05855627936404,52.15484232111032,0,1,2
16.960984726931557,32.72723569861371,94.67549185231601,10.05633603007952,1.1262190986417924,96.64060074851284,14.191354327961218,5.132475773101394,1,2,36.56389109178784,17.89075722512257,42.7120998386362,84.85081034725275,0,0,2
29.62713581020153,50.12425726605403,61.98556037861236,8.141902152840679,1.9678186473742576,85.75823672692188,4.60688311264229,6.722549820536544,2,2,18.851634041367618,10.152507908510326,48.52208755379519,38.0313352524208,0,1,2
16.008408005498477,31.584984226455894,101.9704018804636,9.076128433972869,1.7043977128740415,96.41226732190378,8.289534548151385,1.1125149503210587,1,4,31.921392431913674,13.643581184516577,75.36222855591942,85.84588004006012,1,1,2
16.879596103660635,69.46228902959524,82.40854235106593,10.054480562083063,1.8455409894853687,89.84873894479065,0.6572545159027965,1.9725963760660878,2,2,17.797919130879535,19.52528345020561,67.56573418497696,73.25204920364115,0,0,2
42.19312360033233,57.474343764315975,91.83464571789709,11.761513951208626,0.6950951532608073,80.46487196457072,2.718147645853979,1.8214009248229508,2,3,22.561850636744715,15.66592593784729,53.61242013721924,50.25574029762381,1,0,3
19.177361133527853,64.47263426958247,71.06189099033418,7.522016754730179,1.6019212405345402,55.792638850188226,6.395545780977994,4.372233468410303,2,2,12.793560392390532,3.452002373021865,54.44565523201329,54.111828190882534,1,0,2
30.972620468256515,33.75408768693478,93.8536856329224,11.249862351744707,0.7145781437458856,64.57403362895492,6.839716105759699,6.598080611906029,1,3,6.3787738128329785,15.76707858079953,77.89949875335655,42.8029408565241,0,1,3
27.332868078021196,34.82221034366937,98.61201379466382,11.544466831765616,0.6152994334996823,98.44212035491958,17.991704329241916,9.963685274190723,0,1,29.861463352561273,14.966742984520378,43.53802161574444,47.68013802086965,1,0,3
25.42029978776528,22.904812785693444,83.66065934421994,10.02249308795374,1.902465779397214,65.97110493571023,14.836258185330301,3.2867099680754506,1,5,0.05571378076542732,4.652339889544512,66.0555006534144,80.20882082877475,1,0,2
41.99500037061817,42.54472746370108,90.88634620308972,11.587599764408026,0.28378272925626663,54.662743489268536,19.44365936374082,2.2236357834243052,1,2,23.182107585951258,6.506996617752319,71.38621028359657,56.31188983788351,0,1,1
15.654701903264685,59.18212629335725,82.81629619111993,8.387271524864211,1.939430231411002,85.37766779596599,11.981430206704811,4.732863835488569,0,1,34.58744105513855,14.202564797261537,58.48855616454004,78.12388970809343,0,0,1
34.91369058526767,80.05544397981302,104.70456846289227,11.718097056242657,0.5112083197304109,86.70021272718421,4.83427464182636,2.3137788940161075,1,5,8.851091471058021,4.767861881357172,89.23298970954018,65.98752787712236,1,1,3
43.901833026406514,66.68492132210764,84.89345902571596,10.216697262995849,1.6840166431382193,64.27288601435754,6.553100598432858,1.2209008833858588,0,3,13.315978271920095,4.163737380052385,43.406174954130606,40.1708424750748,1,0,1
31.805045503855258,50.4777426379826,102.09043545144095,6.252034604512872,0.7328644678691805,64.88359896731518,6.396718465839342,6.075631530894844,3,2,23.49943411457851,14.069455442606621,91.94696711481706,64.93494534597845,1,1,3
43.104673860992754,86.71840800758964,100.06760291351243,11.441236990914316,0.8637290730037729,73.44464927543919,6.529886553265031,8.91615261903317,2,2,9.874809861245604,17.611909856395272,83.39577957326625,82.9528892089843,1,0,3
16.56773637858071,70.34716404030823,80.52524106741782,8.906836854199156,0.6293259948134737,51.089447488112775,13.459283462236314,8.747650946086218,0,2,33.89947429323132,1.5003336524424005,66.77526273599182,50.837285330702706,1,0,1
27.56379957222484,85.1115642003785,71.50422459287375,8.761961908666997,1.2746495743418893,89.46615051805819,10.616158561808325,1.907097155367174,0,2,14.6641266845022,8.918154705162255,95.46804341275046,75.36571652808496,0,1,1
22.804733728861535,56.931158129051596,80.30410662798855,9.398799635877806,0.8591672081387797,65.85443936370628,7.708483561732886,2.327292237680983,2,3,23.26454879279545,12.143504406580156,82.13429778968302,43.932285817919585,0,0,2
36.924628949421894,38.123299235519774,101.31086878876101,6.896307280627368,1.4004378191156606,92.68815510009888,2.981795374574332,5.420088938425363,1,1,9.044845903968351,13.52553571664136,95.86272097954263,39.49892705417257,0,0,1
44.4389127149174,23.69786804553054,71.38162679096962,8.814996291404391,0.27738280639861546,90.13152108000169,0.44278325884291814,4.3094486812459705,0,1,1.6554534796394282,19.92391824749658,68.35538676493397,55.21582914367697,1,0,3
22.695901873327436,70.82593960386953,86.22181729288747,10.986763300306475,0.3626560461513193,83.07010165593915,4.376693551753852,7.327670884913707,2,2,6.948010640546425,13.653839206334414,67.17838605972317,57.24425155897692,1,1,3
34.62523804422223,28.49120986038739,100.30483739803736,6.0928947548250925,0.4244070172796851,66.24374335496444,2.1494280793736253,5.454469001907263,1,2,1.847957504352129,12.403082259943082,71.84455788677073,83.27067412569716,1,0,3
20.942928982792203,41.1942589790377,77.67387375641894,7.637502961946228,0.9832389492929043,75.8158280830585,15.708900617044787,1.181063608185854,2,0,18.74415598452877,19.794683046180037,43.925602239148155,62.205512588747766,1,1,2
31.959907637148298,57.27296355187282,92.11048185013487,6.014727518663065,1.675893302154958,72.24146287989795,2.2499591562777077,3.561077604514894,0,3,23.46549563672198,1.213362807563676,94.50965508019817,35.68644267315738,0,0,1
28.917974600650084,59.509161144582336,72.28157870244073,8.494267854899089,1.8043113431621696,66.94409431243372,14.484564746136723,9.113426836226157,0,0,1.7870083074181098,1.4887379230619646,80.06302309851105,74.37996488487768,0,1,1
44.16015988894611,62.04082378909952,65.463972268408,10.369893062962408,0.6784187951065763,92.4068144651589,7.713173795521653,5.6035794418688845,0,0,3.6192888615173135,11.213650528481685,77.05514067456213,62.84772819062331,1,1,3
33.255818180893996,31.637873124479043,99.71921125464281,10.792630974687771,1.2551470174182744,74.17535372888327,1.4675677948755195,8.18153876532843,1,2,19.421001072414036,7.173292286991817,95.58781218823381,53.21502403957213,0,0,3
25.485191162604565,46.58161833751541,64.94843117043534,11.671138566762039,1.594638737212051,91.63615488985732,16.254600988631715,4.620664893492345,0,3,31.967197288039046,1.9339502749411186,99.6182306565032,86.15531660276903,0,1,1
18.422873546638,63.20359589818767,73.56906975397924,9.651027677824718,0.7554515023593152,55.260923707091216,11.592611404732267,7.09267283061615,1,0,25.12036715662877,6.128977921855812,49.80360343950861,40.806935315930914,1,1,2
19.537404862048035,87.88732052436494,102.75547109987201,7.527761199917373,0.9657635392884781,57.051239430016786,4.715230257271461,2.5210289551326337,4,1,4.188408804154777,13.487089748152881,84.93981909430141,93.92486407845743,1,1,3
21.759507898537052,70.93417963897821,77.32346435393336,11.544887694820194,1.1669548546999993,98.86601525564885,17.893623486653357,7.628799404995151,0,3,35.50169095365979,17.612299273732603,74.79671046930316,53.38430432219778,1,0,3
22.52899984020894,84.58226299657704,108.65226747570806,10.651894523282257,0.4860309812140835,79.38842313030449,0.9051662774110292,8.079229417751339,2,1,36.69800939158987,1.8864895331310838,67.65983131541678,62.265901138983935,0,1,3
40.51848173523413,73.35484408199238,108.98671673869299,9.446570898018868,0.29546901402011555,75.48848367495245,4.036392163955258,1.8112623320435093,1,3,12.998273113978435,10.802901249682083,98.65675609882874,95.04630968921342,0,1,3
31.83668364847575,61.42018782246803,73.41380102267783,10.173841294313615,0.5174101663069957,76.15780315720559,15.04093855611722,2.649796687479642,0,1,24.640711675254487,5.922311295928438,91.01578066930679,83.28678822163954,1,0,1
30.701727341230992,33.44163583954412,62.04891111249452,11.545898130044575,1.3469938371936834,60.76343870164299,14.187558606197783,5.166003462305525,3,1,19.693086007388473,13.346523265876126,81.80499904560816,35.20117036633737,0,1,2
18.443066156076526,66.66799563247591,95.25316421026895,10.27436417083753,0.37883195768394295,85.93519747509865,5.785433874489561,6.736930627668684,1,2,37.68095074519289,10.989029889150137,62.96057003140837,70.48078011287595,1,0,3
40.80419080048305,63.636569617193494,82.54932513241718,8.210247045508403,0.5819686384877245,54.23903118648772,1.2404975070556623,6.737422011173588,0,3,20.34994131794943,18.53422012044359,79.96244824928107,51.725401017123644,0,1,3
36.68442909625451,62.17284193200865,65.03764219797881,10.27816921373458,0.8412442999667815,78.66618565515117,17.161561444498876,7.013826825181385,0,0,38.39863254848257,0.7536777389977622,71.90164741356422,65.5941774888504,0,0,1
17.03005085700005,54.285010759176856,95.37614094890213,6.241668976412328,0.3862726125361411,78.53843982929507,6.273952761398052,7.429737222997297,0,1,7.973702021208244,9.400745498802827,54.96210698456193,82.00783291439129,0,0,1
36.23505291689306,57.005962279249296,61.55874545559606,8.318493370983488,0.5854737245328603,95.70942120667556,3.9142682985653043,5.551899739487864,1,3,13.821470307827198,3.8551911070141798,67.02287938874045,64.7321039743055,1,1,2
31.30614652027938,43.410976898267286,103.5098345246121,8.437938191073476,1.8447221307211443,76.30914050524302,10.321236447219542,6.173699403262296,3,1,31.253809603845497,10.735634173284915,52.73271808610274,34.97153138615316,1,1,3
17.45176037240335,56.35188848496122,66.93262645566519,7.001029406525008,0.28377348139722336,56.85313479870898,18.204543985648947,1.0756552042746772,2,5,31.344429423734713,17.071586881336863,70.02521759231107,67.09863630267786,1,1,3
28.749019245859692,33.82891339749348,66.36559393733626,6.1385128833106215,1.3935058673051337,78.63766296240813,0.8709315568675069,2.499406348080126,2,1,29.287330958268207,18.22633055572117,83.21428455670723,31.68907665921006,0,0,1
29.54088861390141,76.36220781522638,68.78361489842922,6.800287419826457,0.9227156291015736,54.56638221826662,15.316081760617754,5.487076378854258,1,1,34.38445858661217,7.9646332643440365,42.198773429147735,54.388655015195894,1,0,1
19.97323620489827,33.004386828909546,108.01331792460333,9.92772897478233,1.4271352940066495,60.189691764996084,11.449464558774178,7.710337522633204,1,5,28.101846917752486,16.235610465316515,85.92278255911913,63.46213660464022,0,0,3
43.37094441000847,25.947640292262648,94.65846801269231,10.813732898182124,1.280210510635958,51.55542920937081,8.50898233103634,8.28032410021059,3,2,25.443405778889353,5.610161494510109,41.1996395205006,75.12714943636394,0,0,3
40.49926114441986,50.537221845001014,100.06857677318183,11.929220956361846,0.6411228201206275,75.66467912297492,14.881608882101201,7.560493228724967,0,1,18.357000523100485,0.1260989263836132,71.03666217755952,65.43447513351762,1,1,2
35.07067011987325,66.08152076542433,79.88174928663764,8.078181018650966,1.73261660325343,54.22663076467862,19.316488488832647,5.377624509566886,1,2,18.683509733173075,17.104781150459377,74.4086024290098,40.63627673830182,0,0,2
28.868866830018217,50.6401777453479,76.81563637524778,9.59627533356661,1.110895669566374,73.46971892656646,4.58412422325382,3.5314979306218057,0,1,16.24645972816967,2.3882448481322927,85.67460757766744,95.25522947727293,0,0,1
27.352966247535257,39.3727892365916,71.7242003391585,11.622869800890731,1.6894380330985754,96.6472517662072,2.8729473014423923,5.002445442173596,0,1,24.808471988152814,0.3522224672589691,85.66172940044902,75.52097709257994,0,1,1
34.529204014528624,59.07198287233085,84.03240141562046,7.002250688028916,0.9605219383293836,85.9880706509666,18.25763490445394,1.0836540828104921,2,3,16.266557169319743,7.0759532673589725,65.04732675057437,52.18774495874352,0,0,1
31.362956082207162,44.290163478854,87.59143667670843,10.305873518056456,1.9731997193516684,53.87058371126465,13.379061549146074,6.381635105006428,1,3,5.899772563463879,7.587599792499149,43.98235065390608,97.6157786591729,0,1,3
16.86819317645657,85.30073830886431,91.58874218263777,10.52987239889498,1.5983563773772684,61.21049061044216,8.75972043123932,1.6711021369896533,0,3,4.26118464834587,1.54440341544545,81.61000916654903,91.78043263762927,1,1,2
30.37507946310995,84.58515977225005,72.85592519993473,6.5338532152160305,1.9404128589470035,83.68312099467171,11.465191405285662,2.3085108538634094,1,1,36.978891009751116,16.28365292968942,70.65916044354509,40.04430620747148,1,1,1
39.192108516985186,55.16602739804668,107.43270404514953,11.16749631109839,1.150071338092253,94.73509305120919,14.91227810352488,6.633789584070366,1,2,0.9895563015153241,8.111854604166668,59.98350739978609,75.88003665745944,1,1,3
28.77719632790874,42.95187958127809,68.4879249103568,10.878630282665064,1.0789594815087258,51.64592933819769,15.460637974114345,1.120138051111744,2,3,4.218690472226099,9.798472275391887,54.09242696517943,69.20486164605839,0,0,1
16.558697326628053,71.59926897696474,108.2826587383206,6.200418039464607,1.5720441663192013,90.6225565860297,18.397883616379293,6.161997999649876,0,2,17.812194985823467,5.2925053590566336,47.185492786628544,43.49662460203359,1,1,1
38.588345981520995,22.569906043814665,60.74280612537519,6.546506489280309,1.7905097102735028,78.09069401691544,8.536855777912454,6.745420785882518,0,0,10.517050676175192,10.230135046931956,57.70854983251632,46.34325983423203,0,1,1
21.04091346407923,53.233830423055586,84.05628459084228,6.294761363351114,1.9372551427647267,77.30456626481963,5.868218200387901,8.09447512165191,1,1,16.233956016085838,15.334627812346673,67.50937750751758,69.46416414856789,0,0,2
22.758625046641164,43.54263759892335,76.66839190582814,8.008461190796172,0.8179658355568745,97.8906591376679,12.793285335796838,1.6122747516717015,0,1,4.697895263755334,18.123654310010338,68.65655009075513,52.49017990337839,0,0,1
19.941190602968877,84.43751195717883,82.45617069651254,9.055733944079556,1.647733004224618,87.38223062983866,8.314557985590607,1.0263849705686665,2,1,5.236277473894959,19.410592014702985,74.96433588488716,88.43820017666087,0,0,1
24.906451946144927,20.840211909087778,88.53322894903945,9.194086367727774,0.6186297958621892,92.5059434028056,11.891969078979558,7.901721045368714,3,3,32.02631634900462,8.53447849202728,61.74811416124304,36.841746471439194,1,0,3
37.70254517065905,58.69704130028444,81.77945790063545,7.606000558616656,1.2047551068045292,67.69977847723334,8.399715969119004,3.6104849127924292,3,1,30.364349764012154,19.800677175369184,95.19387215432778,93.98215412414787,0,1,3
30.58157578511812,71.84645067466383,80.74234251507974,11.469581319361644,0.5647342597160985,77.7182020414205,3.0599157335634897,8.984846993712225,2,0,4.170114628984574,5.899114234453626,69.75217678495707,88.83867843478028,1,0,3
21.146438224521376,53.951259126682885,96.63617077066533,8.20957673923148,0.857945383063093,80.77028387138853,9.388535033179169,2.6647173471228776,1,3,26.711616595960802,0.13951870570120262,65.42350240710734,81.70364381796227,1,0,1
41.33490234456123,25.978212111390516,94.29381375432322,6.273300935792115,1.8798771426113037,66.07919701812325,13.818356438820656,6.269551798138696,0,2,24.372452934219332,15.352340877952695,42.89007810108898,48.37970756546146,1,1,2
41.387455648545874,88.07229730195316,101.66356410179239,7.801362669248318,0.5056587246029006,78.51240624736998,15.985676153352998,1.984686979187332,2,3,28.534508907209187,3.568712970823973,75.94090492797304,80.04704992294833,1,1,2
41.11735275138021,56.260730196326854,72.49794906197478,9.186656535264934,1.3567015664865938,61.832768973985694,9.866525535930936,4.624211335639673,2,2,18.977956182498964,1.0490967624772574,76.17213616400312,60.713884573304256,0,1,1
22.16388634144618,62.993037102330796,90.47642548770318,8.449330935529392,1.2876699776229559,57.16878355341198,3.3047578042080183,8.938579554720373,1,2,10.799473101337632,18.480178451953975,74.99737780184218,74.36305280604164,0,0,3
28.537180325429645,36.56268478952551,89.2597392696427,7.643055114595555,0.46129211724072633,68.69851296386663,8.293754192988631,6.475127575693951,1,2,26.547166774261118,15.836216609939736,93.25581505649322,51.87880920423481,0,0,2
44.54968968422625,53.844865957476266,78.48689054363444,6.787939498585905,0.8204633265954213,86.96448143732185,15.725878576833965,7.206553321898382,1,5,14.85429706091288,2.053296030765126,85.7740499553574,88.510049766562,0,1,2
38.16037428929971,50.040464437082534,84.30287709513405,10.914987000577378,1.235217632901715,95.80935740369438,8.257185412341457,3.0337329736373473,0,0,8.758116040486419,15.538203047686663,92.0443371755456,32.84032695232146,1,0,1
15.815022636766795,25.24270894013886,75.68910716528643,11.97687145274515,0.577562565729858,72.88570257491162,13.930615872084447,9.304758283312278,1,2,16.345160548771325,16.879993948539926,43.56535341459584,78.40218226871417,0,0,3
16.95613773781476,27.431224748322705,67.09221988084926,7.977252801143292,1.651091398722427,82.14118441377158,10.144273633561795,6.611341963130406,0,2,30.53079342403816,18.106033303651422,59.08758593529052,88.00418682683201,0,0,2
28.917941304369982,78.62307637331422,70.69006053313664,8.289726265059624,1.9512738916858123,55.15185654875502,4.824462502187934,1.9529693579784082,0,2,19.031727861448076,10.873881349327199,59.12271662168228,75.24996806147294,0,1,1
42.27660617584681,36.78739665446132,65.27568232006006,9.708225148061743,0.6258289499343261,95.22318792761644,15.923010160461486,1.1399702305292885,2,2,11.994570537336884,14.06824141056192,79.4227034661172,43.439424749051874,0,0,1
31.161053938581425,33.647079004904136,94.15347875950621,10.310648848413248,0.5770959383835079,78.43021067849672,1.6842690814137407,1.143302648624768,1,0,33.27474459295313,15.244785579220219,66.91690292227061,49.94865458461841,1,0,2
29.934375241028707,55.343801587509745,93.03636965545758,8.352177208821548,1.0461363756455282,89.01691238125785,10.497805655103011,1.4609061299426824,3,3,35.26575020723739,13.772778703122137,86.64835619512252,66.04337061519253,0,1,2
18.164210998698916,73.81229919537591,107.53031857899364,11.429577101890892,1.5585892349950563,89.72206004606969,4.177820684868099,9.204542760444525,1,1,17.33001695090699,12.936672406111873,63.065833999341685,53.06143484905702,0,0,3
34.70340314172882,24.336256300529154,96.48392068236205,9.36002393537351,0.74280106791169,62.824026318405295,1.341312570827513,4.225408567028165,0,0,14.987520829075788,10.951185055557673,53.29645463874453,30.34414951950388,1,1,2
39.66309481800677,60.37655437467791,62.60229193780657,8.702340458435586,0.2847898402202407,76.45872265909247,10.058678741664977,3.68409274790794,0,3,24.5079578807586,9.583909083911388,57.457064097656705,32.84746787111834,0,1,1
26.412600225226868,28.344730998840134,104.21225869644772,9.88003651895943,1.1971360990575644,98.02398757804887,9.991243118698472,4.74891151010651,2,1,2.318977842316521,19.922500391296612,50.948183569048865,83.7437901707006,0,0,3
38.26835552775982,22.552273557793292,103.13375814728629,11.716823089495039,1.9240509935927883,54.48172724104139,14.138018033514417,4.686144221776186,1,1,27.652926422703885,6.751215608443129,51.873561505774006,35.8595027176955,0,0,1
43.93429961702435,23.692076651355215,82.16601603863494,10.767313766530233,0.9347344969621547,84.15249490147818,14.895013861038098,3.1464394812061913,0,4,31.291504215089873,1.7653754088909723,53.01033492583909,94.96152989467623,0,0,1
21.112993773830674,78.39148757459088,89.29315252639609,6.2400787832107465,0.9852354698204258,98.1132039017586,14.555829773857935,1.8264520862645577,1,1,15.897677090286866,15.300739300072552,40.96568269043347,60.99155121274316,1,0,1
30.69988893584224,28.25807385396431,108.80391662362595,7.993859464439758,1.9455780049495663,65.02885540270111,8.1911746583351,1.9776393336286118,1,4,6.984634000295857,4.276487557389883,82.96528208575273,83.0730646855057,1,0,2
23.614138742537264,23.160595508860435,86.61521819240832,8.823268109707335,1.4655633203467746,93.07239607021741,12.633795744531252,6.392698284044464,1,2,1.1527350056345398,10.653867192374113,63.97614053626813,38.7853217248025,0,0,1
38.785632571015185,50.65299210000386,105.26609141880448,7.887105433254631,1.508550864973719,96.68287727041358,11.538904852879206,4.571515464757889,1,2,25.489823979483997,1.9160303320114136,41.36027991290973,94.85551940539267,0,1,1
32.32780097643473,79.07954303594173,64.15193789050932,10.20112536498274,1.2347285093993683,87.35431046974125,8.431235122338393,9.122098491245964,1,1,10.759736265396391,12.385677216335813,62.200452667950415,32.36661808895083,1,0,2
34.03747252650911,38.368586354251136,69.55259343543415,10.957614899175486,1.9555661190106728,61.566415615347914,11.944253883719863,5.17363039438907,1,2,18.55558348485137,18.880148078064444,94.32208762692471,32.949601251068934,0,0,2
38.93742478847682,49.519883226814144,82.03774717206589,10.38807057111163,1.455516347744723,66.7000359413297,18.94495753412525,5.531424181384136,0,0,15.454220866301235,14.454094252139155,70.67465901804668,33.82100461491164,0,1,1
26.879114179873646,22.794577279462587,89.23784041686524,11.935999720969651,1.8163073153090465,51.79046472088654,3.857874873627547,9.3542048316663,1,1,6.995391837898506,4.290695564532269,99.20512068078104,37.23857126744378,0,0,2
42.45270205221129,51.43549598944131,100.81139259314001,7.635285887358174,1.473913015033137,91.57266171226776,18.115441915710527,5.5147666554117585,0,7,20.334746738428162,19.422760905777213,72.39756591268338,64.07821507201379,1,1,3
30.9908660173842,60.432915644599355,109.41310575715934,11.249936970146528,1.536452693470693,92.480559325554,1.0691102796639673,5.517837797988797,0,4,18.383740909629516,6.141738620490964,97.76793994306385,85.17935094804778,1,0,3
19.73864468506044,59.96349376265014,79.44257482370583,10.599735991046916,0.7582191137489314,81.63551549830964,6.167784258033214,4.2684668226397084,2,2,24.965904914793292,8.732299729827089,52.10804372826476,49.946348201943174,1,1,3
35.876973545064075,43.26986845220556,62.37078180700425,8.173072545348877,0.7810877215241833,67.62639256319257,5.762904972230565,7.393706743450719,1,0,10.07539978119147,9.962340407456017,57.396088763162055,82.2043775185517,1,0,2
38.797840513147634,42.08732264641949,100.05857516476624,10.40474726194181,1.620223136758051,53.84055138199603,12.527302157618115,4.530049013364934,0,4,8.585563194136231,19.814374867469454,81.99820661078569,84.18426823379662,1,0,3
24.5028503120258,27.46365332556185,90.21903595414041,6.624455738509482,0.7692360060473243,87.65288049574548,2.6244990355458064,6.294899533599016,2,2,32.573802390258884,1.377828014383664,99.2092970199668,93.57941308962299,1,0,2
40.71537770996259,45.675882445238784,69.92714294341008,10.736000894043315,1.2348476239026804,86.32630968049614,17.646952236795073,5.026558093552706,0,2,28.087689798561662,13.934565888711399,89.51784466116257,40.45463441034376,0,1,1
42.18429764297299,26.964626821107526,84.741422831071,9.193983615522615,0.6863665440867284,95.63012608694504,16.571028169300824,5.758703748692975,1,1,30.888258067662534,7.238617513854717,73.22231660054507,39.48741563240401,0,1,1
23.307134621334267,73.66171612984361,97.11551227668622,7.753741036255519,1.6797209164158715,86.52660105026811,13.041316393705555,8.443245692455356,0,3,4.931592470201123,1.5665063820487868,45.10915686153492,38.54665388738825,1,1,2
44.50564418145666,87.63920084237301,98.52058935343219,9.93466381070508,0.4433773646484575,91.43474711220009,9.168276635843956,4.7235971920842905,2,3,8.961585733080707,18.70063315265713,61.86274659998764,55.15174263378865,1,1,3
19.221345841462753,87.90521196666948,84.9809205999381,9.849719992286454,1.7015316195829127,87.29773089519998,18.659120842841567,3.070700254176926,1,1,23.021260648145592,11.797166382861306,45.185542035795436,64.25888649343858,0,1,1
21.0604700520747,80.55497695627757,75.26072650644295,7.256917336317598,1.3047771508883033,81.53435941561582,16.61493109441112,6.132883829032021,1,2,34.28805387491632,15.070360151775514,58.67688171199027,62.31265485109318,1,0,2
20.526745177140782,62.05545045377334,108.68712910192468,6.182384488869157,0.5770916859473852,71.34831970955047,9.986302961624897,9.437579366874676,2,1,35.6845857267388,4.807708711425594,55.52752603991947,47.99341119798562,1,1,3
41.819691300236116,69.06059880707159,93.16813054782465,8.601735521410044,1.1985619246357069,95.10586543211389,14.037467089086224,7.238908187461163,2,0,33.276398490197096,15.230818452588473,63.3133177982031,73.53857378244498,1,0,2
34.62877656974885,39.96440618762898,80.41187596731493,9.417071216066528,0.7443729644828458,82.5484285953735,11.33859904359369,3.7752691949510044,3,4,1.735917843377095,16.569508800464334,90.23659539939513,53.679154149038084,0,1,3
19.563128496668185,64.15392941208344,74.02316121023262,11.259631670223591,0.816067835778369,69.91776609829546,11.758844767765291,9.666944486440268,0,1,32.83516738622905,8.616587944289527,49.022600278622804,55.625809165566395,1,0,3
28.20970255105047,51.89546846079142,96.55514915017811,11.569300773885566,0.8651740727945406,54.17346475909786,6.619521388749425,4.084452110497736,0,4,35.96364710084327,11.439129454959307,58.363836931216454,37.387104396181485,0,1,2
33.458940752094065,53.74121378438527,72.10917227968838,9.172831308940598,0.36080868220156165,64.5352427952191,9.241692092497935,9.849286214370522,0,3,2.2699636061060824,19.437450698591093,55.667034659296455,71.4561934563753,0,0,3
17.503922549681498,73.04435922626107,68.5854994486844,10.522820902611269,1.9754329477024806,77.18633674150824,1.5624286157948841,2.7279075579081713,1,1,16.651235751079522,16.93459283415518,57.76849882821447,75.86962626598039,0,0,2
41.472491052220164,39.73428489180762,86.49169444810352,8.635819633967982,0.30518559922964217,63.781768500809726,7.14697383329185,9.996845809064794,0,3,21.46441293186807,8.897001221363286,61.637408488425535,83.05651543231147,0,1,3
39.108106063246055,42.26277281861639,74.49936963220709,10.476492939437358,1.4093695280724872,61.0617673958951,13.916570307243038,1.6831508491774003,1,1,9.310014915339986,13.291477175116917,54.65870499601831,93.2806449189024,0,0,1
30.156203207299146,84.72492537900456,91.44525724618074,7.228809149635001,0.8996483835755035,76.36967570439236,19.064320610123726,7.419158935530867,2,0,20.667426241484424,15.684629536050261,96.5548763333874,83.62031189599114,0,1,3
44.01379845777511,23.935700639568058,65.89693374371167,8.226388408821188,1.380518009156723,58.49101729478673,19.261282255260404,7.663974274412309,0,2,35.438231518442585,0.48657641156496956,65.20610283475928,46.502056630504796,1,0,1
27.53282937825299,53.994400888933825,92.74705522836608,9.805367992881688,0.8734344429032717,90.02050316625517,11.114457382497832,7.11617218268314,0,0,34.67770025383058,11.767319732505408,46.84679591183609,46.49586116250588,1,0,2
44.523309571094934,83.89605602855032,74.16482639988511,6.108947793642473,1.4290636309530027,74.2184075671329,12.13244503619164,7.998460908816434,1,3,37.59349125029924,19.69057226825417,68.05951660163925,94.05610368933279,0,1,3
35.03759996410881,62.72541054727099,60.012146721725635,10.334767862033724,1.5261621415696314,78.69313869813251,3.71442371001935,5.246496474828179,1,2,19.364391935781683,18.943612996526625,51.06591411168152,85.3093498590621,1,0,3
34.04013819761825,58.24849519484925,66.34680288370882,11.013213007609,1.4584671206993784,57.36916337986743,13.906162161870615,1.4870255191831676,2,2,16.422677811756806,16.648807895248886,52.9678385500792,84.75725012176335,1,0,3
19.97864685887355,37.482092546054865,106.6807688917547,8.394849966563708,0.4494334673767665,66.22881678146837,1.4131758534877248,4.219779634610393,2,2,26.631512761294136,2.124281862613706,57.102485058689965,80.37995620773751,1,1,3
41.45783274913932,44.02928423451138,103.3677319557679,8.687654503062987,1.3995631606456982,70.50448416305764,5.69371371598889,6.780830474801337,2,4,16.670423104041365,19.880829050323033,47.48559136155681,48.70413938776469,1,1,3
27.824690637618453,79.6433891063285,71.68045160181184,11.107693273299187,0.7399782115446703,90.41064152582516,13.367266945708845,6.816223425707947,1,0,1.6777838400343104,12.190763062758984,83.26713595480001,89.31872396849317,1,1,2
19.867002173474383,59.14526922379207,98.91859522727455,10.653927811956201,0.30040239849633366,88.50797615430763,6.206202630869786,2.756744490819881,0,0,28.7968580868182,4.45816498858981,87.51678848387493,40.00192746560882,1,1,1
15.37822559927277,56.03195356297459,90.42857965869871,7.72889693420025,0.9759536758056694,61.14887373938407,0.9969374822890864,3.27704685678892,0,2,11.23935765131295,13.485373792286332,63.657095314936,54.50123265085324,1,0,2
31.792670509151478,26.970579947802023,108.54523557249348,7.943856639369233,1.0087004299066518,80.80895408035039,16.637408187019275,5.380283240942029,1,3,1.9634124906876194,17.130471241593625,81.33955236601271,54.253217795550064,0,1,2
30.82198866368029,21.121970951858618,78.68028297670296,10.07326939434358,1.0675547333667814,62.17281788859988,6.206600142691261,7.557494704409976,0,3,0.8248430610761659,2.246555216952717,63.33725741024173,69.20924991956244,1,1,3
36.580608671074756,87.45796320809343,94.07303062585856,9.379188554688968,1.4834422894337533,99.41235778451227,1.2621044971735684,8.675182927022105,0,1,37.254450743092725,18.32876286578849,49.84463941818184,62.441048919690424,1,1,3
41.70774159053406,46.38903171007891,63.17678612119593,6.973377426578981,0.7904766659993034,97.60619390654352,1.4957632900573037,1.7783636323683045,3,1,10.083040345766756,18.404085628379903,63.8300836798767,62.18656931699094,0,0,2
17.382197539290885,62.2249143469653,79.8123673408203,7.859579455374998,0.8017408979318645,78.16323602603103,5.035175975775072,9.33057924104991,1,0,17.915967700922543,0.26928812462635676,73.41924372889837,68.75007018957142,0,1,2
36.944894710210875,25.58005512310995,108.19088305940903,11.399899661271924,0.35596644842220604,84.94512859470714,3.560318944430525,9.349584962913774,0,2,38.023058115954214,18.006382433267884,42.45965884461334,59.07929184384902,0,0,3
20.622358322927468,67.81800000061327,86.94904372250602,10.12904662033358,1.4519371279865179,90.07151911043225,15.486002355603016,1.0714036788817534,1,2,18.700679151229007,18.936358364803127,79.2690634409422,47.498826192241495,1,1,1
40.74531159471492,85.27966960941727,74.39397516674222,11.915845906113116,1.243695659949272,86.04992100224518,6.433680933340689,5.5576861810777185,0,4,3.1443729410524535,0.7538359396069039,84.55647814028714,76.4884502437136,0,0,1
39.571905415849685,60.29656770981938,66.01354815643035,10.602075179884617,0.8614939472141291,84.99143455412104,16.09391570079665,6.284298376371958,1,3,22.07744188986637,5.883326470161014,91.59821546251368,85.34433651868818,0,0,1
31.22381264956633,28.828072566278742,95.17641700907652,11.651846592861542,1.4840807131053706,97.9277003974764,3.476919956463056,5.983420862110967,1,0,3.5279461381626076,7.4621501363225295,46.166233614958415,63.52971151912126,0,0,2
36.307283958699344,60.72050692314337,92.24280217148635,7.2971314432228525,1.190376061147035,79.82280531536416,9.857583590881676,6.541944917753742,3,2,3.8035151349414553,6.9778094413278025,40.00561563149634,75.46382307001551,0,1,2
24.430503395512453,73.64430491732566,78.69693568018873,10.628909248901554,1.0711786552734444,81.81513359095278,13.760742671062577,5.530161536766457,2,2,34.05908295209839,15.180064745403783,44.39598214132974,67.47542972761252,1,1,3
29.13503696798444,48.449157560181305,107.54706759329171,6.121305120886785,1.1448179514069712,92.46343752190906,13.039817077317098,3.644262223900083,1,1,11.576861734583579,7.16208918447734,95.44700822716649,34.129750697597174,1,1,1
39.64910693131415,81.58864235590275,61.11014064939251,10.024560130269204,1.363609219217349,83.49454339292035,12.022588198605375,1.8613394754464347,1,5,27.14680800449745,19.131576197894844,85.93334326247566,59.61592630948953,1,0,2
28.777955915196415,65.40780673501551,75.18619258159129,8.815693668721448,1.405004558005549,86.64663110087614,18.496432038623396,2.8754146952978834,4,0,20.35697341314647,19.89985250609476,90.12613880567002,30.689674966521608,0,1,2
25.733947959763256,82.94742428024418,106.05347431497907,8.08056043152041,0.7556761834962551,61.70843430983212,4.570502954134888,7.662296024091797,0,0,8.893067648176567,6.336377414124932,71.02082782995834,76.33154947153307,1,0,2
29.826373417508997,63.64537178731361,76.04677191597202,11.174426113758535,0.49630088593451815,68.56334620575355,9.874384089242108,3.1695716676877836,1,3,20.712811946128305,10.176015064130137,71.60319247383252,65.5713028919221,1,1,3
39.84747757311655,29.190158040337696,72.61264169275852,11.125606155945185,0.5241098170834078,57.36506728559465,17.679851001448174,8.467393020649567,0,2,2.7597414359901107,11.15411680600015,57.91033539035107,38.878207462578786,1,1,3
25.05624142112618,41.67841977736324,86.71102049656237,6.1338102293918615,1.368934050330253,75.28827211674027,1.5578753119031408,4.631395303040728,1,3,13.888493983588376,11.588056599341234,90.56518311808983,67.95340724551868,1,1,3
20.212847794072314,34.125646377671984,101.1900874960269,9.657030734696587,1.7775282500924705,72.78637003401232,1.117765365061505,4.730282694083122,1,3,20.913449000819668,7.484179883905993,89.78617498502706,92.88982021195926,1,1,3
36.36042060992342,83.61785484018037,65.15733804391806,8.206993345925738,0.9666184871047157,99.85814071397284,4.666045751165829,8.816488670637384,2,1,9.135773523426082,3.3198700391765934,63.53028074332969,53.834353534433276,1,1,3
39.779346381242455,73.22800471012378,107.1510354822868,8.493966009002694,0.5466602805765591,80.56043264077712,12.660424390760369,2.9285994544875535,0,4,26.40752520725442,1.0912108346225535,59.75602422828843,98.76581363630766,1,0,1
18.019124355706,67.34788582370042,99.7536440590582,10.992244435312656,1.5740543720142455,89.32224115972116,5.197592528996138,2.7065731302984846,2,4,2.072476867852271,2.126973312996643,84.3023962751815,97.15659347195172,0,0,2
22.19622338267834,41.06764237421352,69.0625127775776,7.859038629166069,1.706856580234035,66.70073353788271,3.8047976761759794,9.868657649750485,1,0,19.392395914825077,18.025824751876826,41.570088300276026,84.9716889719542,0,1,3
19.25915969282982,32.88313404351494,95.60039805990813,11.658292863825721,1.7910192754616916,91.57726656713982,9.17604630716584,5.865439962322621,2,3,28.599831251575335,5.6075001324101414,91.59693391110326,86.96599844732688,1,0,2
25.438242347465,72.95157615922383,79.24793613187785,7.077802958232844,1.311955000599033,80.75424832438418,12.27196137538823,2.7146863365189047,1,5,17.197842358270915,1.5364596642208905,66.77487935885037,58.73817521398897,1,1,1
28.510529367162377,53.191056211535575,80.11473390381593,9.976334540209066,1.7562749789291483,84.84961657992193,4.971154140334808,2.492243470403537,0,2,34.98345661275752,12.470593990887057,66.48065479257166,58.17787667079631,0,1,1
37.464790108899194,35.805268650544036,99.16450462194332,10.032630402082589,0.27697617728471347,64.72153889747273,6.013823734474841,8.754984723934053,2,0,25.287711249626625,1.5061430252257058,80.14467084324367,96.80781507868949,1,1,3
34.534427546450225,63.163538471569254,108.13924039903661,7.513170968567509,0.4376626530966662,77.43191958477885,12.271186096230277,6.398613704237243,0,1,38.33971664234951,1.4010587933804852,78.74496161863189,55.633737468754944,1,1,1
33.627857024352934,22.82336964969164,66.33279364235969,7.948503653803212,0.4120081173411728,81.70184867068043,18.914768439789054,2.0353442885358937,2,1,11.364872510999149,12.43141011742443,55.95844396338201,36.781102235113025,1,0,1
25.571248398289633,42.83191778897775,81.03151184394096,11.008790955479643,1.4970581974457828,79.45473379082905,13.494834548761766,8.982172797006342,0,3,37.55157323418989,11.827904883970612,96.5967162708458,40.68907617338856,0,0,2
40.2434265925428,52.79898962137943,84.04708040421518,10.570831529729714,0.3717681212012633,95.75968557122832,15.6580828716912,4.995145051125588,1,1,24.27290359542787,0.8295457389992023,99.17979875995934,79.72792756350455,0,0,1
29.138615021944936,30.35708338765841,78.81559084774989,7.974575281888558,1.1186376518160372,94.91363322462767,7.336201895109376,9.904215449173524,1,0,29.807155968535945,9.209556688738976,71.5593408577711,56.80866545627511,0,0,1
44.37314814045463,88.92581343135878,78.15945618581125,9.203739281609604,1.077237072613506,98.54920289384353,5.445087187689321,3.535842949172989,0,2,36.08644468173787,8.715366158120691,73.68284789022081,43.95399877985349,1,0,1
34.024264148872106,34.636815521273,62.613433378079826,6.370081777518573,0.7937311662269216,83.37140030034948,9.085354864052452,5.759355083033855,2,2,22.047887519672837,10.9337825940511,73.25907780541742,86.96502900781446,0,1,2
18.78794224693508,29.12471910302859,94.27693102813117,7.252475294391775,1.7732090473986748,98.59570650628423,16.142656574233474,2.5579025265936766,4,0,34.487231677986614,14.75689420873575,69.14724449069566,64.20714434713045,1,1,2
35.28532686226302,34.247441172082745,81.81072085600226,8.914923353162393,0.548258103289993,91.62390000159544,9.125992835811116,4.9573538082098985,1,2,21.667877583522213,5.6560009512438825,96.71122322066952,69.7348843338849,0,0,1
24.753120462950967,73.8342793211807,69.73969013219634,6.515842411675269,0.8668098726986697,63.541607016997965,16.93450817579722,2.5888379410840194,0,3,23.967957104689507,8.655605671676206,54.685146938644735,40.77645482550745,0,0,1
35.58981590058292,49.785396149029,100.80167511510342,11.059994129351626,1.604800125040126,71.37178347756486,19.77543961390254,3.7650797786703842,0,0,17.80394291589542,15.854853687219299,46.477490575323344,43.49279409911575,0,1,1
17.089234444872172,59.57911578267766,100.12803740758139,10.308037260645888,0.3032390501882474,61.919622109450486,1.4405333146067267,3.4287916403797185,0,1,5.825542073604115,18.451127809211375,95.77283705948987,38.8099225881664,0,1,2
20.24644311527878,21.47064098904525,84.31958140444469,11.661802023890969,1.4276632004311451,50.20985804152826,0.9082031216740738,3.5478453903147282,1,2,22.140129333954665,17.82645946099756,52.782298852669165,66.01799594641018,0,1,3
40.67211776717359,22.41019160013202,74.92253305738802,10.160801435784162,1.6786960211327486,59.40243765734543,2.9917940582672364,9.728436802521982,0,1,39.097929210647244,9.552619041880835,84.94932121252515,84.2959908209078,1,0,3
21.815386710705447,51.207788487891136,91.90463628982262,11.642408233573114,1.8814687179667926,50.20302931434378,7.687393514686924,1.3460183720936478,1,0,31.48743982929137,10.417315940042037,52.232398553926906,81.2599670717032,1,1,2
40.111233757288204,77.16586702411365,74.40760678887015,9.327075334145789,1.7835191208600987,85.99192306752451,2.620844182908648,5.471753728360687,1,1,29.899939390137455,10.582108843043187,97.61116093734154,48.28615743655483,1,0,2
23.37828265363231,81.96672150952956,71.8003965161856,9.601311666371817,0.808922204458949,71.27671488605998,17.41328955237512,6.663212238378954,0,1,25.732352109185182,17.374311394149696,87.46730622023857,89.60851315339463,1,1,3
34.28645730176123,26.069459731694813,96.52573270131633,11.861826327757566,1.2761372473151669,65.62873635389292,0.46292502054127604,6.946852369996046,0,2,13.916346939489781,16.798790138760015,95.12309032689153,37.39625936982894,1,1,3
35.82451720529493,57.6854171470716,62.01626198604754,9.852774881185562,0.38526361301331524,88.0860445547594,6.31585432671645,7.790911193196866,0,1,6.784607779135139,6.230650570906901,97.05908920669954,37.983497905817785,0,0,1
30.379642594351587,83.92607803954894,64.7384235517297,6.18471941316448,0.701272506209015,91.62433873098226,3.693892589884107,7.848688674037414,1,5,8.982064065707593,3.256993788440705,45.06546305613999,89.45129978229284,0,1,3
24.15932030090194,47.15809280785204,60.33940870117949,10.34281665978314,0.4148891628081379,98.764976932494,18.630786603150646,9.599526841923641,0,3,0.2528835817060049,7.5794912298420325,66.00333134949685,47.109369282312784,1,1,2
21.379331291132885,78.0696081999858,67.6471593237713,11.432812152824493,0.8015777577694367,82.10067923376207,13.38962009780056,7.801011591433387,1,1,26.93921683593419,5.7681276649880235,78.88602022169857,79.56810912480665,1,1,3
15.995680636872788,29.358695807960537,63.44950043552297,10.77348149876596,1.7815776235527756,73.07644792700259,18.24060512902749,8.413203242558454,1,2,32.47510234225735,19.01561449629819,88.14736624757384,30.635571434517317,1,0,2
24.118392037221714,85.47761427674591,109.79011838899592,9.502999635752536,0.8575419694300122,65.2632150803718,19.446574206207867,5.790838737273584,2,3,10.75645404792239,5.318313588773032,54.488304664864145,36.55207620334072,1,0,2
34.594883715938494,72.5996322271912,74.44049849770448,10.027821078561098,1.2333216802524962,61.11591046071131,9.941964873547384,6.9190600944099145,3,2,3.6740159857708754,3.624133634538711,94.8762915633573,72.65020961055981,0,1,3
43.14914455345448,85.89340749508311,67.46340063346236,11.94115073551003,1.0084164842011465,60.64629752413006,4.686382160960525,5.303118851444748,1,3,13.429082712876713,17.989581251184312,53.25857974588807,42.76911684145332,0,0,3
41.136134467891566,67.36320634867545,72.0498128997959,6.5439725310560295,1.0531039175227868,70.45946873598993,3.8745757239317857,3.487753421239902,0,3,11.682049176679117,1.7295720871214204,91.9705840924412,31.974958041893355,1,1,1
37.98194329605908,45.43827523995989,106.80627857700674,10.003468971799437,1.946751090713977,99.5893177643965,4.45837723371681,3.8204477226646,2,3,18.035054431109273,5.2053210285292035,70.7627547798514,62.686272967832615,1,0,2
38.653420297598956,85.67268207673057,86.00801115121979,7.700386167423563,0.7682703194617514,50.042684871870165,14.171866152440058,4.2447946901066835,2,2,10.56408217284044,8.782223880011768,70.92533031221137,53.136434949496305,0,0,1
34.94954710427986,39.289674341642495,78.24090481539284,9.840542379517021,1.3478178216655499,59.86029486155004,0.8089145624600147,4.06579013096989,1,1,13.589308213801164,11.90214756319364,62.44033692891947,86.15798496582008,0,0,2
22.80860572698009,43.25207654432128,103.66957289546096,9.645741455303632,0.9851096717640323,59.41964912017869,1.0272214606542973,5.798449563282181,2,2,36.3021911739697,6.553457927466127,46.21031388512143,87.3180293772313,1,1,3
42.21585092117489,69.05658926012183,79.74951352745163,6.920740992648972,0.3570058168334509,85.85597427661462,12.162858847663001,3.2286855277594193,2,0,13.393414115584248,9.9246799384201,60.82540378717229,73.00961848464391,0,0,1
35.12196935717502,73.57214096677704,76.7504284978848,7.240479874441435,1.106328955342413,67.6242363799031,12.841142934748131,5.649779021785787,0,2,31.42072186919588,3.9766237286121298,65.60420289894839,50.512362244251676,1,0,1
31.8132189294132,85.05824386944077,70.36412612748677,9.72977746825928,1.6733508258289396,72.86304022959104,13.305258486449201,9.246171800447403,2,2,25.033348008978376,11.485482404509709,68.74126339317824,62.313865588371534,0,0,2
18.329684076404433,34.33616863393466,78.88984119547058,6.7693796838226445,0.42281769519295465,57.43120652349525,7.437610091771825,4.653674459758349,1,1,13.501517825254954,8.15633616559319,84.34571742460801,79.15792189732267,1,1,2
28.411666314192765,75.85986246534569,75.8342178008463,7.591085250781937,0.37178573294354067,70.24985194384739,16.118897774283063,3.0038145801537643,0,2,32.71153079121402,16.985193745369006,61.12420662790352,34.851598720871124,0,1,1
28.81074813605779,71.69822373778744,93.86519796490705,11.011473286428014,0.5188551606882167,55.1599905952918,10.672491754532352,4.121703060729129,1,2,23.803042783850596,8.314682667773049,64.39557161883918,53.27479618296876,1,1,3
40.936908285680104,24.46561893775185,74.47913523353635,7.962549036009832,1.5877001949312857,76.65216439442915,2.109312600188389,8.891985650539507,0,2,0.34474910395601466,8.876308357641005,94.36591613932717,87.56587906364203,0,1,3
31.399446605633653,47.105619884714486,88.85998732112807,8.928360937617978,1.5169919222532915,54.896918269142795,15.941986141346904,9.475281310784544,0,4,2.7491280628959913,11.84349978684825,85.15403767801574,58.42199795729125,1,0,3
26.412016469112288,39.7935819942069,63.29460825159863,11.64684201087504,1.2387810955856935,89.5254190586578,19.061355725409165,8.98018203851555,0,2,30.105582378092755,2.463400081538829,41.37134617022749,73.72676079208262,0,1,1
44.30400985531978,41.314329704782125,69.56445783482572,7.362894533021677,1.0693962071621068,78.33008587702447,1.2007262600471735,3.5861285021916105,0,3,17.861111583407773,3.1359035341256214,88.72532546338226,36.74340583946893,0,1,1
18.321617799789472,88.80628156882906,80.37026358056744,8.337756104148063,1.8045701757295887,86.19839368867585,7.827026774011598,4.490609623041164,1,1,16.220311669741623,15.804754944544808,99.39663546102156,84.39321826288365,1,1,2
27.676452849358338,64.99441894359495,106.84746269543477,9.638746653261274,1.5917211917085945,70.92581933263419,9.750320896694953,9.774404420803975,2,3,5.833087367832319,5.468375582790941,96.38606448206932,37.03258429560694,1,1,3
16.26074025514216,70.23733104554498,78.86259928578477,10.532033577023833,1.670898939778159,69.07456466211136,2.929415201566339,3.9146707960090907,1,1,6.2927437584508095,13.69393857856912,90.15735396976538,90.306767815193,1,1,3
37.19712362300791,88.36323461205065,93.2037060599917,11.409920320276232,1.6732090273636449,54.91044445244318,17.35417895565754,2.240738961352662,1,2,31.910098003836023,1.9485393995440425,77.75042484023604,37.46207314227817,0,1,1
42.54229656597452,46.404124772034706,72.7543611210699,11.49283792544109,1.3747550208047266,76.19278035214113,5.68299289780088,3.538847838799615,2,0,33.16068535845821,16.436933206360262,56.69152732991566,92.36249342187736,0,0,2
23.401119886514685,76.12881179169642,66.35167879866158,10.659840446235737,1.0515255925529052,75.7251082428546,15.660170798763202,9.675797728959427,1,2,22.40010162554917,19.764562218379144,79.26583668280577,55.46389119590039,1,1,3
40.75025030397363,50.417167431314674,62.926830004002504,7.369985019559863,1.7631860670248882,73.40510222248027,13.419889640566321,4.742879054355826,0,2,11.805112392227496,7.473818904155687,81.73554825255187,73.71715122420161,1,0,1
23.766546913856935,80.86735702704858,75.27067492713756,6.148855980255394,1.8705129808056886,87.02591823412246,11.960916449340468,9.404937459370045,2,0,37.30803266671321,10.110602038297934,56.893489661840235,89.25853861469204,1,0,2
42.32310484931746,32.64602789179122,67.8830513398454,8.302643582133744,0.29166057570210024,91.62522000161772,3.842856973931088,1.9367399298839407,2,2,24.958495639809065,8.854239596796045,55.31977746450638,30.71689946933966,0,1,1
37.61885710790352,86.33803239449958,68.70052240080621,6.8492931059269395,0.3402210282159398,87.53948374742541,4.414070411018114,7.894500149923909,1,0,31.86568477807153,17.88375497278047,63.81543154553622,48.59852129844133,1,0,3
39.14720330524316,35.314019588761575,98.0379654193475,10.262325884629789,1.9278007695897652,57.19328714034219,0.9469680949313863,1.8400905755303614,1,2,0.13131681152861674,0.19868075393759232,78.46881814201211,93.5836824904768,1,0,1
15.540196668013635,42.83543548866521,60.79190354724371,9.966783520954301,0.7350310742273408,81.1029754641054,4.814248595645328,2.7774615222665684,0,5,18.01278403501442,13.069186423276722,57.583736156942436,57.172324240936845,0,0,2
43.88431071222078,72.93345638747464,87.89050628677172,6.2638298497287295,1.7783965193864828,54.01615528447667,6.908872189210282,6.544920172106044,1,1,34.837963452798235,13.047365456070656,73.33999133071202,79.44631480583371,1,0,2
36.8001297621097,47.562859909578464,78.97306902967324,11.019562674785707,0.9303914581824546,84.73111437202382,16.662906077248508,4.910303457094045,0,2,13.529331329308851,7.647700165959062,93.95424411125097,39.800843930745174,0,1,1
24.142532861584,62.57479637365127,85.32749999542736,7.492459597747094,0.45842510081637233,69.09195482805633,7.3278533342961065,7.000068275594498,2,3,29.06204707489124,4.386672842340291,57.706019492754976,77.4860120987884,0,0,2
39.88183994576541,51.12014507485999,88.14151186073015,8.593362452946254,0.39077560036633496,56.62494781331433,15.092435655312128,9.760656628420026,0,2,26.30699300514582,4.793653628300714,97.9584241676507,35.12126968682303,0,1,2
23.445635952447898,71.96589559628472,75.6683847228639,10.007602412734455,0.5238888233907988,93.1025428488064,8.788845625909751,1.4744235405114337,2,1,6.088734654171977,16.00928242427782,68.40087872039294,80.21275978352669,1,1,2
41.18261518698384,35.98318766580276,74.75544300921426,8.57651272111352,0.6873130910178883,80.70041695194686,15.697366239877768,2.724640047590331,2,1,30.996153090176204,1.3220619274991807,46.054500258753635,52.666346807074504,0,0,1
18.37741171235811,24.09205910658139,96.67009246674529,8.647726816799661,1.104907119378946,67.73624839737637,19.525432008740797,6.762015302850751,0,1,4.501071612511955,11.27648292548718,43.30236362377442,62.60933591672865,0,0,1
36.11057932382387,40.995057823114635,103.56384940605786,6.393767972014443,1.4776213259901212,51.53635898252497,4.796831161151602,9.068738051713582,1,0,29.11656386287763,6.136812059565311,60.3204708579589,41.63821266769391,1,0,2
31.22095429934731,53.20160654079012,69.62908162292639,8.408661295560023,1.976197508849275,76.86551295018053,17.246832239277524,8.17883119039464,0,3,39.638733471163775,5.304956249366408,55.52553740379238,73.94943124139473,0,0,1
17.896034105863222,31.7614036534875,64.88093802675745,10.589087359319901,1.0226368007560493,96.16129392431162,12.436481726115494,5.190242369950603,0,0,38.31925727247051,10.114753310620719,90.62279963219513,53.629734014668145,0,1,1
22.25681484776517,44.83581027594721,104.8897903196013,11.491058023119587,1.1568236491004422,79.8189916351183,16.345885231773096,7.709272075759938,1,1,32.00966972228019,17.95723012559534,84.25830528501739,56.836250423454956,1,0,3
15.372121088319444,47.9988112805498,77.49477318236993,8.48098282238023,1.1631774774206973,98.58253023097465,13.031718045356104,2.872878049298288,1,0,21.380696969188087,12.361838380746617,93.0727772122035,75.65350474678954,0,0,1
29.063038963935174,24.017429058179147,87.5658695331407,8.541514961274473,1.1940101221038881,56.822555913522926,8.478990145483003,1.1235753241686262,1,2,26.9929830328296,15.77221255510647,75.35520989271218,42.520316285578545,1,1,2
24.03795782280001,60.831507372894315,77.97715722600017,10.215762637941912,1.156046149932809,78.41525522974185,4.561498788835808,6.130149852928733,0,2,29.12433561376371,12.01367558525762,66.12743485543004,89.64062255005706,0,1,3
32.95072452893277,81.90403995799014,66.29011681730256,11.65663200663166,0.2653558213583562,89.90625240032148,1.4007045066233004,8.319202038934506,2,1,0.33606097112954814,13.954315597454814,56.23407568514422,81.75004839033545,0,1,3
23.917134231258515,30.62200390671367,89.4665822473864,7.602365641436162,0.25301843869222124,76.27703655628581,10.71036728921434,4.900991854422933,1,2,4.094648838118258,8.648152975865912,74.98653006539499,70.44110021967138,1,1,3
23.99757334520954,61.84656093810598,86.25704258848148,8.64086523922762,0.4209160567207151,54.55331779937363,19.80652189053731,6.123238934038784,1,1,23.882365283154495,18.519632704163676,77.08148669416919,38.98331469577141,0,0,1
37.2957959619481,66.53174434375924,70.14967795955987,10.775839461313808,0.42772405600106295,79.14430007736088,14.760836100284125,4.799630751764137,2,4,0.26138160571636426,10.038780408783218,63.57685382451199,78.09767860801722,1,0,3
16.444285079350603,49.35342762935018,82.59345223261388,9.65816141624423,1.4835695906708932,80.58689529212359,6.546910827980332,5.626341098848309,0,1,36.356226030939894,11.035493384535261,96.1957253096434,31.266956046266824,1,1,1
42.08684985575962,69.07683111549889,99.8473752007823,6.663518063783728,0.6086030569029997,86.43546242376763,16.544096001734705,8.959116374064251,0,1,19.586508529003112,10.499310065096992,78.39727530097095,86.30770610737608,0,0,1
40.567916231735445,48.75120804437084,89.52130515539457,9.766396413373595,1.8157496833223226,88.0605757582737,15.379680003528131,5.30326098372451,0,3,10.310683024204867,6.323780403298369,90.24887203609197,51.265838776426435,1,1,1
35.03414049679219,55.32461015842044,64.84586635334975,7.120477707583961,1.8750610767597842,88.53863441053036,5.632715867069136,1.0672802782171273,3,3,15.752846783903971,4.624768711983713,77.22344484213735,38.20480853712424,0,0,1
32.79664710322153,20.514713118809887,87.40107486145675,9.061295604470425,1.9578133413178227,83.17221968194829,0.2861497958846937,8.198637781034357,0,4,34.03105642560011,1.4766992823111003,58.9922071199023,41.51422678393378,0,1,2
41.76907494418957,68.42040798942821,95.13691496447935,9.174619605962631,1.8933922835522852,60.79055932093291,2.363252770678992,6.559456072622554,2,2,37.08771495056463,14.363499640050971,84.197149472722,97.41940789558805,1,1,3
20.559905385861434,66.2939875261307,99.63517028903757,11.257220173349909,0.7258045633574182,70.21178779197396,17.54612380624115,7.57354003242036,1,1,4.649399219092802,5.7855052634074156,53.815271853019894,84.16812924955815,0,1,3
17.36907486572486,22.68806141284412,91.45587893171334,8.77496564407463,1.1421094782311467,88.80649863071993,16.731260706097434,9.109784857065794,0,2,31.118425358223067,7.783959263912143,75.7965618999165,46.65103813354801,0,0,1
22.185305097286143,45.777507517659316,67.63290822703918,7.676654533415365,0.5570461978446468,97.67134917004066,5.904180017567249,3.5759281260742366,2,4,23.129084728661212,18.398563254524255,64.1419805811641,97.44263704240612,0,0,3
38.83734836100571,88.53222885541672,95.50866332950804,7.385798089296189,1.6608668965517581,53.9473482418311,5.703908525688409,5.5276292914026905,0,0,23.420110306579467,11.328946988237474,48.993092128262205,39.808236946378045,0,0,1
16.0401080017945,49.45155937980317,93.86709230407581,11.245511260106017,1.8047554840021682,76.77683388985974,15.857299742049422,6.422351944112908,0,1,31.178084875833054,1.941561278078765,64.79443453167357,81.3469048331009,0,0,1
32.48420505250469,55.13617835922892,61.22134414703166,7.02606512650937,1.739755468770651,65.62611356621532,18.75474939790844,4.10852048046114,0,1,8.9137874714383,15.992238256476995,58.61684976724537,75.97177387966428,0,0,1
44.8631254857393,83.69511107118029,80.58738337951216,8.555211365298863,1.008392160219461,61.26969471584149,15.582745135951999,8.614604371184388,0,2,21.241798718998332,5.12261198218911,46.73332490250529,87.50337406699038,0,1,2
40.670882815126184,70.20833131060294,76.64751234811867,7.123038689561682,1.5776792982018668,75.29053417598575,12.11157354061523,7.278095619098725,1,2,12.774104618032368,11.05411685292365,89.42969371959151,56.718910447124415,1,1,3
30.643370671307686,60.74490917869565,93.47060321268216,10.639824240686252,0.4207635467584715,80.30446702782683,4.853427006636091,7.600668254317461,1,4,3.7804937990605936,10.199629497279812,69.91495338607497,58.12848208175434,0,1,3
16.90922727859927,75.84632769387508,70.80679061554603,8.846235839847715,0.32042834858368874,50.488611570974065,10.514958281905214,8.272065415389335,2,2,4.203177822264155,4.761576847037614,60.78137633628522,73.71969129099529,1,1,3
39.94120543157129,80.50563865191813,89.54359614871292,8.106862143340873,1.5681637250403315,89.01032861005955,4.670237171865292,3.3227576318042495,0,1,5.45885882500603,2.3154206958916212,70.29785498217706,57.87440298756552,1,1,1
32.969355245316315,51.98216502160868,105.66029809070861,8.166597843758801,0.9943717300751964,90.99410656297238,16.160228401935473,7.710776106984798,0,1,24.595993956193517,4.225232129899361,85.27498705050739,32.89456248915483,1,1,1
18.447989911787005,53.25758554522848,99.89011861043039,11.113285240337877,1.992211213294246,98.27554122839665,7.739221590354745,7.964261735952705,0,2,4.2332079350924,1.946755991279312,41.097723593154974,81.07956222682184,0,1,2
17.815718544700687,47.0235654956285,106.07288681082652,9.322643725766628,0.42019487774718167,59.032186661234746,16.673944339880524,8.581532919859303,0,1,22.804153703606943,5.512560379042024,72.80510563441726,74.8662244138589,1,1,2
42.28880458309777,87.66942980129224,108.92529834663449,10.307207106787581,1.747348442686659,79.72762811804739,7.632184359654506,5.39684047451522,0,5,23.53188231909039,19.945950214749292,68.74904699703808,59.659896892918674,0,0,3
35.07600788814236,68.80163780032453,60.53350635030814,11.382231097504107,1.0899703646757355,71.33126867381972,16.482988103997826,5.537706539443737,0,2,36.15586040487565,8.04184530482765,93.58421149090441,51.19806926160837,1,0,1
39.87860397950267,25.82561463456506,91.13706381887388,11.410450056243853,1.6975128421317849,66.74139257776753,6.666356303304839,1.8836039809105345,2,2,25.05506385302057,17.277767826700206,73.35829952726883,52.450808682915785,1,0,3
41.36936700846802,80.40717363191129,80.64196988794532,7.971054326027179,1.6799727437977534,78.28167257187523,8.802654092353396,8.669088629364069,1,1,39.42351363526005,10.983553842581228,48.23937055234404,81.87200365982576,0,0,2
32.15317056144967,53.63919585853876,102.99272451675608,11.714707578878311,1.8529860023836353,89.1191546611775,12.30976838685315,5.801393698413986,3,3,1.2397031976333928,13.33166158667466,63.32099291710841,81.04126152856799,1,0,3
30.523390552651236,24.812773449574124,72.59073510045658,6.149255292087632,0.7712375197506799,51.15263917226051,1.4057522805983735,6.349912494797966,0,1,28.165845465804757,3.126959395011124,77.26416232315513,87.3242894238875,1,1,2
27.912822309629703,58.48020786143177,109.0514744557538,8.261013366096993,1.9121488685585053,98.47000562830934,18.96414123630929,2.092965908375103,0,2,1.0592031221217324,5.496117348439508,42.75602842334709,83.35262997652762,0,1,1
24.50839763373358,49.201499528299145,90.68539847718736,11.374793145053049,0.5154171806258355,90.49407928528554,11.472115722476063,6.416402787157013,2,0,29.175103114988143,10.208868460578511,93.07894584385679,83.05609414742456,0,1,2
28.037878825761354,81.44245834038374,99.67687011144154,7.647821278901898,0.3934453607886084,87.55768518227893,10.156400293816045,1.3778951508559534,2,0,15.434008368161418,17.62286868453681,44.06694044277726,47.62412638388021,0,1,2
38.21638967190469,34.27962225265712,64.27997764113842,7.63848870192791,1.005327155401611,88.01936910902518,16.78787942239824,9.308878899765855,1,4,24.45231061570358,0.8577607176988034,41.835467670782414,37.11287882191347,0,0,1
33.05770293045394,77.8525226644528,69.17289423794325,7.815733710491332,1.6995651951232247,69.45303548093263,17.31525459793655,8.771837248023374,1,0,12.38152288353351,10.138399191314418,40.120934446013216,83.3226586225212,1,0,2
41.775698698645385,59.03820838298169,97.92018365171016,9.673880309081532,1.0784869786085298,87.58102754224069,10.44520809058032,2.7488568126810216,0,0,6.3642015661059625,1.0202442501685982,81.02466949797129,36.9032613759027,0,0,1
28.301400431375633,23.822721224942832,61.09932610196618,8.629996653686122,1.7012516856783997,69.33851043014788,18.545246515872748,6.344205994509687,0,1,28.940500723571297,9.136453528985651,67.3552052333601,98.7477983706486,0,0,1
33.21268736156262,88.02917109278393,100.84389929468914,10.360409018120055,1.5269519101400342,94.93534147873964,1.2947553215296126,6.42429208452577,2,2,36.18481521080347,12.577363186652736,46.16906165374605,91.25624872150048,1,1,3
33.93922659275966,55.88306708722399,60.69745093459557,11.369463855387995,0.6164996757431337,58.86111916532349,2.2645158450243508,8.230891732317755,3,3,7.343297748001398,14.894463828566147,91.37251135933366,67.34231213448311,1,1,3
32.75091486918977,40.36137979621077,92.85594195306366,10.045196249657163,1.9105428435740617,64.61737121075757,11.935764600288802,7.812283264770741,2,1,36.82812004814402,2.770640105212534,52.163216445544386,54.6528495571513,1,1,2
36.07901319256549,52.858478939248066,78.2546960115903,7.226800321185453,0.356367045101456,77.56687713495381,7.081317235871674,9.939188940191372,0,2,5.607284368181751,3.331505669226962,59.57944953826415,66.87901251632003,0,1,2
22.123004051244187,80.05004484622424,90.57474263595995,11.596091414163013,1.8219894882016412,65.96055179436362,9.284503323783976,4.157566094211104,1,4,29.42647530198125,9.401298433835812,50.66328843089663,81.40112831723596,0,1,3
30.370913326373717,41.343218706954445,94.80157034945569,7.586957240084871,0.7827760357331546,71.21186226476367,6.561584357943331,2.1216920663595418,0,2,38.37780632716024,19.96072915958148,95.60537786335641,82.943098499243,1,1,3
18.12674408425043,33.48734775406902,77.1237609593152,6.899365771968949,1.1252591455376988,74.62113446992973,8.094506228898712,6.161245479565571,1,1,5.894835270249508,7.1209367131352685,85.48400699032214,35.15661990549423,1,0,1
26.535339829344377,29.0349872851617,65.39812240554178,6.539803673165766,0.9891157772262853,92.81766744067544,16.45292694292599,7.875925066600436,0,1,17.403601870214132,8.550548547258206,83.43720379865636,86.3397866426372,0,1,1
29.63001205863793,40.850157887314786,63.48229338741328,9.380302443996992,0.5507104746046033,76.15961268043463,11.869523997086093,3.572140170750764,1,1,13.498299294335979,8.648934856291032,42.63976180436759,74.90479571936089,0,0,1
34.566727786364176,74.60336609280304,89.44680112812739,6.682574774883911,0.876757016202963,68.12299243072803,19.946890985669967,3.1258573017219002,2,2,15.539110007363925,1.6140164271419088,71.36210225436193,32.840572973364196,0,1,1
43.5159315775861,53.01384556366832,86.03276768670557,6.832655304675784,0.5876352635123917,62.38680820175579,15.73758395641926,8.222091357517156,1,2,30.125589565271063,15.483442905799906,74.52714620468443,51.92128440696531,1,0,3
33.01953199645068,35.923712258547795,97.11005045605663,7.80018288357298,0.6068013320559167,70.43379893960986,5.473325082036533,7.7835006255270045,0,1,26.44755730222237,5.062030488522149,62.95125040496095,65.74489580860211,1,0,2
37.307817485296795,31.632949972682443,85.48677550019686,7.689918058106783,0.5773494630461656,75.78680522071849,5.286902354533924,2.8305277096346795,2,0,38.74747857851277,14.073341137658398,59.30537501785885,43.191604454383246,1,0,2
30.187981784856085,43.291063355726536,81.12228950154396,9.625437061992853,1.10578041560654,87.30574286016181,6.717965402340143,8.823435435957988,1,2,7.419180134256891,9.501797576711814,91.1165716131272,40.866837021218835,0,0,2
34.02312094128994,85.79470610199962,79.90435891181154,10.900471676836089,1.6463798931448022,56.052438808616934,16.865189612954854,2.2125647553324317,1,2,21.730434773035206,12.23559484438768,41.380995481271924,30.999681521813013,0,1,1
17.127966484013204,44.011869881301706,61.322345129883374,10.568097937217354,1.2456975590821717,61.08045941195755,0.545753013011312,1.983158427446135,1,2,17.96504581676107,1.0794327298999251,77.52129089662401,93.80854434158809,1,0,2
22.63174742525541,89.16868531682448,76.77786008483285,7.574906728298861,1.8131115299639733,68.98270079343366,4.603625577425154,4.159965128126488,3,2,36.75424435702999,17.799313688331324,63.65481483746599,33.92755685211311,1,1,3
25.855592796154163,53.96613190357493,108.8010078762247,7.4718629879158796,1.3639528550092672,68.01992025597573,18.09836840688534,8.978793336627701,0,2,0.424769299078398,4.877135388394267,79.95704086859743,55.62079950248203,0,1,1
29.174800650195408,32.54147428031056,103.67777881135444,11.794749180641805,1.4563452023570578,69.58740438026058,12.79792872166504,7.258961517932892,0,1,39.56681603068377,13.40190775001674,51.875052747702206,44.40401460900429,1,0,2
16.369462365071513,82.37980642554567,76.46890335171088,6.049417449551761,1.4183126520222555,89.67606323201622,4.536941910021128,4.5524672429611135,0,1,19.18937257490115,15.960382241323234,54.31956127772127,81.87231715451529,0,0,1
19.200722926599532,52.22487611943788,89.3897702533186,11.278323198361296,1.036553588071547,66.20772014810865,4.382899364651607,2.4152583110668497,1,3,25.021585889343896,10.800774345663942,75.21122840060806,79.5029260237074,0,1,3
23.30442923373917,69.67699404531672,102.3648372767747,7.19837111473443,1.456342938850145,75.09490902013323,17.25236203518861,7.4212886145038,3,1,14.40210223222862,6.746680441572483,98.79631277714807,86.43556883733868,0,1,2
44.14598072703152,88.85981082464062,82.06371683750343,11.683705938538607,0.37198855632068206,81.19535164289482,17.87515016554093,6.392324975394813,2,2,34.10106678781995,19.558067489621536,98.48101497917904,73.17658108714893,0,1,3
24.940410213091525,23.51227452239818,60.89789318750755,8.053843708965118,1.7547400758524105,61.608927509180255,5.122621819242306,9.889146199622179,1,2,22.47951780473531,5.568794265413912,54.93885902864115,71.41572122333345,1,0,3
29.461231743362475,26.7686191851297,63.725523090932,8.642110643359514,1.6111712510268554,85.93476935737695,8.410207161530645,7.890035156330905,4,2,26.512437449990593,18.97324674246541,46.141061819542635,58.49775008303192,0,1,3
20.88293138215179,70.43197190239293,85.51963606743533,10.242723683666286,0.6791524269054379,77.35556598691404,16.691914772566342,1.9191156076762423,0,5,25.95618832242706,3.124482673694635,75.4205942757998,74.54510900762077,1,0,1
33.323402132273046,39.72775023068304,108.47196878379393,9.526014308839562,1.5940567949446443,72.3390581515689,15.420148772197708,7.553935534695681,0,0,14.559285595909301,7.78444263044687,65.19895648441769,38.06439094767271,1,0,1
23.42049646547923,32.90109778650694,94.66047711094339,7.907635978240937,0.27212455245003236,90.4892013369157,16.27832213132169,3.317023409648052,0,2,3.0396398322646334,2.7699116829460446,85.70120277824479,77.91589944415293,0,0,1
21.209777353152802,22.755331587381065,63.54580957192847,9.322985495206941,0.6301815018415408,62.1747629592591,10.367963815759376,9.65706129077876,0,4,32.308249043762004,0.04480946147392029,71.67902351670995,37.27284305041616,1,0,2
30.497178853379374,21.529269839034125,69.46804378959314,10.384241306177318,0.3639901676740679,94.15879853071615,18.230980966103463,1.1734625572678967,1,1,11.5886367673727,5.205170807929498,70.63520835973847,90.32179317728665,1,0,1
15.165173974812625,74.21399221838536,98.5661571608425,6.254009675414952,1.6153971040813158,78.05243676833518,6.519030879088705,3.14515531286168,2,2,33.95720913910818,1.7442080183790942,78.78759209324915,65.39779640789388,1,0,1
15.22992097947676,29.410339915868498,102.07198799781224,6.0671958315342245,1.5727797645621775,80.4587439689829,3.1334426869503607,5.490985388606424,1,1,24.345720351633055,19.726910461806945,47.58510669093905,67.12498331749484,1,1,3
21.572064273055734,52.74044311798056,90.88472930942955,8.748401634437348,1.6738630416532037,93.75294820844714,14.174646651297296,1.7116156040847348,1,1,14.148158323899121,15.233066359036052,80.62970377999406,70.94003215436652,1,1,2
16.101640875024636,62.41277706256381,92.22115848149083,6.791019706821086,0.2578429633196755,90.8791343924668,10.787088320137928,4.096565509097786,0,1,23.76988595894491,0.07409592644017637,69.3111820393272,84.32367492852,0,1,1
18.24077262392074,49.98462603981923,61.41687251916923,9.986065748788286,1.127157271687214,80.07810344109501,17.09171537618962,5.475114758907311,1,0,25.819707694457502,4.472931696471843,89.20882393806654,63.492943461051716,1,0,1
25.165819480162547,21.897465663536316,101.42651297907543,7.284314737364605,1.483463345655339,87.6593851924087,1.623184982494299,5.022399274360309,2,0,28.26733631034689,13.402484825674339,48.322410022289105,59.93116515531254,0,1,2
39.07757038739439,74.84510518115363,99.41376040854149,8.597106640774026,0.5219519752932771,71.66597451164483,16.873848068761337,5.145267025606607,0,2,32.89352538028285,7.9710422632950895,58.04482294698424,50.18334197410316,1,0,1
32.16145930107902,20.735925717915745,72.95175720516735,7.186025621245614,1.3871337731470932,77.36888767498732,5.8658930641764435,8.911207467454187,2,0,6.390197688719388,16.636851260884548,97.01478244093146,38.962754550231395,0,1,2
30.38003177869249,73.33229260642388,95.43383599827536,9.290901514494747,0.39719267379195,53.103506835425556,13.09711334336366,5.547617862087862,0,2,37.765775390744665,10.097215567514633,73.18437275740129,43.32397787532231,1,1,2
23.80466469624365,82.5313145651686,70.74273032124991,6.696320756307413,0.5673202481825481,54.49289590000234,0.8025757815651158,9.469421657433074,0,1,16.433624577100435,13.073028394648583,95.7580599852394,30.036949058008265,1,1,3
42.95261158298449,50.29879447400206,62.01650805257565,6.138641116724882,1.082644426240552,91.4712702093166,12.191625926072014,2.3295851268767085,0,0,34.41801193505509,11.940747951889612,81.34210618671273,90.85951534499671,1,1,1
26.91045123711575,57.48797311684588,70.05682712951887,6.306789828640183,1.3937390171919286,52.983582784124835,14.345433783746719,3.5223047875543094,0,6,8.819183814711407,12.763378012472685,95.58588189610754,83.54708764292172,0,0,1
17.612783003873144,53.38883748323576,68.93144383771498,11.72555064909186,0.5052709721693182,58.46995628163036,7.375004290112406,6.908641976745404,1,0,1.1611588881885915,4.601977076543601,59.0695770616288,45.307770017326945,0,1,2
33.51199548353404,47.244603303640716,76.88739983674236,6.853717311665615,0.5741408289541413,89.79163294752207,4.308214105242804,3.548103237120533,0,2,22.93376174491403,7.465788784123832,45.432025502149436,30.16730634168537,1,0,1
18.41515180429804,82.11971747592523,80.9224748587729,10.25086951882101,0.6077811423649102,50.057297531412814,10.7526135320709,4.125484624726464,0,2,12.986651162897559,1.0125850572898276,88.13450589388593,64.44814134034274,0,0,1
25.35669428405076,82.57534574689933,85.4269445748854,6.407557225336958,0.6677264082232124,64.12021644229321,16.66381608871293,9.10925378206832,1,2,39.37848019791797,11.752730293764175,88.2681251477402,58.88012395205494,0,0,1
30.222358161534267,43.507145524907415,83.83769377541641,6.648962113411093,0.6464692349210097,79.2019328913311,6.470947165933016,5.847032573245298,2,1,4.178138188615317,9.185169241515512,77.12960767853886,84.3204634939441,1,0,2
41.22667574055527,63.05488278102886,73.53373029826447,9.053257508456008,0.9415109398708643,79.77249657346482,5.049385950425592,4.011946803633854,0,2,1.8921146401408695,15.214322980381445,74.77421218970993,58.202685468826246,0,1,2
29.80639741020356,84.8835293502105,61.458533428703724,8.789225580926061,1.394131888964265,88.85764541147367,5.578706172753753,7.990406001018215,0,1,1.80071274212533,4.127649292432842,94.89449024057706,90.48789652666309,1,1,2
36.06776298094993,87.34409492589461,90.25508111185754,11.709481856639218,1.0165556204853219,75.29631272460853,18.982643058333288,1.635982786451829,2,2,8.674947808951782,8.736242321356036,50.589908021291855,36.7086760345677,0,0,1
44.78450516997211,55.62713282954333,79.78724149236771,11.669012718124424,1.6079543403123042,75.47009347654851,7.185538315291193,6.072963491855913,2,2,23.167644654613536,3.6149086611477244,76.99227828224602,55.610066037678365,0,1,2
18.94467359693945,51.69773636990287,74.93360786937748,10.67765185525479,1.5087198854100758,86.26552877703503,0.0720847977657435,1.897027499319151,2,3,20.222534945787668,12.279584504968842,42.98623664933264,95.37586290681115,0,1,3
23.241945765585584,39.508602114996805,103.34705214152561,9.6126109807641,0.47142209958588244,74.93122316331417,15.633624159192394,2.591657218444294,1,1,14.00303219334246,16.96060513022904,48.45189620545774,30.821073562881516,0,0,1
26.837282267929393,87.1210311233287,97.337165389908,8.729761904358066,0.3354728408113019,80.42455432818085,13.985495906707804,1.5620090886055298,0,2,3.5517242966763707,15.308864968979702,66.23634090659797,57.35525968048472,1,0,1
27.65484535616494,29.997001313100714,102.88827741862211,8.137071205970527,1.7863977369993107,94.88870341275255,2.5713652920593777,9.115147259045205,1,1,9.349483791772752,18.883959452617745,89.27244216330496,48.179228204657164,0,1,3
27.33063225796637,60.58807032334075,84.74913973562305,11.682525281853334,0.3897043664850285,70.0725503806186,19.698084982698248,1.4338401289105287,0,2,7.365882591388675,19.434515637271822,83.98796144500355,67.23025057101546,0,1,2
42.22833007669665,39.778518726304725,66.54656260633888,9.617452868548114,0.5095935662594979,69.25625354596112,12.161245706102225,5.647748031461683,0,3,29.826673486241937,15.440677351639813,98.44386346275967,49.51367601950396,1,1,3
36.42097933400569,39.53058032434576,94.81107180606362,9.474435166115967,0.2887332322267066,50.17744959323856,10.01558981881203,3.02479661785689,0,3,31.197855320052565,5.736121707605173,42.69091890819395,90.89356318230307,1,1,2
33.237156422721114,48.34780111633319,70.30368899685877,7.39140673061349,1.3495886392726442,80.6713130760616,7.644385352457821,4.452297703275049,0,0,31.080560522472787,4.385227544306365,62.881133129574096,95.5996776997292,1,0,1
24.281181535883462,89.91550550709582,82.06148345458584,6.280186907310679,1.26914848552711,51.4885953703566,17.97345511127276,5.442905662118474,1,5,38.761621776565946,8.950980690978874,49.52744809450965,89.43940079517584,1,1,3
39.71371152663884,23.847641478787544,63.25003944744442,11.671131478557268,1.9770814162616974,75.20742448641582,4.879269628371265,5.0505412715539775,0,4,35.36951785336128,19.877673891542415,42.2176770429701,57.89974916595645,0,1,3
43.65181534454967,60.4979272742472,101.26542012114912,7.882411553067923,1.802131693555051,90.21168945161133,5.715378004398037,7.732784708845946,1,0,19.912189887140194,8.253360416343106,55.86385337766849,99.29536358753391,0,0,2
39.6359484765068,25.780051062469404,66.29703205237503,8.655534139946752,0.968975560591592,77.49605352598316,2.448216133731338,9.206949936305133,1,2,16.597440836366605,3.9813682114453752,54.66831065123298,81.45254216369341,0,1,3
15.046953155744188,30.81645809933633,105.15487535246548,6.687839661514241,0.9002752215969363,63.4818082608338,15.182381911685201,3.7024499267622897,0,3,36.63074070837847,18.886857555664818,65.2016631077315,54.89262556400333,1,0,2
34.09204110550221,50.76940592410291,103.21153011307786,11.021545979455752,0.7694910599899739,89.30842107246856,11.910985608117066,1.22086447440453,0,1,24.44901008192587,7.7183595519204555,48.40487247403559,36.55849748391566,1,0,1
16.53406144326302,55.73220919425089,83.2291382219623,6.165790997135584,0.5167121100662924,63.48585020412694,12.181323385089966,9.045508921658493,2,5,11.775946681023811,13.817977744552618,69.31405475356705,76.69324914672102,0,1,3
22.728216610011657,38.11546858551668,97.21841021519953,11.003944572594579,0.4916463990535158,86.65158904729493,4.369408620389272,9.809056591294548,0,3,22.578561108606692,15.763059572291736,95.20589963885452,80.99972109622846,1,1,3
16.78574101043315,42.15199916120913,90.97225369090766,6.841710076727801,0.4814964890168095,80.51292275951155,13.023367782541676,4.900160569355781,0,1,39.68597690784505,16.86311804119068,84.89133589589889,38.57213930219227,1,0,1
33.113863588481635,26.087691417915316,100.15378211688724,11.319384675786912,0.4497008250768625,58.49981483740006,15.30916894493728,5.102099896143051,0,1,33.97880240609449,16.425607742455806,90.53063976959601,68.48154462573805,0,1,2
35.5976974047782,41.22538486909754,81.5902550392956,10.378635824016945,0.6708960742096897,95.25669374220928,7.157770614513785,2.2974049943764747,2,2,11.251188642381663,16.724937259999603,88.283715599292,99.09615888376743,0,1,3
18.434629141977155,87.65909075663808,99.2904242122175,6.988021575043831,0.7866701030479537,60.03218414785979,16.026942879234245,5.279711050863866,0,4,38.11817703668868,13.353068551557616,63.37758018643804,52.83694717493958,1,1,3
26.515166491349383,86.12951671707371,83.1228408532574,9.394907957156809,1.9327631993181027,99.47935370703348,6.975811770640419,3.7301431238287646,1,2,39.258484459164634,8.076621385449199,82.53766217787012,51.13265157030047,1,1,2
28.687095268666262,43.441480309588954,107.0482893921397,7.875937886131316,1.2623281892533,50.36552443274704,15.162769230185752,9.949420607825225,0,1,9.246678376616607,13.345737081276743,85.25537436537985,93.23115162650751,0,0,3
26.071590652827496,59.95977553951331,84.31860504125737,7.069398593469501,1.9782926053982417,63.17416885714515,0.6746021491543797,2.6636316778597946,1,2,35.82368474005365,16.734686681198266,52.33888634195414,38.219123126553896,0,0,1
18.63075001455579,83.6716773777661,83.13096359668648,11.15509319646665,0.9018171586949282,59.993014863709945,11.023292029473053,4.407280588112122,2,3,35.328108707953284,7.012849292488421,91.6157419971864,95.34692523626636,1,1,3
27.568433705624262,20.432867584862766,99.25359307817564,8.421136599043376,1.0508466070315219,50.699670508523134,19.390531212797733,6.548517837987434,1,1,1.5901429293616243,5.930159805840802,67.4648439113358,84.56409421914425,0,1,2
37.535341434252544,76.74784992363143,101.07888458804189,8.391262286192294,0.8180126535392386,86.61839500736578,19.624892013647816,4.106111966401587,0,2,26.787567722467482,6.8741443421032695,40.98158437056306,57.35882862530438,0,0,1
17.130229935997665,86.38586869522433,87.72445571605854,7.01932004883972,0.5700533890689672,84.67129010497982,5.635051566834813,5.269811851468246,1,5,12.211228521246774,11.025667920587367,78.60304651683103,35.84833342465062,1,1,3
17.405400422457102,26.392801403348994,68.98989067475377,8.298394056514672,0.5005382386107635,89.61754821774653,8.827981821607109,9.761352699167887,0,0,26.984505059675033,1.0488774962788905,80.6057855150779,31.342217887764914,1,1,1
25.643138755079526,31.30133802230447,83.38791154787897,11.2297010779731,1.9038885961637058,62.834927323228264,1.259558159732661,5.572642384457184,2,2,36.54234776760974,15.579416380336799,73.10573780061,56.30818375064466,1,1,3
43.25177134856775,87.25224119399488,108.40362514548391,8.178772262937816,1.9769186931478226,72.2167583541485,17.466826152091993,9.192883946264358,3,0,19.95116991958074,2.7770391690040386,52.74491805082939,79.37475091337912,0,0,2
35.05717940168742,57.62781005482424,97.64930965195926,11.70962137499873,0.3285916188902802,82.95567608107737,11.371443062804282,1.387745818707515,1,0,16.57651323154611,2.6567731356819757,68.93668164136392,64.12704494282315,1,1,1
35.36009870017695,20.99376441302066,100.5581301939566,11.677853395250324,0.5131052807805914,71.98842519440717,7.702013578810341,2.078365095116522,2,0,36.86125084749669,3.9531827871221004,64.00764701473042,81.70563249674129,1,0,2
25.857599725135948,38.03423991344704,61.641274940962006,6.869391955844076,0.9911671615267896,84.86628851589579,2.2554111697830614,9.500604352778055,0,2,38.964596709541304,11.538548699449967,98.48116443063554,76.93995941082767,1,0,2
32.80982373625615,51.496057198820175,83.39297313170799,7.063867521135869,0.5760835836027128,81.6986704220221,18.935345709937785,2.1585800051928534,2,1,2.489453111752109,5.71136751607912,89.48070608535627,70.10350325578565,1,1,1
15.303935520832301,68.50362377173374,92.33105668287777,11.176044421991335,0.8867906888470458,55.732390151108824,10.604380956419874,7.62896075851934,1,3,36.91392276592829,7.361806579731045,85.71397630523288,97.72493565073981,1,0,3
34.08288139228627,71.32122646957598,101.50163418140374,8.356565513548315,0.4759186122543584,89.05215605384839,5.6585585816580775,5.0140324373693455,0,2,3.3107413408755537,18.632982219562557,50.86442218000979,80.9869104047429,0,0,3
42.3986084272871,89.67950590478193,62.46368267913857,6.026243893698056,1.048895574263133,86.0338179546259,7.00430260263019,4.660734962799598,0,2,13.491448535343586,16.944043599539704,59.862401045272996,94.02294144270095,1,1,3
33.377204050344574,40.12578395686313,102.62194428209366,7.643230918232226,0.7254655782962037,82.79171938087026,5.4139436184429535,6.932982378484708,1,2,30.50296489721307,17.043810662095648,62.782710134153206,46.95123950240199,1,0,3
41.210957803990354,57.67540713079327,87.42004683709558,9.585773959173359,0.8658338475776565,57.75468031355012,12.036196177139614,7.548407427329451,0,5,31.08147927758781,11.552836666519756,69.55765193802877,79.95477387440408,0,0,3
36.71919166398281,57.33264835017235,69.865698528803,10.795595795759809,0.41504714005980825,63.39982243976819,18.599271515610198,9.387723522571354,0,4,29.03287562716665,17.329322945809615,41.81347072392828,71.84620043906115,1,1,3
18.616752492110706,48.39516816130663,75.862760822485,6.800331702559557,0.9992240887427479,69.65885157938001,17.13387606653129,3.3119693998767503,1,4,1.564499522442735,15.57131650681107,75.58055368447909,94.70072677871973,0,0,1
42.073599218575254,31.841332568969413,74.09647758757804,6.663248186500412,1.9707008191827473,63.99648108282217,9.20761750851955,7.282723398952749,2,1,5.3186419209637315,19.064736058221246,61.47139263832638,65.73171123370614,0,1,2
16.993315330673248,88.42195942286898,86.5429517144238,11.532555921433989,0.825457832042083,61.390514533806574,16.529987246020156,4.08057235905392,1,0,37.44865992878994,1.2873681004383108,73.7006287255549,49.57489653204061,1,0,1
31.019024176432914,79.73220306666101,62.58428399555659,10.506890206935495,1.7837512309742614,90.26788350808879,8.462109625526598,7.458487703946798,1,2,3.2584555358356315,0.5745426730786574,40.538703055402415,56.93872722649793,1,1,2
19.26411371380373,54.8833119805966,67.92680792499618,9.538677604668472,1.725598497841449,81.91161231801011,5.046142815172761,2.279045133283394,1,7,3.1418366789246654,3.500598814477822,59.28598833985142,45.318086379838284,0,1,2
15.351198321927122,62.227179587882084,100.63465216878912,10.615120739975568,1.9161022320201186,78.27360657751251,19.66830230532856,5.117882947574765,0,1,33.42583751031481,18.581696410159513,86.11996336077934,45.39810995717307,1,0,2
27.66102780382917,35.90827374917636,66.63019953734056,8.573126167839831,1.6326916464674153,61.29763554266269,6.077751359416437,2.652667549086911,1,1,25.650630128915445,12.111302119084918,70.06489315162241,62.92951102186627,1,0,1
23.851221229624688,58.06509492742228,71.66981347290636,10.55073448385476,1.4042944473529262,95.90382811343207,6.474484619738168,4.028016067954095,1,2,14.066242233807182,8.52225035390562,87.33323970073829,92.47981847050798,1,1,2
29.58001481392809,68.64790931850331,82.66853028020786,8.230817947647214,1.749022777398051,59.55915195486581,19.793857355730445,7.440664667162249,1,1,6.628419482865056,10.254221229523035,81.9376235510432,43.43085400028792,1,1,2
32.31599660203652,56.06169198706122,85.85604440566652,7.464567434955614,0.38237819115036187,89.74754664123385,2.6785498633130977,3.1001486452836895,0,1,35.366816795712595,16.592091764553402,91.29523450905862,50.15090084868809,1,1,2
16.312172169268422,89.31996194094589,98.18052398070793,10.374080527757812,1.0599536500979136,98.33363333526465,15.210679760193901,7.16395513435289,2,0,39.541510305140484,18.58219991607848,40.446615313130415,89.70916896360771,0,1,3
18.69009885371237,62.793915937340834,82.36662133330938,8.518033752943609,1.981198417576353,86.35463646121181,18.71625516965453,5.463461746427382,1,1,1.9988691377131662,14.593976686218198,55.679529510663635,53.74793942923607,0,0,1
31.75927189351276,45.96815988145183,99.49323105177695,11.888262625957168,1.5968002647657815,99.64293875923148,10.235899885508372,1.8283290135095176,0,0,22.16453528360807,15.196956658745925,72.92810359606489,97.36893813927999,0,0,1
25.295020595179746,74.05064193310866,90.91731535227288,8.096911093848606,1.9336319115651404,82.55255584889733,0.05043523405640071,4.480252166945206,1,2,10.452143396232604,6.407560883276759,96.46108459913094,48.82441935244789,0,0,1
36.87520462648344,31.932375810714944,65.65498697119112,11.530364523186396,1.6143601232335885,60.87301718019475,7.501178882262125,8.822855826642265,0,6,33.29547334198816,9.340703905490784,80.78741080795234,60.95003951890045,0,0,3
34.56874945775819,46.91610695943866,67.81657191964193,11.597775291402478,1.7810434430237523,60.190974685825566,2.231379847696542,9.903618081607124,2,1,13.842923670992228,17.704203869423317,67.39532717691091,36.69269574349186,0,1,3
40.368130889697206,44.28712652643101,81.85168627248854,7.451117682388476,1.4864268565305843,66.22821421277382,8.323753218673914,4.320289875859825,1,7,28.585171567453592,15.71868220145155,47.80847983046098,99.45230567090212,1,0,3
35.77478480007676,50.22649665754441,79.84446965445198,10.78932708952808,1.5808785077301697,50.356501011050305,15.800535232845693,1.4938725809682802,1,1,21.580936861051082,13.685418369226953,69.59292128544713,92.30994314129336,1,1,2
27.897932321704445,74.72458781501084,97.17721348186473,8.59844703086739,1.1655615172191263,84.08492350414173,8.774230977676009,2.1716899687549716,1,2,21.660935263798812,1.3049367177624083,66.46521834736397,87.22935770132872,0,0,1
35.18899867183298,53.89211225143852,89.0368569898676,11.505148363382087,1.8674159764247327,63.43338923139138,8.63850242691845,8.093335725499953,2,1,34.319977247216855,0.7901443890790971,86.70659648132212,41.01397293926584,0,0,1
23.261435227662556,75.5810115186174,79.40665405011246,8.700745635811433,1.6938180935908829,90.75916161463763,11.135789538376933,6.902083658707106,1,4,18.81617703698257,2.6082188622799007,64.80091842979289,97.85506404935396,1,0,2
24.18940496334638,60.35422321979061,68.53801417251928,10.465822304024197,1.7267986899148564,67.95863252796501,11.633811694953604,3.5651079929965714,0,3,33.823981365779225,11.627821983956668,59.13028448999998,95.04058999759471,1,1,3
38.6695547976238,43.944860426028875,71.34185511627476,8.801804454982786,1.4277659266853415,73.99782467316564,17.125926175979426,4.5216870643667235,1,2,14.537073121503017,10.727736946822999,45.38318094812925,60.49700093982635,1,0,1
28.392585492047466,76.69851205784306,88.77505092345295,7.366804534277137,0.7830149074026858,98.28444582801846,6.16710878457903,8.300352081210146,1,1,6.991317698572201,18.853816530941078,42.790063835522005,77.71459207909848,0,0,3
38.951410215550574,36.68027693871641,81.17194024498963,7.1961007736681175,0.31235214193274385,62.108606152363855,16.43342528736032,4.7179895226208135,2,3,18.219095106264604,13.895192800867928,66.34806565134262,99.47208993844329,0,0,2
39.67267121004835,35.706808585985684,85.7463754430336,8.552587165538073,1.8873964764667028,86.06270487148697,11.318674973840945,7.801958906524847,1,3,19.93423125508089,5.87945234690852,60.81171877013108,58.68216536497073,1,0,2
40.72687012983852,55.3152046838385,68.53387176511168,10.532967942085289,1.2757106104096196,87.75588946527085,6.010590994342939,3.6568513124520923,0,2,19.13532790551166,3.229925876313946,73.31945017077155,37.913198233785806,0,1,1
42.49905707523622,38.25944721734622,93.14531261722829,9.6304289110846,0.7717501995092455,61.049907876181756,5.902520880121543,7.523306187354793,1,2,32.33321647517129,16.99066478656764,82.71570622690408,90.74453243732978,0,1,3
27.929556615398887,20.636092446585142,102.62693704279835,10.13177573940326,0.5109864387331912,75.04984183060978,7.22275034211449,5.197576987948908,0,3,22.587157658403886,9.192482073780484,42.400408814428175,63.353958290974774,1,0,2
24.566004549634165,65.38082691091611,72.89697533934503,7.693958104391655,1.7016655396263207,67.51009626564841,12.45386485239951,5.908188534943644,1,4,35.53776287035212,13.069389948176974,69.77302658216892,99.0878618541488,1,1,3
32.46596239782342,55.77656750306786,84.57571129159133,8.888612075745634,1.713910340283263,88.59531217000446,4.616234627198983,6.388598011153329,0,3,20.567419796637687,11.302872131816057,91.71831365091877,68.56250022833653,1,1,3
26.135172703128827,51.186247014521285,108.77636645104509,6.266371589815962,1.6753889442284302,81.12416595145187,18.406671233445348,5.055172250497351,1,3,8.98860331528017,2.1491269227327003,67.3099951684197,32.063432251244166,0,1,1
33.03222500400699,87.68779602328208,76.66208702753639,10.905194495748724,1.3788947109418759,73.79915274302735,11.498251683558006,5.1952205772747515,1,4,5.179833610510105,1.1411676736365406,71.27453265704646,64.42088745230662,1,0,2
36.16757587931474,59.98394287740396,89.75231724618806,11.939352973439249,0.8905269282857828,88.96816325238592,18.400315539920136,3.391377586233616,1,3,34.734512837784834,7.540363794328271,69.20751044300056,80.26434905302725,0,0,1
35.652150554764106,80.44021044525692,64.50978501001222,8.441274375748026,0.7821229983654497,61.757778500420855,0.9280871715830941,9.871879402995104,1,2,2.2469119560884687,7.231005950914353,63.38757510900462,31.822101974215574,1,1,3
26.23658661060364,29.761516534361213,90.30075012397216,6.06578191878926,0.2649708477067978,87.68109402921795,6.852227409229467,9.152335504439097,1,2,4.704384476790491,13.475962259378127,46.60717143540235,58.94141000537001,1,1,3
20.005806050962583,59.84445241905994,64.4815886652309,7.018755837305684,1.7088132277044206,93.26871560464122,0.45615321375246154,5.746445448569069,3,3,2.546340756705643,12.644008182023235,47.581372940951596,40.88921403161034,1,0,3
27.915880153866226,80.75857387116321,107.9617717661911,9.915161266502512,0.4030072206138743,93.93107984037863,5.445036301959396,1.311664713008406,2,2,16.94936788727281,19.378818569279886,50.7453545042616,75.01677747149509,1,0,3
19.277824322457263,60.81740300959286,95.78313260361557,9.672475909223156,1.3538212465713433,89.1836796509802,17.240129445371764,2.5158517376948955,0,1,21.304624655743737,17.16199005543143,87.55387845385928,97.0142094144629,0,1,1
41.70291105551425,70.26099246889011,99.40798940678532,10.727188317513264,1.1321311569701547,70.40070834991343,0.732194316844017,8.685416902924992,1,2,0.7949892409040293,9.931650515505757,56.51993803370279,73.7209433188705,1,1,3
25.376323822135724,46.04304974685452,95.20521803858185,7.523304065766409,1.1717063781211146,99.09040113589134,8.722941998314898,9.377308657717874,0,1,20.623446675664173,10.00050705125391,96.88742690652464,78.64143944701223,1,1,3
19.633792416699713,26.47146619259466,89.48645180382329,10.581791493282804,1.8717474792886033,68.979682191122,2.3513414094645557,2.45162894116999,1,0,15.750378851625042,13.482584582253887,88.61020999219774,57.759403029792665,1,0,2
15.763432797172527,52.053020658895,82.49563905427527,10.127904129142019,0.3053262697246737,81.93126995512128,8.336813185207355,7.610667907211165,1,1,30.945807298235923,2.281811655465511,81.07244009192087,69.41986082663415,0,0,1
34.37467158859452,47.61355735872003,102.91866898805313,7.93688698628306,1.6034363931003517,58.053708903473435,16.777031685287547,6.607209786184268,1,1,33.19826486984893,19.99781129262785,83.22361776374441,68.07003967801018,1,1,3
34.107069523642295,80.6942127665263,107.84178337715315,9.272928888341772,0.3410916971427875,99.02244493181963,12.461420668050383,3.7304647295601026,1,2,27.398697455448215,10.37616202487248,42.85793252070107,83.17244416875607,0,1,2
25.21812499743875,37.07967116467306,84.95180864520407,6.88364285098996,0.31676881038691007,85.19929609323316,14.735126906628464,4.924822632640535,2,5,18.939821412664955,18.1980974781794,74.1033620191927,89.98381529142065,1,1,3
17.15135666542953,87.67139592745757,106.57675245776309,8.715387020613495,1.0021809717474184,87.66887726231842,6.98208230899162,7.095424846379705,1,1,8.645943801679525,19.34712669304416,96.46341459530379,76.40201609981699,0,0,3
27.288866846856962,87.06966838631473,89.16664549942587,11.287184037333846,0.36038155510019176,53.28883517055723,18.88795390020283,1.911663224225121,0,2,33.884594692102404,11.632854798045308,42.346611003550535,98.58661613468323,0,0,1
24.336524851901807,37.33421501500071,86.91920934482167,8.527148278952344,1.631001914762596,88.17089071103359,14.185241875590002,2.70138386733398,0,1,13.666765601776675,2.066972950495507,57.46099111081241,87.98018747671497,0,1,1
35.31361919205028,44.36363688341243,82.72413664776784,11.037400238852532,1.17673541388459,88.73617146103007,8.435976385690617,1.2998347504218257,0,4,14.251675487797968,11.466916168399424,43.09068952803612,38.72527242418475,0,0,1
33.17337748358071,82.68890186117196,70.464388076506,9.541520191558167,0.3008178696546053,83.5886363181115,8.529296004541099,9.11981552871979,3,0,36.64046188748179,11.952848743319734,74.18449467196993,65.52327788703198,0,0,3
25.9378118459262,87.66355546272753,60.18598304090296,7.15126027861414,0.32087620134335915,64.59548068951719,18.373683558865952,6.165065705818792,3,1,39.02389022391652,15.78386273546662,46.97203763023174,93.22652550856391,0,0,2
21.5367766276497,51.04073719852308,72.07531134280306,9.486637468187379,1.322169927044089,74.48450210804407,11.528093868707836,5.710846922278507,0,3,35.925238255380165,0.964585339898123,68.75500937346395,96.07544081118496,1,0,1
44.64107898466776,42.469793194862845,85.48615858017826,9.035899974942382,1.6606956809022086,55.521718565435826,14.127584198060834,7.356165765548559,1,1,39.929388942443246,9.326307343901878,83.19696620725269,56.61441569026786,0,1,2
28.620048635883446,56.82658092760794,78.99799761298763,8.391848011178304,1.0161491797308537,73.57935332295763,8.340704490263416,9.895152013169206,1,1,34.7563537560591,18.455405166736263,49.866312096128055,80.79928430615672,0,0,3
35.648227073407114,68.14384444560145,82.42426140013168,6.7177826370964215,1.2205161751873428,62.19119263002024,4.473855295294282,2.550135595934744,2,2,28.174300704803272,19.825981573573067,85.32186622469625,58.73818385496648,1,1,3
19.21658902735082,39.143216076248585,109.03241097820248,8.500251983083379,1.6497015445873278,67.4548493247041,14.471185839888372,2.1979541577760706,0,0,11.752775982858914,3.827653575184753,43.61226771699392,38.65618055256023,0,1,1
29.567690989781934,71.5531222233351,77.51361853346637,6.436574257437763,1.3183858045731836,58.130020420184934,12.156475442827757,3.653117784189683,1,1,38.118281955995045,17.411979854700704,48.977468815419805,91.92279134456928,0,1,2
15.826101596083964,23.616014998024873,82.60914696800539,6.592614308392507,0.643330415902934,61.50271838734485,10.026857608495588,9.135497437930356,0,3,35.06507326455014,2.925011232612882,56.806621790933406,95.23671858986154,1,0,2
30.1636535373135,23.45061449350915,66.67577756764098,8.495499197596295,1.3228410452715875,53.82843209100581,12.480418799889277,4.703145502967752,0,3,9.629871696626129,16.82348869135794,87.76594404472525,65.33253718860647,1,0,2
43.92052221353107,47.040139360188164,62.39788662184938,7.832288891810782,1.3494890533641237,95.99506832184608,4.165711721284673,8.141470823234886,0,3,19.566498929673077,5.545554549353271,91.00821334740405,31.28152015741006,1,1,2
26.526201389574005,44.74312344425044,98.77047572962474,11.553265955173341,1.5346872165419718,76.52053439877017,15.878774130639126,2.8263534388077147,2,1,2.8022264250220053,19.19250532098285,53.22278886197422,87.12253754873818,1,1,3
16.16988037724735,42.09432507570066,88.53415875359893,8.254234832281623,1.3365298282244022,69.83709856313698,18.963256100406117,5.442448981241107,2,3,38.13235453068869,13.909935018012742,45.74702953152977,63.38722563615536,0,1,2
15.928673727580305,54.3713833868237,98.03524030219475,10.5471487324326,1.9461737283015665,76.7514606384392,17.822062883354054,2.147234852318142,1,0,22.91073310885824,7.982212027795191,90.8772269408351,35.2519850279098,0,1,1
26.639602798406084,42.45135076180999,67.49313994432758,9.181485158197457,0.5952545402548699,81.41466142407764,6.428714906140343,4.716085600276562,1,3,9.808021837126617,5.619466598163325,78.96204625132643,43.25740380100464,0,0,1
19.80074809389582,33.458054292766434,88.59143855913455,10.224514011854012,1.9144086892423835,96.09393966846746,8.120115465641518,3.360537701755697,0,3,11.69597254495503,4.7047505494889075,49.47132618392088,40.64835381612998,1,0,1
15.700562889845578,41.66286843620206,72.68212371706878,7.560695898092395,1.1920941081125285,58.934647614315665,16.168045995951225,5.944884362615835,0,1,39.22625490519438,13.615846539991702,73.46300710904515,78.03952064238,1,0,1
37.68640841850531,88.24329909671644,71.403090845001,11.651429837029974,1.425923245866096,64.77762493176088,11.902342616492076,8.023655917676738,0,1,24.624571672167907,17.915820051537633,92.3422859731321,50.958664500723465,1,0,3
28.75569026645672,48.7779391896394,60.57630070264926,9.180530981486545,0.42405779554133227,98.78946681720574,10.958288873532984,9.445333342132253,1,4,16.82732496425615,15.098839392286873,44.17089652310578,38.93833621180102,1,1,3
23.677343159179635,51.1298943800835,66.5170361784536,10.987944427711497,0.9160078974116873,68.55964933242622,18.532839350668905,3.5545850313840015,1,0,19.993818471421527,16.695830760330846,45.023274018896814,94.23541783650904,0,0,1
42.002495490494425,60.3581492965798,75.46340557498476,8.190274160856681,1.596413506310552,51.12808253786638,10.720499219541015,7.688185261384068,2,4,3.9420028950937347,15.627675352690744,56.41646563975409,96.95717413110621,1,1,3
18.484168806015767,88.83385378899587,65.84393802954695,6.601268094303148,1.487094276423233,57.38217463185794,10.298773591746198,8.97033103553829,0,1,3.00091040291504,19.582953329960386,79.1357395359194,39.70031109368806,1,0,3
43.67756486865957,36.91208935050341,109.29292202054688,10.042269886325093,0.3202439292894678,51.3169350874276,0.840371825327193,2.1236668934529694,1,3,23.708309732015394,15.156098536526496,50.68051056823592,46.116509731691224,0,0,2
24.419001521320585,67.68974773727037,75.43163242619754,6.0465578900245465,1.206539961120178,99.49615712103642,1.3883391718027527,6.27339005294694,0,1,20.48016145761266,4.2045703694054755,88.98203225902986,71.44845037244912,1,1,1
41.65211016926044,70.11892854792069,66.5161973351164,8.85175785939305,0.4044868376947165,63.94354244956115,0.14840615761300358,6.506616777386231,3,2,14.366127652137646,15.831969309490297,85.02581060769761,40.53554946489319,1,1,3
33.08828629438385,62.512709175514615,69.95411564139789,7.156811415998756,1.992748751061784,96.17713784681129,18.264884515672673,3.4514659207237433,2,1,22.64455810045458,6.441387219696018,73.66029121767883,41.10141850325283,0,1,1
39.80122079224462,26.200483774565086,89.38516141707382,9.764253026612174,1.8202690299332656,99.79431378798579,8.167733200354013,1.2026310364827282,2,1,2.9070379774868904,19.915997253257164,46.964062262220594,53.560322921617306,1,0,2
44.52039489631393,67.38105930793034,63.202176193239424,11.876519238827113,0.2868911557499397,79.99206105715571,9.371227522668251,3.3103265183533823,0,2,37.759646857261856,7.533452402002931,99.29318969873187,96.44192330076037,1,1,2
23.65216313456237,24.486629772532282,103.12170650705784,8.786417437923877,1.752636763079604,51.65981575327809,16.90773895184924,6.262611465171327,1,2,11.748467511368874,5.855875116944597,69.4020177737695,97.37095374493879,0,1,2
43.83406456222779,61.729985468492785,108.07498396185736,10.904989539154,1.8590018009772133,54.07958151934635,12.18492620751556,2.767984411721211,1,1,2.8711516268799553,4.784319710178231,67.12438887203677,88.9251774877759,1,0,2
26.68445684707261,71.770682405522,72.33737103336904,9.046705121706726,0.8687093894860464,74.07945275539389,12.190031927811622,3.586106616473201,2,1,6.780170902964162,13.170293041167396,99.73414478003895,78.69990425503354,1,1,2
26.565357142107672,34.767892343396525,82.50476342954298,8.975040186624145,1.5091278963335903,70.3086006455743,5.930688587096249,7.3713021408215305,1,4,3.818956579300674,2.184421767750624,91.83209580828017,80.44713560997269,0,1,2
25.21161312763517,78.91354052799419,61.10672255147485,11.582540959072666,1.0236815558636132,80.30886528908837,16.678167478490384,4.58484032413681,2,1,7.144180174387249,19.071197634659438,67.38206404188888,62.87009901611806,0,0,2
31.242228220427556,22.1247663873103,92.03551123636107,11.33979521248009,1.3966568480086021,71.9423904855682,3.3165995207898757,1.5888284822554466,0,2,16.670162193064474,5.886253572862743,65.12817915617632,67.11082397088842,1,1,2
19.624351295354614,79.06690045608143,80.69630290262944,10.714802791127847,0.845555457521835,96.70384246357422,1.062991843458958,4.592492957981545,1,2,29.52203575742083,5.908012220769445,45.754562954019164,74.41168620041917,0,1,2
31.611344560740335,52.223033544993555,73.50292330507779,7.777534519900705,0.8144786641082196,76.73698577067555,3.832067150370646,9.997920683851246,0,0,10.893933898201592,0.9213219141411821,95.59070478334478,81.19006462462124,0,1,2
31.25114437230012,35.231155795215116,70.34185553083043,9.270050494343643,0.9927593055007633,84.6863030731221,5.354744375491293,3.349463849500675,1,2,17.437064877665755,4.9203503574714835,90.62649086315187,36.77923207573859,1,1,1
37.8570543781461,29.364470149577762,92.70115388293803,7.34338339983411,0.504743577641877,94.82426363212483,5.646221157084135,3.387308756051648,5,0,37.15029151552945,8.379587113524753,58.60014957279465,45.742090677568854,1,0,3
40.00949885812757,86.73150173076608,80.81085155161573,8.663500188279238,1.7044931877619196,57.34359379166037,13.410271972375352,2.5289777319346203,0,1,11.832869573039018,7.392127804484416,85.19927725412663,97.40602339118752,1,1,1
28.21324050937272,25.08659113068097,68.9829644514956,8.905278394558744,0.8602213168828641,61.48673270592643,4.35649174657287,3.444736444310813,1,2,31.788790130588392,5.460398428724405,85.76376557643545,53.459958582240525,1,1,1
24.069997480544814,33.9365393955148,94.4554540743412,10.989840241015985,0.9502617193352291,55.365933023700755,13.53316608989969,6.1727797307306185,1,3,6.312674899294657,0.8148767567839643,53.674643033596894,48.7931947565742,0,0,2
22.780046919512834,44.34756432031322,88.25361415183468,11.376170191949958,1.814595572228753,56.98191996149561,1.8226434646759948,9.681419188161334,0,0,7.132869850289905,6.011627472112848,76.81932819632098,59.53379184870262,0,0,2
20.838715101146157,63.41643942727843,102.9336027464748,8.487720374378867,1.11909167461055,75.62919834671166,2.9440492219581804,6.469257450452933,0,1,18.246114939050628,15.566618765262401,55.30172820473268,50.36445253032834,1,0,3
16.729427465970748,58.13607596932689,65.87379494382465,6.1062266704394235,1.2024443413640102,66.05896294837319,10.176428969819899,4.688628330499916,0,2,9.364090018655453,8.775845706189425,87.3931631161547,36.382613478629864,0,1,1
25.273439365041398,28.79504446886198,99.2833300972228,11.170643038736127,1.9238717183599223,71.15864197633775,18.437916051532852,4.5067026616639945,0,0,36.12112295177041,5.815506951974272,49.228582148974844,44.55727923329423,1,0,1
23.107430763923496,40.280958861675025,93.67583934086295,7.045672071008164,1.8017711705037311,99.1244915897031,17.19135177622228,1.2180329615024887,2,3,2.0300916449391115,6.095842682959156,80.13435992123664,74.81118583076332,1,1,1
43.99252157599222,36.71262397602169,65.75054684140488,9.73129178334236,0.5465667405547692,57.83521738979741,19.375068848856063,1.0228807197991023,2,1,23.890902645753584,11.088751529878015,59.560702699105676,45.62277899369129,0,0,1
31.731264787501317,34.94799981432389,94.74103649358604,6.149825402604787,1.0781263023566838,77.04060353990377,13.009581305563419,8.174741922815777,0,3,24.169175845980796,6.045853554781495,42.17092345211611,75.33670376863847,1,1,2
25.418311170915224,48.78010355359909,82.07736444399151,8.397038851563385,1.9497683979999545,54.94355775268255,13.51629732832184,5.411445962632774,0,4,2.6410371007779077,12.615946397323892,47.42227865265359,37.0056626432429,1,1,2
32.41402802981088,69.28220168141598,107.24923927779216,11.915761812692098,0.9016410219000547,65.92481566319393,12.500459978629841,1.2988847172984683,1,3,29.302568594835652,19.7890902745023,79.29394829101564,32.9313444714733,0,0,2
19.175901040370867,35.221705255206516,67.08056753089497,6.604161606622819,0.9002529399033501,76.37629618372993,12.456378457163947,3.574243403113274,1,1,18.75590178048784,0.8235279550761132,54.39485819331894,90.30973778614344,1,0,1
28.321312476066087,45.667521579208696,92.14166954078689,8.542158911997854,0.5913029056310202,97.3315872982669,2.942406901351693,4.210136954885787,2,3,28.92293493979234,3.3747351139473736,77.86212235508029,83.20183368791851,1,0,2
33.787029642631914,47.36421987888136,79.0990022731473,7.842899701139713,0.4500654497084691,69.56141106417415,10.874779123278573,8.04960000985493,0,1,33.0769994374028,3.5821509057804812,64.88932996007722,76.62193779924613,0,0,1
29.66693495377354,88.35195706047871,107.84073352954388,11.430528740329585,1.5455333838229681,53.24533481073349,7.721358669034515,4.909480328794604,0,1,12.915974079627755,8.9414063586403,81.5628078325748,32.162946305580554,1,1,2
27.053364019629726,86.82664498153483,76.49874476451382,11.216040647444132,1.5975533202276537,69.40807239801585,8.85074431554587,8.103701573435753,2,1,19.379435317419507,0.8283742410674888,69.57691733112881,46.75477546076175,1,0,2
44.815451666990946,76.00963079264531,108.10929547459,7.426192561837373,1.9457726861302498,57.28705879369889,10.472011461184747,6.703606457819155,3,3,10.430431190720455,9.550431554850334,58.51282582967026,86.86200290065824,1,1,3
41.409442864467806,36.91612445734296,105.07429255503746,6.4871267223025875,1.6034818690843853,61.49948066457226,2.567923436045032,1.2982258577448964,1,0,8.0605385408934,18.57849516153313,48.74915079145611,40.126736554098116,1,1,2
33.702178744783204,24.76261198641688,73.51916176553281,9.762830364366705,0.6758668645587977,80.90453115824953,7.189754677042397,9.718198336626862,3,2,0.023790321706296247,0.23128177385403959,60.46589514527682,86.89974079256345,1,0,3
32.08132083546848,42.18328964044373,100.17708884132139,8.018212271302259,0.320204012004902,53.37119331018408,1.2689912175320717,2.632897330077949,0,0,38.545260483193495,7.29877734370362,78.09364467560519,70.89634847964261,1,1,2
33.61981439473752,38.675618460368156,109.7802100901753,10.032506343636378,1.9745154226469053,73.23618781250187,19.593362608447983,3.480576055372826,1,3,17.63713877318593,15.217875442219295,84.42841031184612,81.82578574578855,0,0,1
21.039363234672997,55.414806010247574,72.63315010856411,6.192718536406887,0.8457887172013101,80.47307930053822,2.370560576402523,8.283646256691926,1,5,0.5227909223549609,3.0898900066763013,49.620380490399434,75.11549549158212,1,0,3
26.85413229792956,74.44095370474551,81.83885846616599,6.800395411064937,0.7959501992567364,71.09291961837485,5.17049477089909,2.708558776787139,1,2,0.3575431027219267,1.5511800505308426,79.85634453328703,59.189270605862816,1,0,1
16.18378598672698,80.08260572152005,86.00903682833798,10.11823339663586,1.8354216170614193,50.95631753118652,17.825858534067944,4.6097900533655265,0,1,11.534102742047804,12.615570745252771,50.75677057909074,50.4384144227847,1,0,1
29.2663811246048,79.1404859787356,74.74655679019321,7.274223931814987,1.2739248224537256,99.27596784514327,9.654200924782836,8.784920963379683,0,3,0.5575071484047367,0.19901818099015367,53.30916060939901,77.0910425013593,0,1,2
31.290737518729895,45.17728928561475,60.76324198230149,11.14552605457441,0.6260245542359855,68.35578836702676,2.712744030412606,6.735450485815061,4,2,14.980584706341933,16.035409823394314,71.8790344168009,86.4839017263426,0,0,3
21.832492083096287,68.1064040422478,71.00646220987633,6.351545326260813,1.8059184247534192,88.92885934666334,7.6846107607869785,3.7187253953771013,0,2,2.5175400575579143,1.3370550713219753,57.35213811856448,33.13128453133032,1,1,1
43.92086541496541,41.898393826695404,74.09684421708792,7.2928918967134475,1.9883814963458009,66.28232460937267,2.3173598838277165,6.796447493732005,1,2,1.5700636460123896,10.487085188407217,79.6957264741892,56.59362536066814,1,1,3
42.28363832811726,24.263388026462792,82.17998506590936,11.991361490910412,0.40168748201395377,73.75083784967094,4.004319941690035,8.313620279837505,1,3,26.775255762982,14.802554204554543,97.3465974544923,54.55108489259041,1,0,3
36.664297063677175,69.10956859220596,68.5551239206701,8.598456615520757,1.7589403495293527,69.42318213054983,1.0405969389969005,4.635003543380687,0,4,36.273651577715384,4.840219774929548,48.93353208024365,69.16295883209168,0,0,1
31.001598862960876,20.68792867988515,103.66271783458363,10.21779398126786,0.9334024709476895,67.12696147548039,8.764549890981998,6.14507216028532,1,1,16.375463332091172,2.0708032384547503,74.230649938565,37.97475394714598,0,1,1
41.099074789430546,48.6427811220942,95.2455566365668,7.095978293142082,1.1671267813867328,51.09256886038894,16.132722434505197,9.891349163668545,0,1,33.4708172110373,3.5124553283711224,95.39795096039157,95.33935870974955,0,1,2
18.919570314703886,43.0565488511453,64.2600238779831,9.659212409913227,1.8509279575887163,68.00104689272517,11.71938357399791,9.681065587485971,1,3,1.1706184454298851,17.09367143870017,50.59173859909674,68.39571879036758,0,0,3
38.71529382824655,68.53642769631966,92.50462255699657,10.356636410216511,1.953413592606455,94.4744995199765,12.126906109692236,5.5813358074355,0,0,31.1076022388073,14.11560583304048,62.01105420309149,94.66269629986452,1,1,2
18.744624419005447,73.63718309322653,92.68282382028102,7.886859815199063,0.708786843215399,84.51966692968418,4.011680601664807,1.8652713085971977,2,3,2.5119996929156363,3.9619609843019554,47.41701009938723,87.18586464231555,1,0,2
38.82631987648216,41.286624517989864,107.81105868218138,10.973382671855266,0.6224888491798491,57.27114295477199,6.87787686504733,7.306138799321533,2,1,33.537576927894065,14.322415942619891,78.5222630988369,43.414720362062695,1,1,3
23.273027047540708,76.81389101113975,60.15104356780806,9.620505470833699,0.3909039775351457,79.55775023113696,16.90484207681664,3.417587083721786,0,0,35.294653794882564,14.172363404173735,80.14857566168207,39.263730860507,0,1,1
41.31271743054567,40.57417323534536,72.39662249029035,8.334738057690181,1.2331462421587416,94.61154299744358,1.7571236865302908,7.025274353279734,2,1,31.43895369529257,19.95450196211921,79.85093916613823,90.28751680006496,0,1,3
43.32126281476194,51.24284519905929,106.38957396876577,9.34585436005895,0.2738076920386695,85.00170204824278,17.158613073370674,4.16580038396377,0,0,32.82996097645156,7.831120470518249,72.52762290180073,67.52701558089534,0,0,1
19.46387908215347,70.89129689098937,106.60669576991415,9.460565084615546,0.970822020817389,57.434219617834835,9.673800525295713,7.468825946337682,0,0,22.459382653292757,17.297069882855418,84.77565206786633,31.38199235285289,1,1,3
28.880268151961808,68.5044160457352,96.02932096853186,6.993211756163197,0.37842202914101497,93.39162483672484,16.742948626502347,4.305903024554775,0,2,10.595397703306077,8.9288537194563,42.152637782798784,95.39587239075517,0,0,1
44.42962134488055,89.115793061854,98.288166052377,8.416394219201797,0.9591451201263345,65.07720066444327,6.360128387888007,9.470757496415978,0,2,25.729240106438667,17.955204472339336,97.45080924671836,63.11198795751451,1,1,3
29.502223079194398,35.76127169511523,64.57414789648236,8.060583528116958,0.3198813312148162,72.70380721561709,6.7768590316604165,2.2300558521200333,1,1,17.581665963054455,1.832009981978986,53.32577247576121,51.065541122667696,0,1,1
40.90642567543635,66.36225394777077,85.69379173891168,8.405416335474756,1.7116302060653457,76.30713798445731,15.032097366462855,1.615643534100005,3,0,0.21346243676183985,3.5062526025048824,47.293718121504604,66.1618509819453,0,1,1
32.66194566393959,62.677733579304416,71.57914956444998,10.566663530911548,0.6170432393924903,92.52533021890977,15.699923467844403,8.03079187524956,0,4,19.0730282573934,16.9990872613338,96.4681625765159,87.60428733039086,1,0,3
26.259897237588056,84.05689181430209,69.06090218068087,8.895230444800035,0.824540243126346,96.58037475738305,4.592893559802935,4.611933641128745,2,1,26.047516982021822,16.3860064821079,89.82621498169499,37.72049145250533,0,0,2
23.573506665776108,30.945349915141254,100.51516495616663,11.641896919435586,1.7725839940611858,96.4826438895278,19.45742649643811,5.190180309906658,0,3,0.5553463876528308,6.108675837139749,85.8922251575008,55.125303226627274,1,0,1
21.096692732582618,72.62587145108532,66.75190683402737,7.762058480150618,1.5559656073313588,50.39770906392703,1.689802084896579,9.404355341971822,0,1,24.854413444326305,11.935966362669088,46.2847425363389,52.32066712718908,0,0,2
37.85394574133092,59.778803138813785,83.43258184981926,8.494221469709574,0.6333171328736024,96.09442427927286,1.3700592620426177,6.309286461503963,1,0,26.101276248674253,7.653994442040721,88.45175282056995,88.77546640197033,0,1,2
26.596215204690836,39.22661088515338,106.92891197930166,10.721740862874249,0.3758239826506181,52.719348300078614,11.910084305722055,6.941535834457435,0,0,6.3243031295558705,0.206346986070427,76.54141138058696,84.49270931840485,1,1,2
30.338263866022537,53.21044399030219,69.29160277826713,9.276147559924501,1.502429109496844,63.28868284087177,14.454815355432428,1.1751933376663408,0,1,17.24296740626038,0.5220825313425403,83.9145166607107,58.00728242038525,0,1,1
29.769764400035456,43.364361794885845,108.89967118691173,9.282168878546686,0.9337294637041913,75.74939273639164,19.217722584499477,7.034629664075228,1,2,38.5733040355653,1.0851273096315284,98.68421678910354,76.51418167651919,0,1,1
32.31837087699394,60.551938195192264,109.71439928805296,6.320040978031101,1.590639998456887,73.9962844502197,8.098915615977232,4.49517642339065,1,1,35.3675691119913,11.881443086511574,51.66647062708002,57.61118376063473,1,1,2
40.96731436873657,82.23004275702661,87.78085773412015,8.391597976310734,1.0292658516566182,80.23548969436959,0.5058281797926623,5.141930162713973,1,2,16.43285691433011,5.584554706110558,70.26291764911181,69.99196868213636,0,0,2
44.422180307502884,59.85134890885414,68.5071370088579,7.624402394530395,0.8555042227014837,73.97231143685029,12.057926788928139,8.272451071007158,1,2,13.993850720966222,2.8789659662978107,85.2011167875469,99.38507062375835,1,0,2
27.227526257214507,64.22056928286088,75.80524439704479,11.996010736986692,1.039609464371694,96.71878398202104,5.793920411975437,5.714142334136459,1,2,4.963227239074239,18.82262216887775,66.0193810463019,67.49021270649023,1,0,3
39.82556766318909,56.31234929802966,81.22464163382676,7.850130423793861,1.5599782249236842,62.02744241072935,8.658942423908044,9.881837285963115,0,1,1.4075633816063915,2.426373341624317,43.279184975092505,99.20023129813548,1,1,3
37.93583383964153,23.581585451183315,75.46621121791115,11.306979208763181,1.8288855014456546,63.70123470192429,9.769389644998705,8.171300159254782,0,3,11.898511097683148,13.479634328497553,46.68633393253127,82.30393743853205,0,1,3
32.205868543667194,36.3000989813266,74.03177899382578,10.057402410242865,0.3370925940300072,96.03689678465281,1.2902522147606765,7.557323934255331,0,1,37.61133388328953,17.883203656453173,76.12551835273737,38.45056031841978,1,0,3
43.68141430835799,54.440121060245794,108.61148546081787,8.045498455152543,1.1671951971471715,53.836975687262814,9.719635691282056,6.298179914476335,0,2,38.34453805334669,3.2765933447689943,57.100248783445394,85.71763180202427,0,1,1
21.01423546585208,41.71646986212933,67.66824137078729,9.261206270244742,0.30746200089678577,80.47804109524048,8.526393336086295,4.711570496780935,0,0,32.50077362305105,4.294593644574302,48.2704388381556,41.28999490288706,1,0,1
18.27792630928864,32.7234518432836,96.66639543584311,11.043215279695163,1.0697167037926278,84.08679760328053,14.250885305731863,1.4758510028119565,1,5,14.03299254079438,11.476270671519142,60.39351985147495,67.26300258706289,1,1,2
40.61885900866267,55.289298934290684,60.02051447195874,11.300209788185471,1.7992449509195756,75.27708617148697,12.913318224246893,1.1664631668748557,1,3,5.7450573152844475,10.168973727575954,52.05885592268713,72.92716641259332,0,0,1
28.174494499012447,42.59668554134952,89.80913347011884,6.962363250036871,0.882782966235542,84.71159394115686,3.7043143630112207,1.4208288986993374,5,6,23.82133902422717,10.42054833772535,41.43636799448647,92.45613186535522,1,0,3
40.40906562621181,38.067535022139026,105.79715019770262,8.037438847249017,1.8817882368911256,58.63773230059835,4.12277836420794,9.629527455200433,2,1,25.860200288247256,11.093561880361772,49.108839314029964,44.729694717998036,1,0,3
41.79270615586245,52.47897922082666,74.39670470466095,8.011339081281431,1.3535648253885664,92.631611638577,5.020123575487466,3.908909033758821,1,1,16.982942769824163,18.998058319220885,92.98467765506035,91.31594506547039,1,1,2
16.87372780857214,29.32989806575212,69.27629876288596,6.252268776455669,1.8847718516377612,57.00128447349428,3.5790088059435465,7.305485341002052,2,1,27.66587182234561,1.0767608393389994,40.722236950162966,95.41456431708107,0,0,1
41.50394288958182,84.94220131527851,92.58398974392135,9.589426559111379,1.5750415944719094,70.0406222157875,13.144263993369343,6.348831438802336,1,0,29.867275426069412,15.208970413896383,86.43101821564574,36.26411458816978,1,0,2
28.449571661082665,80.73914685434673,95.63007036491966,11.128920317953128,0.431011541635334,53.76288006541029,19.88860358400541,6.145009384939629,2,4,31.3224665429912,4.650128448134668,85.207666352295,91.96995826084157,0,0,3
30.312974670126966,69.53344100183747,94.40152594759907,8.289446326953106,0.6545148932346849,77.26055394087001,13.042166810318731,6.213174075019828,0,0,20.09192445430029,7.473553403447641,73.85426130153935,48.14260340254229,0,1,1
33.797775332796306,27.434967931191935,75.9658440010687,10.440215669905061,0.9397982955211358,83.48729037128196,12.133630923825825,3.720662410335131,0,2,31.665631102389334,1.7858224593012806,52.50686594250224,35.67006645674962,0,0,1
42.791478201902606,74.31140781287851,72.61012010796654,9.76620248160444,0.5476870435211331,97.06108175476453,8.19855866702145,8.97879290948418,2,4,1.0190570507782715,8.912535383070871,92.6835534580139,97.1002049142827,0,1,3
15.573482832892921,76.55701296763132,107.79593999810221,8.253892412958006,1.116095308359156,86.96680979480004,6.251605177195215,9.272856040753304,0,3,27.216174669554785,16.08438504550243,68.50453412763659,57.45424410747136,0,0,3
29.305304049534513,73.74352324000364,106.16497541349648,6.8463587969537825,1.0748942724776085,77.05514582270756,18.221475138129584,6.800732067310859,2,2,9.425358282019193,1.9748067706590988,50.39237374286412,73.60884535958787,1,1,2
35.631661272916816,27.97761209834688,82.86583049464102,10.255943116655803,1.9234535965479171,96.63085085851668,19.38003748284306,8.775542988876929,0,1,10.82081166750613,5.51207196440598,65.74135554935357,68.70111838567206,1,1,2
36.68120873094685,65.07355699474353,102.30969330771867,11.127391013647443,1.009023795067961,73.92184190204382,9.935523511754557,1.539829152276358,3,2,3.6520682642692925,7.4612341735405,51.69503366465516,44.92273472618827,1,0,2
35.77597294611324,78.4027357024579,82.6161738817148,10.11512695440895,1.6248469075039962,78.06028265494348,5.80400991013115,1.903521256809959,1,2,7.695690543727172,2.0779840617528467,62.560470467795476,76.86960097169455,0,0,1
19.033053882243657,60.41473808537674,81.21945090362553,6.107270904208908,1.8983434534900898,79.80492638350479,15.402444153395354,6.031596021343457,2,1,39.68032932008012,15.246336199538671,69.80126626060722,33.228049230508546,1,1,2
23.981867651150438,65.24851626596623,67.83814737996474,7.2973973663459475,1.7847304542044746,70.49898629432835,2.649135817337569,8.618563367185255,0,2,16.61560522253901,15.738940564348509,61.59405338212299,44.21664484183953,1,1,3
25.761465762510404,52.08544355984143,81.32030282459864,6.4168799093011915,0.6151683428952857,91.9241345282912,15.311764752873632,3.8388646106273656,2,2,37.110615947547416,16.71789995559936,79.42265644436206,96.12646256537612,1,1,2
39.13311623038515,57.00951239188368,86.87084692999035,9.42231659745736,1.1180523149437025,59.25879694225296,16.378967486226774,5.932503245426784,1,0,6.515981127711923,11.677924096126365,96.1550682453063,96.74552672135366,0,0,2
23.36279617243659,22.406380084620764,61.12521637143432,10.538866073042474,0.85854461901787,77.7421095185804,2.4980788925433473,1.0896447833567273,0,0,8.162353683940783,10.144776417087517,60.88896085881781,63.785863426941745,1,0,1
21.321148916016096,64.72741153812993,82.20565025877032,6.663475122411956,0.9497527164901272,86.1116628093597,19.537229375931275,9.879670109148995,0,5,22.31253415260285,5.25104890942484,61.34437083018914,41.8350217239645,1,1,2
43.72344057114289,25.701304902381143,99.06781091976,11.03002692356031,0.8814119459300647,95.19880859382886,19.710245807769567,7.902827814810129,2,1,13.981301635163298,13.103159345810955,84.29814823613592,59.513404272446735,0,0,2
15.265898553404067,50.45102160381563,94.0023028187135,9.333053870372899,1.6961286178062571,94.19591982171391,18.734389586547024,4.252772318657644,2,7,25.756608342991846,8.89126971311087,71.83545589126508,91.39495833043296,1,0,3
44.93462567045935,40.48585683671855,91.75784944319675,10.13981407285035,1.0412433464642832,75.4370144715071,9.920696188125287,9.847115475905042,0,1,16.881863028817214,19.415528121547766,65.73036637724447,34.919183810522895,1,0,3
35.304638965721864,58.179956514819914,105.47777142186013,11.828411091651876,1.1664650814282043,82.15807255816708,4.921482845536569,1.831851903680849,0,4,32.46388949861848,19.36358993948913,88.82849130739015,38.95080040144595,0,1,2
39.854078983473514,29.339143486624494,60.9016004912615,6.502085929486184,1.9692828748323805,69.71188680646506,11.64018561763826,5.177581888335634,0,2,17.26236284684335,18.104102636351254,93.46216403148468,92.69569920992424,0,0,1
23.838581890385797,68.41503813813227,87.8523793096117,11.407344137866735,0.3549637263351538,73.40888814401,8.398676769428715,1.5296615650156318,1,0,22.89396729753056,7.201782760286639,75.43519636283102,59.07683804849215,0,0,1
15.4294583300118,75.65080758499292,99.36744242048536,6.756616175924456,1.1039258696338103,95.31328962865248,4.118972894343942,4.014685193427207,0,4,12.84292800094915,7.359449107081182,51.10619636533036,35.84210235996633,0,1,1
37.1360855568459,31.434811482020955,87.06676913506337,8.357752839820094,1.604607987155703,96.5351996596237,8.473528192356952,2.974277618477222,1,2,28.16163949754616,17.053463280874315,67.97715334011868,39.74463540217871,1,1,2
40.02433791002027,27.30191611463175,76.19477762901896,11.108632177986685,0.5145334268293964,94.77070290335098,13.27779671355181,3.848957678630141,1,2,26.189368358628563,14.582698634829324,70.26223972888805,91.77137245725555,0,1,2
37.21428395860558,30.186083795115138,66.81252825459889,11.43752542042721,1.3201802905758544,56.91854309068191,1.4182662157198211,9.526683844411297,0,1,15.880041310962309,14.087219396360876,65.93244142665156,64.30723601371582,1,0,3
19.28550861902516,81.39892933289512,104.37815359080957,9.038230041270872,0.6690633641853169,92.5042010665318,6.668360028920331,4.844682970541985,0,0,11.041284111623861,5.592220221682316,55.745912731923056,41.409601550287114,0,0,1
37.60283766770907,56.97324832294493,83.53811961938015,9.56462782965255,1.7679571981429931,97.41818655107402,0.35589780025650386,3.9237473013432913,0,1,24.56417499281196,16.666972231089517,68.33930846343127,92.58418284496807,0,0,1
38.06768346322923,52.70826972052518,103.90575984928506,10.248884007591343,0.8224244144501387,68.06248472868023,14.989910109233513,6.76695142046402,0,3,37.72606596844031,11.588411445258863,66.79276912586138,89.16952224251301,0,1,3
34.75621547010165,27.4698273371648,89.29260612165842,10.996552010716286,0.8258599295765917,75.93231447108346,12.813825352334016,7.150322719599598,2,2,5.305720961064062,8.937311484771461,52.56961143711632,31.61163455518128,1,1,3
37.98347798386759,65.46892047298732,93.70960583075004,6.729067017225997,1.2968392874063137,88.9547627906498,1.2534426940393173,9.853919796824243,1,4,31.964664733822417,17.308442482161517,94.2058391401639,70.66930754246303,1,0,3
40.377643190331966,80.7599714326563,100.2130577189225,10.860415849375366,0.5712350892098402,78.10390687828243,19.294751192039357,5.914519950637334,0,0,21.719670912323625,7.884195275642281,93.12045705084807,47.10356552664954,1,0,1
33.408123427123755,77.9730108526417,92.95777723000671,8.8876569030697,0.7485551180803568,99.67417608531247,0.45243114254201355,7.7730727943459685,0,0,21.022387806954367,13.078516237355311,85.57698570703539,67.31950683863951,1,0,2
17.65814141909037,63.82382962865609,79.90274203394688,8.703740550649014,0.9791057377089701,72.78566825784142,11.799212929521772,4.4394851733332485,1,3,38.467365903039166,9.31810364008278,64.05679465673688,49.54878325437315,0,1,2
29.628834290016325,25.269510165617156,85.68166919643255,8.543398511981989,0.8688662604951931,85.69713556036888,15.527349235981116,2.5392938161932945,2,1,24.234991902742273,11.854756123421124,62.22051447352814,52.11133966243797,0,1,1
17.32948004014815,27.867791902320906,100.152276233794,9.055269511476256,1.1685351315097692,89.62955700982721,15.75792626089446,4.868518864993386,1,4,33.22071310994072,0.8109294329695715,82.98792264375787,72.12967727028064,0,0,1
27.226290930972926,23.45162909768773,78.68251481864921,11.670303320367621,1.299370252120691,74.70502078792197,0.6857027118640757,4.768982548223587,2,3,20.57908995502786,9.222303263527682,76.48715410018413,67.72014244374091,1,1,3
27.21319467376883,38.02354515447285,79.40607283842485,9.28922263675291,1.241668044062788,92.8491902855688,18.128302652808785,4.785521425237869,0,3,9.994134690203573,11.129826149935484,76.03589943680547,57.66346784465651,1,1,2
16.980295324207248,29.49630270122644,64.78450580290006,11.719065229578835,1.3947945459858815,77.30772956035982,18.369033438542445,7.258786839174664,0,1,27.779610858324382,9.854386694992119,47.4466916496914,37.52975802803109,0,0,1
25.46461601908438,38.20336281767037,105.72922176108739,7.081740783693844,0.7885616540636854,70.58253984008157,11.227807463087453,4.6534808014620035,0,5,36.927076177760156,16.948207450136376,77.09702681772691,97.8596729005731,0,0,2
18.329942963739445,46.95406390032731,64.55181574727209,10.344815872995799,0.4712458975212991,55.39118369259735,9.641663977742922,9.587464564467489,0,1,33.649203824403024,6.22247949583633,94.11178066740194,42.22238853290359,1,0,2
39.24705630027667,86.0087948849795,92.4104588724278,10.873437231652483,1.5814131975043848,69.6706788175212,0.8973492612519962,9.844747141458429,2,1,7.934544249603386,17.681530620090808,45.148988240226004,74.31820714694729,1,0,3
43.43064077893412,62.72632418471844,80.65972394013988,10.074772988009173,1.7388656696036935,86.69682273666422,11.239082850197374,5.710252864741991,0,2,12.675564762486008,8.069239398137809,60.35027794424724,35.792133389284515,0,0,1
17.169494257738158,78.44816499780737,80.28096951277212,9.641533681359242,0.6997609063892565,96.06432058400537,8.187581635404616,6.02599608291986,0,0,20.675226958947107,13.890534645213126,70.54085748682434,78.1818982781933,0,0,1
43.653456218751046,69.72460504986326,93.97759182863419,9.388876686517094,0.9624109232765345,62.58397019301552,15.456128148173123,4.668637345690366,0,1,22.86413180944261,1.734454560145955,81.16056968988923,36.63878483687319,0,0,1
30.677297980102352,27.875219136864224,63.354686631493934,11.165582895472177,1.1224961296862217,67.76177586652513,8.077671337721757,4.20034223509068,0,1,7.75256457834113,4.003081671376454,45.37809577337507,46.06558390541872,1,0,1
23.986970338616217,71.51442844617642,89.68528914757172,10.929879582987,1.1833219748176387,57.69804970522131,13.671616666494195,9.867938823597383,1,0,9.200493600606583,15.223320222825436,92.36837159733065,75.28896395646265,1,1,3
17.305862258284904,39.25692170913871,98.60158929861774,6.733732327083597,1.4041077994033908,84.53614471144844,2.028162924750616,1.3659118181713996,2,5,30.353242761417455,0.24657371077280832,42.43273722448909,49.805463436104745,0,0,1
30.018728042112535,64.73754928962944,101.41063789432971,11.09152594218527,0.32280565837181235,98.00942150049627,2.659045415319339,4.690776094655201,0,4,29.212696668597697,19.370554782941987,91.46138000843456,67.29955706035463,0,1,3
38.83546633472246,43.86733815500919,68.52651946968876,8.484411716642654,1.5125848947845297,82.04761099240878,2.794203812983167,2.362063484643598,1,0,33.568352585155644,3.8125780212643035,41.65910535191531,38.71537753361865,0,0,1
36.212594318000946,89.83705842852615,104.87095250390868,7.5221809799748645,0.358449262213968,80.85382650031131,0.9105099959948704,7.5365224149633,0,1,37.317192291209246,18.026079724902463,49.21139825964134,44.168037748634205,1,1,3
16.506780343919214,38.448603564774444,92.8073045923721,11.218611408083556,1.0695049934275187,77.6744965250217,10.826577185396076,2.7500110898394006,0,2,12.330444756107667,10.318900564525714,88.01942962922041,81.36431357782315,1,0,2
17.187055061037107,39.53913295419888,104.09274004103415,8.59214879780245,1.6984244872460899,54.42278703427682,15.87935452087272,8.961811555576945,1,3,34.38379826282318,11.291507337942601,91.6098662322267,32.45972021975629,0,1,2
27.086198478979114,85.14705788936789,84.26403585550992,10.850188141060901,1.0396267982371934,86.47519132146918,12.208224073873321,4.370301786892172,1,3,26.640471651047456,1.682635759420501,98.93594975717355,37.82601468999361,0,0,1
23.858714821438298,21.725108324542585,87.1016672548601,7.580421671735067,0.5109070603444336,80.10247717746753,11.499097711057125,9.254338596069745,0,4,38.31081695567198,7.304375083147356,46.94288970062051,45.04692130274478,0,0,2
21.971529691681436,68.76822915112379,105.95191385143356,6.023575928533306,1.9738092287604294,83.07383844281435,13.61247856805473,9.879062770767241,0,4,10.882966240936636,3.124377215610028,71.5870669654379,31.413339137299673,1,1,2
23.43013496726141,70.77284735151147,104.99547716773358,8.972755157417666,1.8062495586299607,94.94055465137109,6.792906461440296,7.940542724795596,0,2,10.786860065581024,10.518629887218856,44.62934959238143,36.676508895432974,1,1,3
39.10448229890654,78.54650041872796,82.4080436684501,6.601369539857306,1.5997988581437745,89.19803935305089,7.2390814329645785,6.608422442397979,1,1,28.17173794770907,11.01464291343899,49.38445755783098,49.697403434536085,1,1,2
42.876841608955615,88.21075174469327,73.72063158178409,10.526255733149458,0.9701453050736182,89.0457626077263,6.285401964418451,2.3491149823194823,2,5,37.136430961531055,14.193338991686206,50.4696314743818,36.50422161081997,1,0,3
27.15308083582699,88.29213434096567,79.6585217282132,7.656450816416462,0.5717300220562711,96.35918844396738,14.242178657071511,9.397543025018436,2,1,32.98223299145739,17.565563158463668,43.80329508754512,90.62836010209065,0,1,3
42.18333006397491,24.569373029652475,79.38821642648749,8.661873879620872,1.8974695674823772,99.49674757314997,3.232806713415486,7.991799912116302,2,6,29.081582311734245,9.363596325397214,93.57878835570023,34.62516533578084,0,1,3
24.64487103743646,77.52875259270317,74.34334374913969,6.522201390549325,1.1816144714049932,79.06413659805298,0.2605056062584876,3.5924120085935343,1,3,15.492367922295532,4.667207401612132,47.58133108086159,90.26885894247675,1,0,2
29.293109590313748,65.24169535601669,73.42898021664833,7.719955490683516,1.741622055678099,55.444080801558286,11.923928934449847,5.216517409262128,1,1,28.71069338807896,6.67143322883299,77.76045058073942,87.60020602421864,1,0,1
21.78086993447999,65.3139494061164,103.05314682398597,10.688941459551431,0.848666260078995,72.95649538877183,18.84762729468411,1.6089850531711583,2,1,32.04382305723258,16.941796258778744,77.54482387378849,37.0533116194371,1,0,2
34.21428126527532,28.984494863028637,63.49309603423308,6.9095274714139165,0.8367545548890736,89.38005732308221,12.188158339926094,6.931002901680084,3,2,30.131427191624173,2.917269701575229,51.918712321972734,31.763391999033804,0,0,1
44.36943345524426,65.51310165119574,93.88055910497971,9.882957366761744,1.9746958411795683,51.38626623809246,15.658433058817902,2.1273820183206045,2,4,27.07243193144492,12.545121566773648,99.90467567414687,33.499441042671975,1,1,3
33.104792881301364,88.77378064208735,68.64100257282261,11.504555116827007,1.1632078348659871,52.84437191780745,13.455814189320602,6.863781564047748,1,1,1.8852500676281192,0.2617176768562035,60.84206639175318,71.32646452016299,0,0,1
25.734422523406465,83.82729986776128,77.22529466970316,10.079020558546322,0.496216991756306,53.35788911914106,9.948733070460325,7.0439829521574975,0,1,26.388597324592347,4.913386569084855,94.30566225780368,76.92475371420022,0,0,1
34.434523379715856,50.73914625633954,63.077151706741844,10.86613013575336,0.634430686490738,86.55178791641555,14.36784803567692,3.9216614667644696,2,4,19.131786219316417,11.82816995002919,96.89708393522471,73.44573738723619,0,1,3
18.687620353961627,22.796358130026604,73.4986818427731,6.653829775823494,1.0934024889372613,75.0583314281586,16.482082477104434,9.537964111773832,1,0,38.46277086198742,9.128240800053415,96.93932885798179,67.90337963943286,1,0,1
41.65977240796196,45.36054430001434,98.4210535558621,7.504390956012327,0.32432409335471984,68.44489717602968,4.49463288343396,8.010662552868586,2,1,24.28759533508284,9.870989804864628,85.17025525610336,42.22788634406424,1,1,3
30.092518523395093,77.84732181203887,104.25076622736293,11.367233113443547,1.0594344744120259,55.2808522630868,6.722609609662911,5.470602895289761,2,3,24.32909024941197,13.21124100919212,55.22830031871898,88.86677262446901,1,1,3
28.480492261189262,69.10493710256162,71.07635759511835,10.290633681708535,0.9831464736402233,86.61201251029445,4.474514650065677,9.267122685579691,0,2,39.76220749478999,4.691720488371349,47.23932110861548,52.9288455452174,1,1,3
32.57594365360558,52.154055891576945,83.17739196294609,9.837322958263867,1.6138384643091022,66.05099052754498,9.04345911180882,8.70258937561239,0,0,3.743511591236217,5.616098806530047,74.19309862925331,99.03247372790197,0,1,2
33.74351588368207,23.857107461118176,83.51620239686032,9.9826004167302,0.8711484378561731,63.266203503233356,17.70129101833335,7.229964031815337,1,1,11.052651404014115,13.689164148556927,61.60234786582063,56.940045852593336,0,0,2
17.15327418679539,49.882630947631185,103.6787652879867,8.485203325827861,1.969460332694299,82.61596007767756,6.904142016706647,2.37668782925541,0,2,26.243177558761026,10.765828150877379,89.86234070915347,48.41033907820558,1,0,1
35.47851663670207,52.83174578025184,98.13995264379028,6.267339789705919,0.5663473587765805,77.95054462984208,7.489337782611067,5.473665329681776,0,1,12.609450241374986,0.2917364851765525,84.6994031570051,92.59755696472163,0,1,1
22.257950409465888,84.99888730258952,85.6538609184025,10.706649252424373,1.2842266986942361,68.12053209066508,17.207344693438635,8.779805853056137,1,0,13.846005917164877,13.406555905708824,56.5880977704047,69.71899142337233,0,1,3
36.41857897519769,64.87602725075116,93.53736002358866,10.072279417292123,0.4069737697644456,82.0743735402794,10.307486614893504,6.480023921636533,1,1,35.70579759188434,12.401840815045562,41.020914021383724,80.52953081223178,1,0,3
39.6760438315259,41.81570416582542,102.36775269546834,8.836826784676347,1.5342619719894686,63.56107601920591,10.708979992948688,5.909603003074365,2,3,23.174156201591863,1.5721514759654753,54.23894553705472,58.58791483290713,1,1,2
39.11875522657561,56.772278511550496,60.47694770127725,11.398557692209545,1.9908189541084502,89.74151308021634,17.21602406664426,9.597017802684746,0,0,4.1146233121661835,14.950389896819722,74.02693505453598,92.08408541605131,0,0,2
31.575029022236674,24.623871547551204,80.14450155250243,8.016957989910594,1.6834926160653563,61.465947515382695,9.810534740509464,1.1489325884995651,3,3,12.434503429304872,10.442029178941414,44.73984833275565,94.24076490890292,1,0,2
30.605096769322536,88.07977649548158,105.36215836385394,7.765930465387416,1.222481196260527,57.94188476910078,13.631150692587905,1.1084174644023719,4,3,3.042335059976722,4.094945679139192,79.4963559829969,60.57382517818403,0,1,2
19.28627884018235,45.20419313515082,97.01565154219756,11.236777950476657,1.098297375449461,89.12197047494374,1.7128933174812144,9.035384681248111,1,2,22.24519733788581,11.187127362328546,80.30177708633799,46.85066847581324,1,0,3
38.26038451209406,53.450714843919506,87.14206871670373,10.781925928553914,1.711302432216982,85.39460153489665,3.572634262537706,1.346834935227033,1,1,6.930727855039587,11.909170283420066,50.163635341592745,75.33699691034417,0,1,2
23.14228141340143,44.86987819658458,86.48222635175668,9.089878863890068,1.8879546482437675,59.13194878508992,8.087524014324911,3.9928934233468816,1,4,34.28460600100425,18.402374583804743,75.77909404512585,96.8209033674361,1,1,3
29.900862684538396,67.77582110813401,77.38850488022189,6.7844084367471,1.9811114201466626,55.8122876344969,9.896781356397497,9.316229336136262,1,1,23.092561058259996,14.842888511023409,76.41828567767402,73.5712521701059,0,0,2
23.528222787825502,66.35625108307151,86.02602668207572,7.290428828790315,0.9439436482378472,91.9199544243346,19.31467402472459,7.220373344337424,1,3,2.375025677243787,6.038487089823985,68.67868878124324,96.79557068854155,1,1,2
19.014850889990793,70.07256173703949,92.76915997317266,9.93736794245284,1.9841055808903965,88.8299241098344,19.4130326609558,6.833430152775493,1,1,12.035026544972759,2.362659351283851,97.19474845173244,54.06655754808302,1,0,1
33.88673090675209,38.770026072834455,80.91815192143966,8.31024742704247,0.5228709413042051,66.36286868498321,17.023941749575233,6.912984836400818,1,3,24.653506689445074,17.063681441615618,46.48979081790998,94.05553495599125,1,0,3
16.629961044687114,42.09679368148462,95.7076573196087,11.018839149995827,0.693712107880841,82.90987041066833,6.311976705711491,3.858786809641872,1,2,13.41993272775313,16.921353757508918,64.3975401221752,37.87967826916158,0,0,2
37.459357023786,28.767586176734557,103.0616113630193,11.699730055993225,0.40577821828431837,56.20800932739054,19.280565816648792,5.77480231911323,3,2,20.52706674375823,3.506200294479145,92.97524633518967,55.11840932563776,1,1,3
24.527603857833498,65.88569802922788,67.73424240924305,10.83382155164951,0.7255424038478429,75.3523829523839,13.786817293524251,6.669757576421784,0,3,36.374491787309424,1.2426237039577326,63.17884104757656,64.6129864143381,1,0,1
15.00404079013456,22.78579891349568,82.57735114087123,8.265272537973342,1.5938907153315194,50.936514603020996,7.858802556348008,3.7514379312245136,1,0,14.001438820251133,14.237292996320779,65.4783765403201,75.71772367766044,0,1,2
30.333874177116893,61.83776348664213,80.40100456425405,10.732118575388544,1.742617626812287,69.58009404607778,14.033498339695328,8.158275242237135,1,2,13.43491449879152,14.451636616729681,80.09643282621715,50.58974714641085,1,0,2
16.405557255828093,80.87871193961436,94.37324020248641,8.1086500408241,1.6130621289295006,53.74214107357025,0.3304545957305316,3.8957352288896487,2,3,32.79027365250795,3.542875074107581,79.93381297477491,94.69675103036101,0,0,2
23.285086734626987,82.35825038027434,72.49337326289647,7.002600526593803,1.3543651117934685,73.75735900784413,2.9230936454842715,1.6429973815047751,1,2,12.750260916670797,13.364237191149108,41.37411750632592,93.24473464359119,0,1,2
36.20929462367148,51.43264322589732,92.01254574761381,6.200359229195144,1.1494413969146298,71.08408234264472,16.593714231127354,2.813091164057023,0,4,3.1183337656156906,5.578474893938576,67.34184556677724,85.95356290758937,0,1,1
16.880688648655976,52.151258174915164,103.8744620865744,8.31430027656612,1.4902325061238813,72.2192513319028,12.911472737463423,4.675693765704079,0,5,7.237798169499796,5.212340559376081,60.01071068190457,38.00537674942125,0,0,1
40.18015477068007,25.387842810561217,80.90657998968113,11.421355822183692,0.9339587112176382,52.2665651023997,7.2838940258376805,9.17250299329752,1,3,37.95201003185204,6.49035868180685,77.66171482880716,35.48036657967994,0,1,3
15.114597679757493,66.9535517810125,105.550784998961,7.4339195265340585,1.7222896151244782,68.08081706409162,10.013332804454375,4.741855226852474,1,0,37.33171170310885,10.407927330337085,73.34213894171629,64.86920185835393,0,1,1
22.404716076057067,77.48815942609919,109.65818694667392,7.239078989578704,1.4350826644593746,87.82419245499582,18.102842992915342,1.808234214166386,0,0,8.99248363112591,16.089078466572456,79.05169762682186,83.57406289871419,1,1,1
37.22712168456214,37.125853822329915,65.30460249739761,11.818924711446241,1.4711582223652149,68.445718667681,12.63156218958173,2.7681108997094515,0,1,22.14007492394743,9.972875017792525,79.22604319036023,38.62651250378829,0,1,1
24.488104491879206,49.49106171433553,71.65265939924294,6.150024677103553,1.1878879879758748,85.75859763047903,7.962985678686605,5.900207376812881,0,3,5.494724016920114,5.960853912481488,55.29231167845802,74.90062268552131,1,1,1
18.056771641980404,78.71875357356893,107.51898757410466,10.714692902362525,1.799150722369552,68.47393618168667,2.4065331479507,2.5989040423300986,1,1,26.98710514046143,17.679485974236986,54.787885874151094,66.94987737716149,0,1,3
25.80701756401284,81.39843273636016,107.91638432406934,7.928219734445222,0.6910257839383418,71.16197207450932,5.87493603251122,1.575591509448416,3,1,7.412231840392427,1.1017991488472934,62.21694370138919,80.81925938140606,1,0,1
23.111798591535766,37.02259861849582,64.88536376933793,6.224927741217956,0.9170083933818387,78.19460564146331,19.566804655931666,7.433456188404609,1,3,1.9916169168641584,15.941829677961607,54.51750763220164,60.476265831638756,0,1,2
40.281357064816646,58.5399444178955,60.749925018856835,11.506815241257502,1.6108744969359559,97.53409684035412,8.74726125703555,8.059126557659448,1,3,32.995872288351975,15.687635158437114,80.96848466912002,78.53076180540063,0,1,3
24.400437527554296,33.4745205445079,68.05500116282111,6.837853981257502,1.112310568226341,55.44302233233276,9.436789276897217,8.655699116893398,0,0,13.016015308945029,5.0709362030868625,76.17195851346754,41.17260700388447,1,1,1
38.66797415328021,27.131513489768956,109.80063916911242,9.310675702354173,1.806124523492334,51.64568843305869,9.971960647940307,8.595407452232187,1,2,4.3408961424038806,3.9659036504055933,52.98322039852301,45.021599126214014,1,0,2
41.756164344322045,83.77843509743703,68.99998083053434,7.644325244577287,0.8561988095849915,80.39785919050226,17.682080458964222,4.413336220597382,1,2,33.35615803448901,17.494011229911944,93.04628852798147,93.23338446698031,0,1,2
28.014522587295886,77.43552529624765,85.12738033610115,6.391156813108147,0.8963277954343783,97.45485444642131,12.078565687706197,7.610229838831257,2,3,30.495899101845936,11.177425871206486,67.6397569042681,53.05625527082195,0,0,2
42.298294315631765,73.20244312622216,102.42088632152556,6.299534913980274,1.8052876314265944,99.48615662773574,13.873540729038442,6.25184973535317,2,1,27.350338017278727,0.9202271526282924,47.62319339749998,98.98540703855855,1,1,2
26.319541618895784,23.41364231691983,61.02008053441032,6.693340193018033,1.0626480603185717,74.20821236960009,7.78827085098208,1.210278716499218,1,1,36.44994839378117,17.816650329342853,52.77793528549492,33.23432183550653,1,0,1
43.92235249470325,79.06101548971802,90.22444911292297,6.428202083336281,1.1532180223543518,73.40408105425492,0.581752371779487,4.614382987370799,0,1,19.569043474825406,6.980119687113476,72.39103378782073,64.7113070467035,0,0,1
17.67868573576719,50.66308531337686,73.85127244348122,10.563348693119536,0.8323365018374389,82.24818853725981,18.619458284856886,1.4759106331161886,1,1,5.1222599034719085,6.843131076200528,60.3054409873357,52.74910151124469,0,0,1
35.61057799509729,43.967658630710176,103.11674582198657,8.913397213700575,0.7341723988133934,77.78173786024848,18.98255361832813,1.7502044989626881,2,4,2.453856395804781,12.865758743197466,91.0733161956681,99.71755259356458,1,0,2
29.81442121370786,58.253345271776354,74.17305746320396,8.057352548093878,1.397910243967186,81.70440288070591,18.98306106696102,1.5040220242904128,0,2,12.737640718386345,13.226218855971517,69.6841244441302,99.3024329455234,0,0,1
26.62946416366941,26.39472699064891,94.33778601409544,8.510213460792043,0.45972115769710675,93.69997127689471,18.87374173293433,9.648518844687915,0,2,3.4732332054966486,7.066322416568296,94.91768802606421,46.46703042970525,0,1,1
33.98135636245803,72.96525845466792,93.71098162236984,11.57368041343574,1.788727122070091,87.31530847438046,16.304838821391222,8.597808917206901,0,4,21.420377613883414,2.8655785579376136,46.109588856301286,48.70798157774952,1,1,3
36.11571274902994,60.770455382180714,71.074677442982,11.464510876428882,1.6136054893389389,74.84386958433979,13.691921002326538,4.951940297501621,0,2,0.5799607129263151,11.045395267393447,80.11558797968549,82.4770553101933,1,1,2
15.130898089509273,33.06130678112173,61.73995999341751,10.294058880735461,0.5838094614851549,73.09322295000848,16.89019836534571,3.23197720988119,1,1,17.750532060375036,12.503583293504803,93.14709114116134,92.27721019760035,0,0,1
20.00859266241596,33.17625398383319,80.46247868926986,11.308094264530126,1.4645349051929895,81.9800874256558,12.010924780020725,1.6520574657073923,1,1,7.138411594143417,17.204447301179474,57.57582853343322,76.45878914984429,0,0,1
36.391381519029565,32.8974056100872,74.45965759829349,7.917888165525749,1.3046076122498609,72.78531422101487,2.6873922778404724,4.8807662634488,2,8,14.730721754686327,9.688799747301317,48.141255778917284,90.52962685429543,1,1,3
34.991562407346194,23.990167128635377,100.44888748068543,8.286655956049696,0.5729363387891272,72.888967563282,7.824363300828421,6.403175929518239,3,0,27.001362990827566,12.913921591364437,67.39868427869189,34.43047187770097,1,1,3
43.981425153860314,61.145891456017935,100.01820942276726,9.682273091125367,0.7281061355879068,50.81529508932524,19.42589823945875,8.173929908005892,2,3,14.038550842028062,1.0881765563175039,97.68005357965704,74.83699369776156,1,1,3
37.83113370752349,78.82437243119557,82.85119760963127,9.741755683783584,0.9657263815342102,58.70320687036542,7.022756271913126,1.4640488755988015,1,4,13.653595488008609,17.89045800412324,78.00771553019922,79.01196224194874,1,1,3
43.52318123194014,21.224874979117203,90.32561126616095,8.890199028074045,1.4736747866795792,74.42568199978766,17.35655827462739,4.760830157649989,0,4,39.63002931358008,6.544316264134043,78.63861826181436,43.32233441452988,1,1,2
36.07621504604421,23.430325147989148,90.21297579934625,8.40394709062772,1.3677659654297605,91.13267295251845,1.8642294154973915,9.791717010701625,1,2,28.752588909051447,12.644422486846238,80.29007527183532,84.45791465272238,0,1,3
23.941566259183297,60.093919368086205,101.35790742138117,11.91708186965217,1.1814109834342212,63.936350336356206,6.683676847509393,2.0864848187135605,0,2,20.554468474002054,18.32103262626483,42.38568253562745,96.09856187909492,1,0,3
18.160947667525694,77.36469797702367,81.25012070615988,10.926741756706345,1.59471845044956,76.13217165655745,7.019066494547593,4.602694553073036,1,2,23.17502603990318,16.21051568729374,66.73898807946355,92.85765445946461,1,1,3
38.45471590034806,42.87172233980435,73.77233398952545,8.609881187328272,1.5763910443107905,67.24810423796161,1.0320508621796032,3.4754979125412566,0,4,24.807305260752436,12.754077149557313,44.654320626502574,47.14771925393373,1,0,3
34.32447664427748,44.47300791654055,73.25174590702737,10.36375486343741,1.3312535196089479,55.24019947697945,2.3818866037350994,2.2063541986567867,1,2,0.9830159576336772,14.072156561401705,58.95152976231722,52.67948465805303,0,1,2
16.445580371798886,61.744254824774316,86.80961396411021,7.617370159514757,1.627232645923444,97.91492415356504,3.8633042224354197,8.550511194168884,0,1,3.2105836210099037,18.418102319299525,89.29594146021265,64.97279582623725,0,0,2
25.80151397702935,39.19490223869029,82.45741013661063,6.6010159574239795,0.834960905863616,92.73369351251509,16.75631181620226,7.274036893095778,0,2,25.967574054266073,16.2418636029359,79.37619698362175,41.08528289963988,1,1,2
43.703994464528584,21.862585625437887,82.00603854924681,8.114586153316445,1.7921866745645598,53.92462122334532,1.2680397987961278,4.704008358115738,2,2,14.578754353932549,12.197181210743137,99.7343619241189,96.77672141813929,0,0,2
30.012034371306036,71.46599626711173,64.55686695448536,8.417836800740364,1.3260926501533963,85.98936312341422,5.9740180268877445,4.321605544684306,0,2,2.2177616092770025,13.174054124192526,50.32926546236062,41.31176407975793,1,0,2
27.98187408059114,63.795493905901715,95.93018703450977,6.099222747364025,1.6891361491717536,67.378995217875,0.20350005178535024,8.449738835216202,2,0,11.900529842065044,2.945368483304238,63.8232541711254,83.2996070593235,1,0,3
28.73098815477882,60.652919933896136,70.68683439909553,10.888752009815377,1.2059884333829969,99.74249035308964,13.912554908060494,1.8170546108656551,2,1,5.211336816855607,9.403353595411994,88.57841297937607,53.89997058196501,1,0,1
21.26648172015491,71.91788902942761,69.84768151043608,8.15516041433509,0.6322669287301906,65.11992599144888,12.406061800867596,2.3214995240619354,0,7,36.65255368905285,6.019952953673329,52.94149614360545,70.16045583876178,0,0,1
26.061215125943857,67.26615862934263,80.63791601386967,9.482508994680883,1.1992177251870402,61.93692226813,12.899645241062835,9.158950072841844,0,1,8.1170157021246,8.639412689998327,49.2233107797475,33.30216770760531,0,0,2
26.094397679615298,34.411739172482484,71.38891708089007,6.443779123625736,0.8994454116090291,78.39452741527026,7.487655694292375,8.354859886456559,0,3,5.747647895762098,13.244937470615126,65.65675341962957,44.35083002761267,0,1,2
16.570650605624174,44.67367328603458,89.19291336540077,7.049980972503504,1.4706233130649153,91.7563081671602,4.165356425351381,7.973899863141101,2,1,25.046752683544664,2.983021872035112,63.02358940945009,61.10738668248486,1,0,2
38.02702885553755,28.82770991750375,78.57316696672358,11.338162351965359,1.0826391355357876,59.6259435909899,14.406404265720667,6.615783318734338,1,3,20.876477211073308,0.34751927322513865,98.8123564542011,77.4033852068352,0,1,2
27.49513295711637,29.08999093925167,82.44558612963951,9.652125167296806,1.7131974086234534,85.47013848596657,16.222357454813903,3.632050464160482,1,5,23.03729816143168,7.938488064654592,67.37509174159905,84.42933483476159,1,0,2
39.6653966044927,67.33370224495775,86.85846608020144,11.701704301022914,1.4366268965633542,53.070329157056086,2.7720299619640354,9.413079447343764,1,1,17.43792592161261,6.4436862897611435,91.65678058616521,32.10983624343116,0,1,3
40.510440033596865,80.10200748877487,70.17677612409024,11.992500206347902,1.447952757804817,95.94673715552486,9.736588558748426,5.4268193956120445,0,1,18.686772437285182,8.408641194034146,93.27793115403338,40.67431512551528,1,1,2
21.359821640959744,87.39128087027973,67.78758114327648,8.231160691998566,0.6300218336093637,54.05374580736494,4.97431363957725,3.5255757804796195,0,3,31.15190223388518,18.62441840737961,49.47230284566456,81.08542170824776,1,1,3
34.72060446510386,63.98429822846111,104.02109514368024,7.792818384499648,1.9724370913597582,95.71156881720813,3.3621372241226744,4.290171459516627,0,3,8.796887393026696,14.141682024296873,82.91828807490728,86.91387980684114,0,1,3
29.16845412488945,32.88709263526699,81.68618514157106,11.150136330954581,1.7229316162251054,74.54036247263514,14.686506269899981,1.1515691367634115,0,3,15.861172113249363,6.5491754919832035,56.6564283526842,46.56000691000503,1,0,1
41.40470213764455,27.39552418142515,80.60468048162696,11.991668562224724,1.6307585479812157,72.40455563979599,10.76193870945674,3.2964315564524114,1,1,38.313015397117965,3.585576444734062,45.68433809575777,46.07571329042564,0,0,1
21.472220375293624,76.89956800757304,61.780607513642074,9.777847405394745,0.827876644030048,98.66535397501883,4.323706647573355,2.6916049779090727,1,2,7.599428047441807,12.36956588513873,92.48229466609521,36.16206076312161,1,0,1
35.33439600930133,60.512953345199946,84.89881512936967,10.770844335069134,1.1873553924826559,99.51920888491095,6.200000224230902,2.22000977864075,0,4,11.750943801674683,13.151525030190063,57.54598245780109,40.52057829179047,1,0,2
33.23256366758167,63.27995147096039,87.70848608055,10.690475152891647,0.4899305791300751,82.50890629805059,19.333073426554847,1.2892599386213872,2,3,7.6626769714396215,9.6724536775567,60.721940211448604,30.56111243175723,0,0,1
23.859044327154983,74.70234621282964,87.94204354773332,8.132038249317283,1.1923329591597356,56.35596459285242,16.973591294171133,3.041878990757138,0,4,0.8198198543254254,4.255215492443202,59.4393421911604,71.28818678445262,1,1,2
19.098027109535177,69.22940594127161,95.35155846614421,9.445622281542523,0.5053061813457527,75.30850428276013,17.598934857462567,1.9316684626336422,1,4,10.793197001666815,0.5711052167306074,52.0177253772022,93.27239408626022,1,1,2
34.549192814318296,78.41207769992677,68.87409174955059,10.998341647585281,1.2178162269818023,76.45815504778312,9.20024194161416,1.4062634039261335,0,2,1.858697838489567,5.3132139493454495,66.07020292171744,40.47032696767252,1,0,1
37.15792374396992,23.934973382191494,72.61115671153094,10.128683257566333,1.3852632902710849,75.72232140676549,12.476145278417501,2.235900331885543,1,1,6.187405056265334,9.14340998580368,65.69756924814638,82.60105644087304,1,1,1
24.468820312900498,72.32644457225534,100.53652326152064,6.12698288389223,0.9328429426873291,78.47459192600049,7.535354804088232,2.82163027174028,0,2,14.507282802704587,15.758685728849839,64.52509754267098,70.15610804257477,0,1,2
34.34497812066941,79.55969301254669,107.3585308421697,8.0202340133852,1.122453537079763,50.93623568971953,1.5542395137778109,4.743660926014295,1,2,0.8288486827583297,17.07507657690344,94.97786482939476,95.79453248292207,0,0,3
26.8539272283451,40.029452972082005,66.79663736836604,6.866854179567632,1.7823934284305254,85.56136407352511,8.021386213135651,6.253261176166567,2,1,30.118262637228664,8.258691193339285,60.38509772174868,85.86857657291806,0,0,1
36.396206498478534,64.8313091795277,84.88247772526091,7.397833272468235,0.43998550322991636,85.6197150976494,11.879615064142895,3.900392761899846,0,2,31.823560550781874,15.922481093670555,41.8227345006494,89.691031593139,1,0,2
20.976458246821593,41.991344468588046,70.70881263697935,11.432936864947955,1.6355325627493926,55.773488758894395,5.742885415362629,2.2713347393096,2,9,16.456552096734516,19.86705647102306,50.70622037444657,74.73995066607966,0,0,3
41.70645007908523,87.05797465377178,63.00365841774912,6.221359733464609,0.5488204642433437,78.51197212229003,16.959011494548314,9.462914462605717,0,2,39.386639174970774,14.332207497044587,83.28982459440843,86.7935283675109,0,0,2
23.622287893967393,22.339650070485263,76.27516690630677,7.318804271771542,0.3142389699080997,78.41805912178873,3.0220031834919725,5.633683409988653,0,3,27.159756592307964,14.571980632028136,75.45151637887068,54.560865243590264,1,0,2
26.033579632684585,60.58549906830685,67.18438125921064,7.857416113429389,0.5747555548038337,84.12252100952,7.342581788738398,7.676922994261669,1,2,29.74886991922996,18.19073003099662,97.10408822447113,44.63123163860538,1,1,3
16.742758562410494,31.655248293466055,95.49665367171232,9.70130443179837,1.588825582448357,54.269884606754054,2.4980781064840585,7.249916271419835,1,1,7.692016946645337,6.762882568338197,81.66610643145299,93.8763979863075,0,0,2
18.345366369638292,69.8554143624011,86.68627068357222,9.204610140515193,0.958970628339505,81.32516536330482,8.096642679704507,3.564070814149324,2,1,33.497504912868536,0.22410786114942516,51.65450040392268,81.40351146506944,0,0,1
30.475857081369846,32.31231983930635,67.19172354951554,7.309616897120317,1.7769109044808185,64.03759753731705,0.793226099485409,6.038757328434657,2,1,37.80185592086025,19.73954543351398,47.23865311763819,36.349202785666314,1,1,3
23.027780301839144,36.476828332885034,60.46207942027572,6.985446403338926,1.1682381970689653,75.3501495248086,5.450987901232908,6.419477042668387,0,2,9.45240666295167,9.809361553420477,71.2455865188686,90.68366694260177,1,0,2
40.064406772265826,54.60595677320307,100.40785245121063,7.420788207576713,0.2889381158710792,88.66617763520384,8.014705102273673,4.166119216749591,1,2,27.458571775455205,15.713551863246538,79.91576416854053,54.42327579849308,1,0,2
15.440801659648615,84.03844649978147,68.80972030821238,9.015177760209934,1.5042488168033719,85.28229681815066,9.563307265533831,7.03689908935624,1,1,29.877641946533252,16.249822752185914,49.93820427811218,50.87944533792438,1,1,3
26.372821460158086,34.82000605035796,90.3108321110383,7.627066714267221,0.4429075902621572,55.94515088389967,10.873927169502837,8.116088962951947,1,4,12.206766872381962,7.95033354160058,76.1015806229631,73.63194971004715,0,0,3
25.12036640307278,30.096801478267245,76.84609565383728,11.685615009646334,1.6314143585583678,79.55923935580367,5.499822595798378,4.277894956370307,1,0,19.000360102891854,10.825460934446365,91.90172103577945,69.80190452745245,0,0,1
15.57982892752803,73.12837822978214,89.27429691575178,8.783191328573086,0.544179462159065,98.45582654703693,10.460826692297447,1.1342383438815278,3,1,3.901563743228964,10.798310521253555,83.65413568558267,67.67797048158418,1,0,2
18.731051970015308,55.04336726337517,75.7826813491162,6.352776099267823,0.8545311751596485,57.83847186675011,10.180092431241196,4.144023438677953,2,4,6.9237921583803175,4.404320186885009,79.85146485290846,47.84140283814189,1,1,2
27.40928024755906,83.82495786672399,64.3469780346127,10.3755984350198,1.5822250018443806,92.64535438627075,6.3235610175241685,2.051340431199477,1,2,2.462820945887789,2.3527786778858695,87.35986327059547,97.18416258793539,0,0,1
29.7859375334234,30.263019001188958,71.14750042788768,7.973071729253938,1.9199048755837378,85.12740402768884,16.604006613129563,2.4004710026505105,1,2,22.40661962181175,10.871446098852509,46.244962543223856,96.50846466806732,0,1,1
27.12869241764607,65.21495251161275,69.40292832395377,9.920933592349485,0.9000094136317816,88.70016564548798,10.912822531871303,4.293545292506574,0,2,25.010515891090776,2.402864537029248,52.22988734867167,30.29135329457499,0,0,1
30.928130352362814,36.301540230627054,81.40096762198219,7.677566223139392,1.7014503853481375,64.09791635713228,6.6453943749309,2.868589883891021,1,4,36.644783337349324,6.921774477190263,42.28596982154735,53.64793404173959,0,1,1
32.853950247170445,30.973230005614752,92.91418917130787,9.424462450399918,0.5838864645827178,64.39444646899213,18.94677024161553,9.414000580482202,1,3,21.687392424944058,3.7216666328187697,48.69867672560541,33.18840648434327,1,1,2
15.297714633835069,67.84005906100893,73.19030374731787,10.632915028844788,1.6625645978543595,95.3009727888244,16.90224826142322,6.875226301037495,0,4,10.424454832323997,14.13832216565556,94.79094056017159,89.51741364169354,0,0,2
28.922854783605118,61.557923393611325,60.6034967650309,11.568052450647324,1.4006146036984393,67.99160160462793,19.651756231036018,5.665277434997943,0,3,2.3789418636447524,17.440177069999756,53.32869567503879,92.05627668076318,1,0,3
43.90497722662765,72.83792208536319,85.94686821323785,7.566762866598462,0.5873011376216448,53.150769534640524,13.844677492908415,1.0875190840875408,2,1,35.39812211003347,11.558292197043603,79.72583298075178,66.28087985803707,1,1,2
30.57096840388646,41.66238035123277,90.2879744679486,8.009141705993887,0.7793819306149703,80.0298351789725,7.564458110120937,1.932559689212029,2,1,19.154323141122134,8.20311614343195,81.4940349481227,88.77746241225009,0,1,2
35.32626802376859,51.3580159467533,108.14352470009048,8.785598521715638,0.48059905504481304,56.240883452092135,5.6172133335802465,8.09630062042854,1,4,29.492879577692847,19.93285281642622,78.71952756517528,79.23522210976543,1,1,3
24.355915737506496,48.383017343129296,89.47354015466235,11.563049026415932,0.9201922693625483,89.8298120703954,13.26635687348962,4.507693867355581,0,1,0.5859739438235589,0.42418270493078447,73.2352629241518,64.9701760049897,1,0,1
38.21974134458287,88.88626247765599,83.55862796890709,11.408321140863944,0.6063851219657355,82.08732212505288,19.616331649906073,1.4094387650671625,0,0,19.525556906576703,6.086821684078454,69.16782084680871,55.466797929231916,1,0,1
38.18764445628345,40.45742697175715,88.6700812948852,6.539269680603828,1.3769964188533286,93.73632526106041,12.534301602076976,8.430031844133199,0,0,13.028904926659944,5.573463052940008,65.1952505068505,48.63575177285918,1,1,1
30.63888142962417,40.63720668427368,106.39503149310136,6.7915789545228655,1.9903839323859778,89.24186248913176,17.632298819796763,3.7238141187764473,3,4,1.2132509045530737,7.124071961158394,95.01392179709708,48.16003961961364,0,1,2
44.280414698376404,44.818374618002515,101.41890728008232,8.973055063983828,0.2710160353974622,55.60568241690981,6.582068620955372,4.476660597768003,3,1,31.026912282898333,4.6119148231700535,40.57086165262872,69.3445068966314,0,0,2
18.766506442879603,59.5215856903225,76.1489366681904,6.639715636832541,1.1966096732527727,69.05353382172112,8.139075649485113,9.769321635769257,0,1,20.51606611574453,5.2852567086291184,43.20937756161492,41.6766178543242,0,1,1
15.50842994668743,37.66259209846217,71.86271818285687,8.073485240092186,1.253916545710767,88.72801249572936,18.125504791787066,1.1396146693103408,4,2,13.327209719645236,5.153542198346546,69.5507479301589,42.23543133210691,1,0,1
38.10474635271288,84.07029582654917,73.13168061830368,6.890312269304866,1.8498653819414208,70.86707366331629,15.137334039156375,7.491919538309588,0,3,32.23193935629597,10.114881015048612,59.83060490825159,30.727533822892216,1,1,2
39.214666120946475,38.597989540638444,85.22105198576065,9.816242130791315,1.1355093358421406,98.61827423899891,19.628206407358114,9.539957586806118,2,3,17.87693807400666,7.821105540688622,64.49381278619519,72.93296416913867,0,0,3
18.60621687361729,82.70710120921362,97.20247256142889,11.69697259043497,1.2014774843786056,86.78702249467247,15.495284194644839,1.5747362411769346,1,2,0.1399182547320521,12.785602039698167,99.87091117353648,99.60409299620365,1,1,2
22.96748498875818,27.243254455260924,85.1609603591481,11.980402621766288,1.0753924023246801,50.77499583451605,8.970314144364636,8.794693219286323,2,3,37.77790528153302,10.28802319735371,86.5080819517732,92.24535627995465,0,0,3
15.526570900998868,65.95938916797566,63.38981979140563,8.25144679498149,0.7205825329825924,93.99928457804182,10.621360396447262,4.746175241824345,0,0,10.227309618495418,3.6684370473946104,92.64447735929349,79.39828630989709,0,0,1
23.799258323416943,83.48898629067706,96.17903502199906,9.594075822687675,0.3480509831855989,55.04023924342788,18.010309849262732,8.90196864238183,0,1,33.22302088253365,16.200899578690155,62.11447385473684,84.98677084366011,1,1,3
38.194256217560145,31.81246068787607,100.29850643354769,11.137605921144488,0.9651509438672132,57.026186209004294,11.03293472196096,3.7744713360138054,1,2,32.65661536325092,9.443903966811142,54.37362640037061,59.17969013846222,0,1,2
30.53881583137737,87.78288720694785,74.47489325598599,6.704772436778304,0.34203507467118743,86.72462003055254,5.107947483288903,9.843964484499352,0,2,6.494957254429252,3.0646303581196555,86.07942809934676,50.86556884412482,1,1,3
25.44286779504864,51.701835229085816,93.20628696416752,10.13738646631179,1.213361821565356,93.24842797152401,8.712396255398989,6.823444687042588,1,2,18.960107248591065,3.337596858573244,88.45456565542676,55.80397973192785,0,0,1
26.15217884718991,86.20005759087171,81.32959505271967,8.45306197035041,0.787763875674013,76.8174813949778,10.326319776982357,6.643813243936213,0,3,1.6079591399397186,15.939368209579117,72.99390675845126,35.69954572110339,1,1,3
15.040608771464045,67.3774030541033,104.45596778637214,7.236876961680984,1.1838042026694988,64.45248664728896,1.9343966710225913,8.253130445931777,0,4,14.182066915538481,14.059863684462009,93.75649087883826,74.36566386207427,1,0,3
23.994015826957074,41.1110808911486,102.26127790803699,8.416521712484652,0.48501968769157666,67.56577726265877,14.875253485057804,4.9292746267783,0,1,29.2391537347848,10.13055905079522,98.03951540771955,42.24055155488717,0,0,1
34.393762249137914,33.18117674419745,86.27159991548211,6.455761721789501,1.8821024400438793,67.1444664798028,2.18707866709946,3.328026688975362,1,2,9.482778804414306,6.121630195046648,68.2612407058786,83.4014747812027,0,0,1
44.225833314490714,41.26145323575696,94.57527729067972,10.172442891535834,1.815412176212386,66.3339051904756,8.098354267376113,3.366371734471783,1,1,4.685117229692399,9.210440735941521,53.36000006684393,43.298352358466886,1,0,2
40.411824809516986,26.51121864838725,104.16748505110519,7.5164560124907185,0.5824938911039979,62.14548359108249,16.09244883080809,3.9754337574400944,1,5,20.284942037400356,12.729670742760868,71.02678642307882,45.96868176871356,1,0,2
15.707848939365874,30.070757644033083,84.78585050391378,7.868433870269268,0.8510274957645173,80.44335473146165,9.351407232265938,6.556173711167936,2,1,21.479455374945285,17.585646348590288,99.37199342053822,97.01139475633175,1,0,3
41.956818140245176,27.32623082425368,75.6625370244411,6.726487789448776,1.3236123507409643,95.02026592825337,16.84031039437016,8.545507575506441,2,2,27.033157252846323,11.117357353574572,57.5756115809848,37.37771384166093,1,0,2
38.49595239895878,49.60604806190904,97.68330689547906,11.187954683339349,0.41745086278533594,65.35412065416706,6.8376264411223,5.496200905850117,3,0,30.36550987210363,5.534705895475003,77.05595942396806,64.91897774722209,0,0,2
38.411283707129414,75.69048633803105,71.00331273923459,8.960665675696433,0.8704936869532639,59.3347148730706,19.15272587996871,4.63103407315716,0,2,27.832381250586206,0.854798293869572,81.63901984419684,34.388055518111805,0,1,1
28.739872770107144,29.896848795143814,79.4265574003021,9.432881266718402,0.6894465019332607,91.92888331857125,4.189368636104711,8.144629648219492,1,0,33.81648833179403,3.509101118334812,52.83572766071662,36.32736944575444,1,1,2
26.940158788635085,29.12243032206351,103.28636185533969,9.416596098569128,1.852154275254219,87.08916654448517,0.7652828997860261,3.607011161209646,2,3,8.916258571281595,13.003552413249256,75.30754736932994,74.34502534968989,1,1,3
24.087471864995777,65.04002646621316,96.22111701346574,8.462958687248051,1.7418936135061092,96.54185157799552,17.448530859808372,7.2013174213494935,1,3,22.790669848659846,3.208739336483153,58.87042035814692,74.15090841410098,1,1,2
16.970845768630973,33.802808737764636,80.19055026237496,7.155179492628837,1.2647072972170117,58.27598678024548,15.044054319008165,1.952246986538456,1,1,14.403814296853007,9.630791062869017,91.25257654520453,43.51841969269114,0,1,1
21.847060904810974,26.832702667629412,70.73722512041788,10.470796490990399,1.1606060895252548,57.212565705829576,4.639676741347456,2.0191443962373192,2,4,38.48449428006569,13.979100309527707,82.88521424236265,91.07405606808749,0,0,3
22.39810904934074,31.679400474390434,77.79841954161182,6.7623375921460465,1.878770140454445,77.07146971524983,19.69483214273348,6.796499290882178,1,3,17.61118093659295,6.164498028062216,89.57598564873945,79.15308969780841,1,1,1
29.52231209130605,84.66119771137433,74.20520746137166,6.623242741672863,1.8817486202129268,80.72168274175476,10.045602585370556,1.744754628480413,2,1,38.38855732534227,13.382117796145723,51.980943675517324,51.04274080098152,1,1,1
37.42333219790082,77.50298769433336,68.8044643971927,10.26087022557902,1.9463277193654056,74.00867209297948,19.02130880288327,2.395460475553545,1,1,30.76262616236424,11.621441232956373,42.07448234113406,47.38705906062497,1,0,1
29.214294851938398,44.784519364856585,97.16664567828283,7.2530221227119025,0.4694130471893284,79.94833181619377,10.100575427739987,6.61932151444326,2,2,28.73855448274796,8.778782138567909,91.03154108859249,82.79996771915802,0,0,2
16.73533348341482,65.90745371291749,72.60349434250858,7.840636508116994,0.5309761688355479,59.01898844375357,9.43749173542582,4.943833273911933,1,3,19.662548476873077,17.94490957768522,63.205252024985796,81.35367468928226,0,1,3
43.73369402964612,57.609297156762665,82.70837350838819,8.85136480201044,1.4342892226898016,73.98068770820417,8.9827707428893,6.051668075913447,0,4,17.735125370224086,13.841177808548874,50.78334471472892,40.418233807200636,1,1,3
43.281729572823366,67.39869844377947,79.29297234180545,8.696107900377278,1.1975103340672286,82.90462804698339,6.697505522659004,9.79248621330006,1,4,21.061927500736278,7.211940663051504,45.51372191603829,54.44314940691878,1,1,3
38.55568629445225,67.78698067239316,109.10386893178153,10.251474750389995,0.28231533356316296,71.63532246243518,10.674029943531034,6.687649341387635,1,6,11.74532251707813,16.085290670510833,70.99004836342547,45.16740726609085,1,1,3
44.73983704692662,64.0113810541995,79.55461220741103,9.740590760660165,0.3584563129816589,83.9723667908299,9.051093238971358,6.31765723826148,1,3,36.18039759353867,14.762044283393434,49.007677156716746,50.59009372601112,0,0,3
31.33446998400789,38.6270957976116,63.99912413983774,9.866376973691194,1.804140668952909,72.55956402769198,0.7349375324710827,4.421242732540879,4,1,31.773226210614656,15.833679310163287,74.00152146647541,50.129477374641056,1,1,3
43.88305050759618,22.73044945339727,64.4912876286042,10.284325983932744,1.770523892193926,66.67997904211387,5.20870466847005,6.677898354994719,0,1,32.055834173001756,12.819119660819888,83.63839255076468,98.32165899743079,1,1,3
17.268151218502524,51.889674739307615,89.53768606765324,7.755676364540792,0.875224113493079,65.18025235435462,4.262456002111168,1.1169957312886658,2,3,17.326143817977446,7.5874123167899725,72.10349029097513,82.51479611773979,0,0,1
25.970422447841138,82.36817192834927,89.96817758691328,7.933999870802841,1.8093385796284356,70.5451029494294,17.34871204642133,6.015882244083627,0,2,2.843557929768683,6.971570312085382,94.22198696130886,84.60364342551125,1,1,1
21.761438040202975,59.864808096300315,80.93794952413275,8.627986487373324,1.288931380196328,51.15448113411004,11.977399544536828,1.6200762445952832,3,3,27.323092717051143,13.083027215185288,49.33417746013827,49.419621568593485,0,0,1
20.8749925240281,78.26737291913355,81.59218461560148,7.844773038201156,1.6603348822830784,83.42625692230568,15.273662008994549,2.981550222445485,1,1,14.976543358856471,2.618000159338023,69.63720839502994,30.036895953245793,1,0,1
19.22408846678028,89.41370400728597,62.69662914204356,11.90962721382518,0.998004374530375,92.25528204901309,19.13652075498561,6.0680890196789905,1,3,34.817212498033015,16.398287009971515,49.791427563197935,34.07099034453927,0,0,2
33.672409246979896,31.45313428967934,85.82732551946312,10.884311558528578,0.4484470728535903,67.73135472215593,12.880785450528201,7.01155493658388,2,1,31.21353753799454,7.406707679961462,92.55411558679279,68.7099836659757,0,0,2
38.43965567241915,68.42443473993876,85.23697376901758,6.9879281295361775,1.0090223596305283,52.30165680708593,19.652199828094886,4.463168863606421,1,1,5.813125679590243,12.607439787310978,95.93435658106829,49.98367972288705,0,0,1
32.34895198261082,67.20055015900172,67.47746592784722,6.033564935291217,1.0502746464945714,99.33877986927789,6.235281033042592,4.7708192439045405,0,4,24.06862922154057,9.98127829866836,63.99975289857087,43.506822045373184,1,1,2
19.408881287646288,88.59688131507949,65.19196930554638,6.256699609483607,1.2141523392210551,63.184912772553346,3.725343646257877,5.4822016523249575,0,2,27.688557037087374,10.386529840493077,58.34489547092048,33.47486451314231,1,1,2
39.333713098004125,88.99205137669603,66.17862452997453,7.464380706257551,0.434769747582749,56.33105608453865,8.066197759858229,7.831671469701083,3,0,22.725503192974458,14.760122924026941,56.75896572575492,91.31172176008164,0,0,3
34.078641214911855,68.06750282068907,65.05141232456293,6.685747715021139,1.98495326033682,68.4876253986514,9.41598829871616,1.1586499443115055,1,0,20.56168704621045,12.533401073428367,91.58364075944405,72.00891429405831,1,1,1
26.644971183809865,37.0530354387536,90.485409776838,9.200028689355433,0.6772394364120862,86.92785203167783,17.9072308570517,5.02361198879526,3,3,9.11452300023765,5.006179766914269,80.94651547759872,37.51612501137801,0,0,1
35.223908866081885,75.89890866914193,69.82413262014593,11.14797133636415,0.5974667061899126,64.69582984452829,11.198808780733527,1.1284623811614383,1,0,9.436273776847376,1.4845186284747558,92.83558327923006,83.64828112676156,0,0,1
22.797149377284985,27.492039394772668,72.57150760937317,10.420501325479364,1.171905107997889,78.73516019597439,5.84361998836034,3.8722767456950473,0,1,30.72032554570218,16.80468134730582,47.05100976902698,82.90779137537592,0,1,2
25.355766254826314,74.648951292014,68.67860720757199,7.293654378493143,1.190114313941055,70.77799972185711,14.852685657350417,5.678637591819019,0,1,0.7475914225422864,17.69788149503715,68.5616756718442,50.258254871067905,1,1,2
42.52457529395971,83.71372869012875,107.89176522242515,8.395795536154715,1.0196862912081774,55.88819961383092,10.116638742781419,1.719273553007333,1,4,31.156402508223053,3.289930658346374,80.57074566790575,43.18988240897211,0,1,1
23.71513517014261,46.79833763379047,102.73087315759177,9.047365257187666,1.6008112560691954,66.51435062460551,3.2426389055034033,5.366921751787349,2,4,21.071949461565566,6.189541338390649,93.8254456451677,86.97873132975633,1,1,3
29.099648044738096,64.14447064881563,71.52474186757604,10.861235097020014,1.1541452012750546,86.24352528570333,11.536395751825044,9.321165132629584,1,4,37.44890609539344,5.646847638634647,62.92115283477932,53.069531285579494,1,1,3
41.70423412188044,50.10999124677784,76.3783146961063,11.03472961863699,1.3169670465037222,80.60019486657228,18.227890736145678,7.16808103933669,1,1,39.89286190891692,18.748971214803095,58.785404362616674,89.31996567566699,0,0,2
36.23164050802582,50.643553849168995,70.49464211524986,11.458309871446655,1.5165561744636247,55.98891899417805,16.8524523495164,8.040274046891268,2,2,26.539382604358455,4.095547638613768,94.77794255115074,33.055612913344895,1,1,2
16.86609678494108,41.7259622375684,84.59379797304119,9.055471503017252,0.2937939277367666,58.166120485715425,11.736199452706622,6.223727963949376,1,2,16.49028777680548,3.3307846419966403,42.851996189809746,64.95022642380849,1,1,3
19.41909132836911,73.34907343152273,60.98052662371268,10.165648478615179,1.2486273194538284,82.03666796537227,7.541663477699762,9.067230820425042,1,0,19.003436342427776,3.6367709949639804,68.7757293913348,42.57166969797339,1,1,2
15.235247723157505,85.53235949165537,93.5684004448398,6.670802227403623,1.7973403246496462,90.67077071604345,1.7395750212842231,2.321823628228242,0,2,8.168617106060307,14.597383521875338,67.51759363639499,77.04313692596952,0,1,2
33.92765370687491,85.85256014641227,86.15790749088208,9.391733759723893,0.2804303001195093,67.47372479790846,9.392978466632476,5.0480742988418195,2,3,3.969372959659241,17.760396884929502,48.763384833448725,99.80496330283329,1,1,3
28.43020276231255,32.234689941245364,104.93194641505517,7.492150856826811,0.9590686816516819,79.7655375921725,15.041588750591583,6.3732991094423515,1,1,23.150535732085405,7.8673482126653616,63.697006670882686,58.875772241885414,0,1,2
19.028245527068265,81.23205547595961,68.2196342164207,8.590301310159667,1.8708980378602025,58.532179437605265,7.205474394660212,8.861278074186762,1,3,32.21980391866403,2.721598087327135,83.355984399009,37.02173828243701,0,0,1
43.738023631703115,71.62020089989855,100.20546230305658,9.804303049840316,0.8680202039944411,65.5688168452662,4.708936511033288,3.7720922091590365,1,0,10.470660709168529,11.714439948166799,62.01210667325523,52.237118363100784,1,0,2
30.8897917183686,37.69861804832025,99.59805072333579,7.541915627122687,1.0527754423504216,51.01351028365263,18.62759438541907,1.010151799891876,1,1,16.786112409813995,4.198699166579523,58.57962877658677,92.40545496955575,0,0,1
22.256798823386674,24.70992290450602,66.35905946084435,6.313110346780567,1.9676974378275474,88.41379738997614,16.43111400915985,9.769726999388173,0,2,22.19094647107923,1.2830289473046963,86.91372987438078,83.60327168727449,1,0,1
30.018107134641227,38.759808681906456,79.92796120720638,6.061403138452545,0.5988167531635041,70.05049098864833,12.765512388402893,1.2337957371957833,0,1,36.31591279880229,17.724627567649524,99.32292466164412,46.25481633245802,0,0,1
35.38860998205323,83.8545765747068,68.50763205722585,6.1329572132671295,0.3641965809687604,90.8062786826977,2.7356668784103877,2.3713005451576077,1,3,5.545249106482242,17.41682552667352,86.76114243581678,96.75191035557279,1,1,2
17.287176539206936,64.32250724270406,72.73602502287744,6.050098425082618,1.7539895340072826,85.41864980113631,2.8981768081234605,4.798416965034564,3,1,9.475326749186506,19.518203205185472,90.78059728954491,73.55315542851736,1,0,3
23.241114451436758,70.47382626285102,73.16230874152721,6.662130339347253,1.769814347121645,91.43721328642386,2.0643918291155794,5.467328316980743,1,5,36.74121807143139,9.480095098122659,96.37004498875078,41.76345802222666,0,1,2
39.20896472651981,38.00066457763671,87.81181970128864,7.436932287420779,1.0761362106900232,64.28293347914413,12.325933337854863,8.510193616862665,2,1,1.5814237261876718,5.880023964208442,88.10634796456189,70.06254997123675,0,0,2
28.78994611207984,70.35717089023743,80.57054658802328,7.327329085093795,1.1498625553352508,59.25543652139226,2.31125592946672,5.0303615492409754,0,0,26.244625362394345,15.395674911408047,98.82125738900248,61.58938073647957,0,0,1
31.397314260968848,21.968505439454663,107.38664020031527,11.92077956507938,1.7126611468312132,98.59528413258353,16.85254397725266,5.926862229857746,1,0,25.581035328718063,3.6098986416782552,84.8370552854237,87.37883723414947,0,1,1
27.98448006628408,46.27249420411097,66.31850709735025,7.836036631253659,1.5424791217026415,85.86638935204348,19.859300036386443,2.799998837669078,1,3,15.330177345302559,4.865841536325613,79.69135307003452,54.09120207283384,0,1,1
16.316998279290154,63.872734397963185,108.68460674250994,6.764524700156395,0.7140107538797686,91.70211339633352,7.326963694173305,6.122428292259106,3,0,18.726587160284723,5.113652524147614,81.60091295497749,91.24848238858624,1,0,2
19.972493394604676,30.226759587892417,71.53193201071319,9.273375265006548,0.2795633713751573,50.65666868549668,9.073396939341949,4.135453686869056,1,5,34.19671805922245,19.032388198243602,94.00490960649904,86.83792705068178,1,0,3
28.36624916225673,77.61025021128543,98.64369681909265,11.14774473238505,1.089475284433705,67.72308101479433,14.233343539713575,1.888590531482671,1,0,6.599282533871165,14.596458376621479,80.9804890517079,77.2222415812,0,0,1
21.275563962237833,36.452190916834304,76.94849630864107,10.068362260726051,1.7530965706673725,87.14083452886658,18.743060126515317,9.518166022137791,0,0,9.262699131157085,2.673895851643069,85.67231025686043,48.10250556423214,0,1,1
16.49937085979036,65.65967789729123,67.15406977086569,7.776492534812702,1.8177106842077837,53.899141649499164,17.881875471127703,1.73515856899049,2,1,20.49401645759562,1.8569175624781353,52.96059602182361,97.92307033958446,1,0,1
40.309489921554714,48.36379998027308,102.894459262312,9.36969695874873,1.9233958448832693,78.36699647844678,1.1518365749969717,7.100910373434994,1,2,16.389816920001206,16.856297071690236,94.7589767760886,68.40667462115076,1,1,3
44.43577587492348,61.7230516834353,75.44304496182316,10.289135845202455,1.7892356658223671,71.45363837275016,3.3814360511353003,9.173738376350261,0,4,22.974899901807344,16.04548646089523,66.83279453075265,93.52597848541204,1,1,3
38.79428621990218,27.521538684023568,92.94277021134211,10.368626954206455,1.2650762217716722,50.880825357055365,15.091943971155846,2.612841888007394,1,1,36.83356744375183,13.419891560167104,49.66403985476829,45.101092947513735,0,1,2
40.61354765114001,21.18389599451251,88.32218425433133,9.999230731786133,1.0280597986631765,61.79877885597257,13.777862160648946,3.134058995161194,0,3,36.684080709513466,3.9220130479323223,87.98723148564767,98.83648114598911,1,1,2
22.259313909511363,83.66950991662108,83.58781546954371,11.224862548653707,1.6059872314346733,64.23959945333571,2.6643718808024652,4.840360886281703,2,3,9.20073358859967,9.605670777785424,61.383581057978446,87.12414602613356,0,1,3
43.81880926539599,38.874100613702794,84.79097363242695,11.220632750064626,1.5446878601397938,55.592997317316126,10.041291640031353,3.650589713674874,0,1,12.085784513953616,12.054518909145477,51.04714857769727,96.44588183989804,0,1,2
20.90777113360285,77.37739019463214,96.61189570461437,9.47361935644202,1.1917510026425453,81.57684548713303,15.616292621705911,7.83129825763484,1,0,6.482747251881196,18.642750536807032,55.3750695502357,44.86560125924912,0,0,2
43.54289431085497,89.95452103305401,64.38864570617203,8.579138214667275,0.40282290197732096,62.119893812594455,4.375613645253873,4.043380379559131,1,1,37.111614858557054,3.3884748039482115,42.09693882342821,60.14606550077836,1,1,2
44.84457881897853,34.800188059923784,93.40903309789526,9.849421773390599,1.8706423568771078,63.88097498096942,17.425752714693324,9.872519863767412,2,3,15.914565207927808,10.308936142922274,45.4373789736031,36.834374528352534,0,0,3
36.35168417238146,38.56195188283489,104.79060506992894,10.909272008222779,1.0473044406279088,94.91192991000737,1.0594354964073593,8.729085092589727,0,0,17.98820579534709,3.15503277756624,75.55748412316751,39.587872459138474,1,1,2
44.43431195375466,66.40018513442661,62.88940985099321,6.033912629047109,0.8858341183534626,73.35615463465697,15.643901701361479,9.058097204059093,0,0,32.105631231098386,8.876986811483045,91.97306968566734,49.87710645109011,0,0,1
32.08619338701311,87.58140442204349,67.03266696168333,11.951982054089108,1.3517429415453504,69.60640734846362,12.316377995797405,1.5729785674072554,0,1,20.518938912411677,4.002699492618458,66.91182480392956,96.61379623312796,1,1,1
22.78625349528271,84.10700437335207,95.83159683510158,7.097362633975195,1.4292164320422096,86.19355191573587,6.303986933086982,2.5867761348617573,4,3,4.790219288860484,16.723724166304226,77.56348853798336,76.70341767839841,1,1,3
28.109876569968627,55.201286404590945,81.86408241223089,8.821493913959857,0.6187038548030275,95.48068984414562,14.418650966838227,2.524315662269493,0,2,17.513948377707862,5.094725552750258,88.58398607375705,52.02426149468219,0,0,1
32.806828061363575,75.65771977687072,80.17743104068441,11.2321784090572,1.7146429784174233,51.25181681187219,15.647315903023193,7.047681833580795,0,1,25.22096173114527,8.342094324880485,61.406134627484164,96.82013231865824,0,1,2
17.19244686081045,29.50220971699307,66.84833172721179,7.350242394265196,0.7573899139091612,72.41194232776982,18.677979426079386,1.1072023675765057,1,0,28.768363510281457,8.155753049842705,79.25884422108005,81.78119846319689,0,0,1
33.67029793851738,88.42067289428086,85.3385020358894,8.860771343402298,0.5766968703500542,80.53906780389737,7.3554934430852725,8.257835799784019,3,0,25.814074111315758,17.32589920043517,61.02594554745724,93.4885309271018,1,1,3
44.435335102868834,87.50472638251905,66.32726555981887,6.795493081087075,0.9611997424953704,65.92815490629948,13.720334719599098,5.923414165828188,0,2,4.767228769294531,15.155949294645206,78.56292128632415,94.90545556873688,1,0,2
20.703229493511827,31.46102705154197,83.83102281552702,8.370457952329156,1.5284801415705642,88.62038610616209,12.052325538693818,6.096817284286542,2,2,12.173781006472733,1.1515097803016805,53.056463208354884,82.55388249384572,1,0,1
38.7778534886515,40.959618736217465,98.18076494808284,7.062812728758015,1.939551812269656,98.57385351351368,10.504121389141769,5.836027800169106,2,1,29.34258579852861,1.3417491433632867,98.6703792562252,47.019340085411024,1,1,1
42.236963813388584,27.010849825473684,72.91321789435818,8.181766492626942,1.666242212650008,97.17136831251416,17.808329483100756,5.81811300750945,0,1,35.20760777344299,11.023944902614083,44.570666113392605,99.76122685832819,0,1,1
43.31104778460663,39.02023192287258,84.03930840898636,8.240785300756333,1.8956096609228354,63.29912696899709,0.06334628276800647,2.7809746717019523,2,0,1.8874566024903894,8.55438054715587,70.31397097135346,52.75635880431455,1,0,2
43.804068132163415,77.11690525906447,109.60079846984178,11.959024737589996,0.4960601571339219,61.3169139218743,5.6422321220719525,3.5486174963712838,3,2,1.689164322799086,5.511684410736841,57.17778478312462,77.0194024697403,0,1,3
30.643789161644158,46.48209250156816,94.33252116770186,11.968878175822633,0.37455939801143434,97.87452655106105,10.765544790896602,5.388557120501279,1,1,25.736181173562493,15.852418764148107,76.05027008896508,89.13681864704607,1,0,3
44.31923723974511,26.187787700273084,102.06783856525993,6.6887176719636745,1.2259833333366745,72.93142437157329,3.565865232731047,7.100600477702017,2,0,21.92184616653124,2.5727034379799885,65.69841879465466,42.26056960972594,1,0,2
37.71930621403317,43.955786734523315,80.74238032802728,10.355812675970084,0.7580205953270601,60.41488615423459,18.157330674655164,3.4475838401659127,2,1,6.213562020708561,19.481138257403035,58.399935256595626,72.6329175961366,0,0,2
19.850143087108858,88.6968333968896,98.39304615629277,6.310472878014607,1.6990962026962275,85.34984818152091,12.951902352260307,8.255214324977562,1,3,21.931663267878413,0.48205013504321936,55.00225829697612,56.262094384978056,0,0,1
29.307003194039098,64.0778516681442,62.02545864706609,6.181152092023131,1.4259787749540707,64.22101619518958,9.557659892639798,8.29533851002926,0,3,38.97949374003404,2.364614492216872,50.94991685185689,47.10023487474145,1,1,1
36.549935261160115,49.13126624843105,66.14555912711225,6.632003365469786,1.9487742869751403,63.36234875355262,16.29403518133309,3.464914664404141,0,4,25.236008815865,6.226333085517039,86.97275897132575,30.82402689294184,1,1,1
22.420209474572502,31.6576959448089,70.15352964600311,11.792913942047605,0.6958866225297824,93.96245215388925,9.017723829302076,6.040582124986926,3,0,17.965646241988743,10.182981905110061,53.33199622561877,91.038184465858,0,1,3
34.218455506466626,89.03237580985864,80.09759623076098,11.645181287368185,1.1001222001216566,58.12395766884517,11.17306023860019,4.140305690806564,1,1,33.101299517583016,4.322723169586478,86.41157178255492,39.51170830587988,1,1,2
34.998014371398575,77.45943064841902,102.28724391628816,7.163566921684083,1.1271708354943684,53.21964732331182,0.05501991107841997,2.7161716189362988,1,2,8.512899426086062,14.724302977080528,69.10231654926068,91.4682012479398,1,0,3
19.88099231425698,39.703411171564355,77.31330253939652,6.97003401332227,0.6685593910004084,63.459322008584365,7.314010603901471,8.253999602162637,0,3,16.57305723307653,7.150838068519796,44.333681281371895,72.04834191659137,0,0,2
31.952559373582687,24.90480870048326,92.73105967577314,7.4432105190956825,1.2826634491040136,80.34727064191019,2.775809447019395,9.923330964758806,1,4,21.110715672433894,0.7707666679387515,49.92656065922415,73.47388881605289,0,0,3
38.148807329358235,23.96378901642906,95.46571474017418,9.093281964450853,1.0257504756386693,56.15439267016353,13.793773613245822,6.091472603731224,2,3,20.181595682030217,17.554439348812885,93.57427864733191,88.00562559802816,0,1,3
29.966869936078258,28.426470465387368,89.30911770441708,9.418227792212459,1.0317627229822788,73.5797336138397,9.580539179514675,9.225520343737237,2,2,36.83889876844609,18.877313461721258,76.16894932030777,65.66088026723463,1,0,3
15.363093503283222,60.653800853009514,77.86209840850681,7.3295605826366845,0.8847891339518463,81.36685552126599,6.035151145004615,6.779519267903217,2,6,11.706724289867033,12.371272448740884,51.05999072330107,55.00991976940395,0,0,3
15.271154072378765,85.01343948438446,88.85266708567721,10.53973672853967,0.2796263667446863,92.4368496296587,9.356646787434848,6.0915133142079085,1,2,2.260148829184785,16.130727771408104,82.22589491204806,39.71646787947642,0,0,2
25.710880319100365,54.772039960418915,77.1132796394873,7.857319016415905,1.1636666646008806,61.49347956011272,4.192597759026924,5.321303920426949,0,3,36.655088180549676,2.4222307738660365,89.3957046657094,69.92907668456785,0,1,1
42.78582205295346,79.00618377193379,64.19368692760061,11.532787953176463,0.8366837124755795,90.86731616913947,18.50173264972281,3.121434700240047,0,1,8.682706285533705,5.376405635733292,59.83918885350849,68.72169379757553,1,1,1
21.860303388108264,51.21206339018654,109.64019890930072,9.940336238740382,0.25230977072257693,61.745313056561926,1.07945265101826,1.7582974415419164,0,1,15.161118959068297,6.504633753563676,73.39571276864275,50.572753996710006,0,1,1
34.03091066615062,69.60084820374777,66.35912268162555,8.61810716582167,0.788901488408381,83.83832706198203,17.308340705922408,4.981023262151587,0,3,21.235664980723087,19.215063338969923,57.60699821698822,72.00398479574369,1,1,3
21.662276120799618,71.23109161005506,63.61741919180287,10.739472010217073,0.7375995829070747,71.53367857412276,10.22717577466702,6.051789221939716,0,1,39.03521882192854,10.24445279814735,44.803703063235176,60.755682017785404,1,0,2
24.650099689786458,32.177459413233706,103.92653746035779,10.907487756279988,0.9385342681413626,55.73406211893351,12.378929922776345,5.585046888001817,1,2,21.410737665143923,0.14827117627919995,63.97054466421615,86.38711077394296,0,1,2
40.44126268804452,45.28512412830682,75.09173304464476,7.742889633653662,0.48074098187594466,85.71317314109243,6.052112418174076,7.260135718681114,0,2,17.909732261939162,7.6037164574019105,85.08592114689317,69.1640380338558,1,0,2
36.8658432680984,64.61115095766166,92.51484870367538,8.038287263016507,1.1384466931113977,60.88813092745089,19.333952335886426,2.7288890521078644,1,2,23.345539180705867,0.1550120173115288,67.52081673329661,95.35750104427801,0,1,1
17.861978319396318,24.948762572905633,76.45028648311164,11.61573092237162,1.4617706169067275,58.831171301229574,5.637019170389797,4.1878268102184855,0,5,38.83232639668551,4.756114809448917,64.31614048120943,66.25880778694848,1,0,2
27.86106062959301,45.30781314340696,79.57271353972357,6.9884462301796315,1.3528247458455018,67.91614642946917,11.777559942806086,4.740105441612398,1,1,32.71778395025762,9.094001342823548,61.96043133036527,92.12467122100654,0,0,1
15.875092909357933,57.435962639683474,73.10564860083983,6.252902501777605,1.6565711582460836,82.66451223797418,19.868334102142576,2.678709750204808,0,0,6.758725452476884,6.467861108416733,67.53500936017298,66.43675966098715,1,1,1
29.42670439809027,89.7357145131247,77.15220028965051,8.724331935657295,1.041014503977392,61.69982393953139,17.621887927668915,9.158177923049145,1,2,32.130400596168364,0.6546842457034141,59.093737127959926,69.06243625482333,1,1,2
34.87302035103204,53.21734938357085,80.53502002932716,10.807259401461774,1.1584105280945245,59.183076939094285,10.72659650572212,7.133603116716255,2,2,33.64396239215554,2.3267144481755886,76.73105169471248,55.67655968189107,1,0,3
18.555078707944546,77.12397299800264,96.02080345461715,10.630008637864474,1.6682033965032208,50.497681285668214,19.80749045934424,1.8267611170813112,1,1,27.627764158338653,11.017731224454659,43.8139587714817,58.011838642239354,0,0,1
23.666548167274968,50.24470995466324,85.57680971173959,11.517183773476996,0.9984770489336674,73.58215485508617,14.027397234652293,7.415182358804702,1,6,26.289338366690572,13.912098087689706,88.44329040683886,95.31710411041286,0,0,3
26.93509876506471,75.74735058337961,107.17826085784884,9.199203986214242,1.4777988623242946,71.43227846575914,4.174008322836187,5.930088454184455,1,3,17.635080033912168,8.090980244658052,50.390016829200256,45.62976813863763,1,1,3
42.585930739681494,61.67903611340759,62.094019691938776,6.6003880293992,1.0105541452564857,61.693387181868815,8.111924208716129,5.7154642011383725,3,2,25.66781548477815,14.629634928498138,78.00668369732468,38.50204051709775,0,1,2
44.79765046268892,82.06168090516789,85.1534161316014,9.532133846016096,0.9810383403952346,52.68260820048454,6.68986668023102,9.908071975967328,0,3,29.50299888609031,3.2666577703028743,66.99295138313445,88.11476382627586,1,1,3
16.347338969868474,48.76597866450769,89.2112394415859,10.67037368611927,1.5803598429260306,71.46279372979184,6.880274165423783,6.563807390580209,2,1,4.912809922971961,2.4411589561537217,86.40961281272841,70.38375598214158,0,1,2
37.83023770486176,62.30130938750352,106.0098493037137,6.559968721618958,0.5559646020658695,89.41025555358156,15.209128787197326,9.070553736966824,3,2,10.293198407337428,16.789074318865516,89.56839920926339,49.925312012303095,0,0,3
26.151721992070296,64.10130764331791,62.45792618107138,7.035944406585538,0.8425254508977538,85.76410656635885,11.685258545455872,9.221940460955116,1,3,7.763275158651761,6.784266969843992,52.252022331140026,60.2680154202785,1,1,3
26.773745586884402,49.21680592603313,88.6749792467608,6.073743966934026,0.6423014843070781,93.03974449300851,0.7618542317905708,1.9127676856676517,2,3,33.648473476240575,8.644958438888485,80.63074884626533,66.74336587440868,0,1,2
37.62794920041068,30.101843058123706,102.68149642639784,9.561915476680863,0.878442400193295,50.47913438565778,17.54896967301952,1.075260307416129,2,3,27.200103661270706,18.951632046345928,51.394450406050375,71.44981797855043,0,1,2
42.552792964362254,26.549158483863486,72.09638640596182,11.320406351675427,0.653155939140542,98.32096584022992,5.935922809603291,4.917402184588546,2,0,18.031141583007063,8.482246558742187,47.43989565009308,87.47357160569314,1,0,2
43.52785783507645,21.16700854197432,103.81461742619688,10.023979896012598,1.2639598544016457,67.07061263137241,19.941497538262873,7.923564829369203,1,2,33.04223001953873,0.0698021170380847,95.81776608827506,57.60466292192108,1,1,2
32.31367758114962,81.14739849716503,60.952170463714594,11.892240525545892,1.6467989045812292,99.51988980459824,19.083814606695714,8.417763597974787,2,3,28.671253599700428,18.759438790996715,49.86334422648057,77.35521792585021,0,1,3
25.713634779015084,36.55324385670862,96.6227314566865,6.378201914998569,1.6265728571313283,62.63097303008873,18.810614333639304,8.087446419705113,1,1,36.54372326181188,0.2823726697165596,53.687915954964,88.43368816348985,1,0,1
38.62647257576337,34.805472449723766,106.65566105843266,11.418006510908977,0.8878766879603868,73.57681937891223,16.222552081279474,5.025591626627794,0,2,3.07227984391663,13.245725674583962,47.819440467278135,89.06414191706205,0,0,2
22.530041497869007,71.52247802982458,92.85988308200311,10.884409724320085,1.980330710314958,67.69638382876518,4.412266633670852,7.749677066828717,1,1,20.36629526164941,6.457818190650071,68.21751336228735,47.7971643525497,0,1,2
31.92222086500553,42.401127916117424,81.9514621990224,7.88544912299703,1.2892451382351513,67.78803574971514,10.652654880575641,7.468988720735618,0,2,28.269916143050207,9.4078151312041,95.17643935146342,54.51211309750862,0,1,2
25.757353845746195,55.42312846882856,62.2440508236359,11.84115931102351,0.9489505281120159,92.11410493741079,4.486052536499492,3.824373258683233,0,2,8.29972747219383,10.945703353923681,55.843344322734666,71.643422398355,0,1,2
34.69893221123628,31.37577457082194,106.00569066613144,7.7276264890284905,1.7121937386724946,87.32094698686694,5.193509111778985,2.5184850421499094,1,3,13.085049278854562,8.169201145911085,72.51112784495739,92.00406738728623,0,1,2
22.211967386805206,87.18220050233785,83.51481113457874,11.335828342969311,1.5272795221246214,99.60757176150241,12.219035388725548,6.592768454997961,3,1,16.759050052793064,15.487375743643364,64.6875242255659,85.3312260684327,1,1,3
20.747788372044774,79.61069800120661,61.4498372167974,11.284491462445136,1.5612318394421827,80.67573413587563,0.8166709070612677,7.093777529638763,1,1,31.773024730823565,18.61412819328892,60.16056465042862,70.8774030991355,1,1,3
42.54717260026311,80.46527360755023,94.4910535664381,10.545945699617835,0.5932438620342753,73.16283021972514,19.38917133641415,6.111736217811171,2,0,19.743048042287803,1.7282410423773653,74.32916147581449,98.86135414366908,0,0,1
18.054110488486106,48.47416240004036,84.0918626788129,9.380822842877112,1.0695675378949714,54.503693147344556,18.37346345155929,2.918615918419418,0,2,19.714801313911572,16.00505762469946,73.53357407012865,60.72910605964091,0,1,1
30.17873723204795,73.3652849595021,66.21726587212054,6.720016497701328,1.7581992289430548,99.82807097569284,7.615351443154397,3.490059883199102,0,2,17.235504742085812,2.5734228180129026,61.56199605304003,88.97153998303727,1,0,1
21.625583488890268,30.07133087728461,70.71359046551298,9.19183040697899,1.1320665133503254,77.57653264661414,10.30844896013826,7.376376443134055,0,0,9.143563571852615,1.605543664992155,91.03379779396249,87.28942659810625,1,0,1
16.167898899770023,20.60333018142462,63.22453402279231,8.140777533929608,1.4460423009868382,85.02387348450709,9.32238838535518,9.663601276334973,2,0,36.922861424510586,19.116629054442576,43.19032646497151,93.56268181691973,1,1,3
16.080564548742792,21.39810528046197,88.71467698542868,10.753302198932111,1.2788840328099629,70.33711935956558,17.643995572349397,9.50352041400296,3,0,12.712044826267018,9.78595562982548,45.11430371003848,99.13748485176485,0,0,3
20.25665316317482,61.06212161831923,91.10147396260047,10.548775238981069,1.7241243785071687,77.3857854089618,13.77203752632222,5.6769233177556355,1,3,22.698626430796022,3.052065820185772,99.44687559800428,64.69876883058802,1,0,1
41.00311063518001,51.87764336735586,85.28711491777221,11.463675044235632,0.7479814695828046,97.12888659464436,5.562224948487129,8.979035272889215,1,5,5.95118942089226,11.399142264341792,84.86097472307074,43.69407540923749,1,0,3
23.4743623193108,56.261074423596384,100.85510665013075,6.088980974590247,1.2570817363011386,58.32097189658013,8.936825089305938,1.2650608027479988,1,2,17.369735683961885,5.26474277539106,88.23573420580591,62.26267497797058,0,0,1
43.513775117258874,20.522419829205358,103.05044106540068,10.854619300938277,0.46566066901715697,64.61862921651273,8.579319513735275,8.750369094379076,2,4,36.15214064676871,9.286180336159884,76.16206450832783,89.77194138898025,1,0,3
32.44866878967581,49.588063376019804,90.78121983415633,11.630772318748013,1.4578688592240687,57.60298638890162,19.186703365678373,5.285357410912539,1,2,39.81860954042369,12.493191877598207,65.19162556158759,88.52746439788021,1,1,3
28.098425693062982,70.26477128406026,60.637823985371526,10.7358026946489,1.5309437171172462,89.61079519023873,3.506218210292793,8.033746014174863,0,1,14.470074269338685,17.385396577399895,77.75361272393846,53.51789353107668,1,1,3
32.40266504008363,50.988559137720515,94.76148278738678,6.7811667592222005,0.3249653120807472,53.10226302109148,1.7915267458885809,1.0502461862868862,1,1,6.15962185257342,0.06162796538616622,45.55508233652278,33.311476487107164,0,0,1
30.50095155678803,71.25534444185556,80.89996084601758,6.487674629045326,1.4326341863489738,54.081582492566916,17.612376643233805,8.817047059321034,0,2,12.578061069215805,4.282813218318974,85.46615009812977,65.68894684783706,0,0,1
37.76328761271975,36.31132750777844,88.27787416131935,6.125071438846205,0.9757077697901262,64.92470563936844,17.93371979011742,6.354816601427871,2,1,13.089670735480778,1.9254108583755913,72.44458282863097,63.187065035516845,0,1,1
23.474881979185568,76.91994031372079,92.45403010094422,9.772471354968426,0.4671695331919441,75.70940904605057,17.434781758243293,3.1620735842699434,1,1,25.780351771292707,1.94195403118125,97.40391343228553,36.003478444399214,1,1,1
25.591511748009072,61.19018683174166,77.51183071635384,9.778035911159325,0.9848382084723183,70.31374002797932,10.219538312511126,4.127347489919504,0,2,19.846268979782412,18.915548262798097,78.24851546245898,85.64229690065164,1,1,3
41.82282907599752,34.75341696009343,105.8549252585897,11.921482285309274,0.589907626967268,52.24081553354036,13.19488856538921,2.805994782381085,1,3,30.73838913062522,18.721658690301048,49.101552230707064,49.85131917569858,1,1,3
43.393695394512164,36.570433309768305,66.69874333748906,8.388259044624574,0.9772291812158039,97.87457789354758,11.267260951219678,4.819651820612949,1,2,28.052131379899244,14.986161594024663,68.6530068986828,75.20264645218796,0,0,1
41.776746824594234,63.962132519867595,93.57559036405186,7.99143770938498,0.9225932989274235,97.64347601790419,1.3889565210880184,3.9700542815247095,3,2,10.052348957009851,12.86126084801831,43.46933495315927,37.10415038584998,0,0,2
27.583439818719405,78.09577152487103,60.21797899782902,9.746549563106354,1.5421853646381005,63.96781616203799,11.91669793801445,5.810528593468102,2,1,31.370227595431125,16.959408927154062,84.72577355751228,90.2492221036722,1,1,3
38.410965090206446,49.09394474204086,106.23255527025904,10.953652035045565,1.6048772267911278,86.57628076342908,0.27228294512201767,8.33305997703635,1,2,33.89847467659264,1.1681747618113514,70.10989129409906,81.74921522086143,1,0,3
29.290071999032964,38.08103003893146,65.62520666190457,11.62064369713801,1.3123001451729568,78.92877056916119,6.499748191141723,9.840477386628672,1,0,23.935607590160068,2.3897158620245684,62.179202187542174,57.189589628506596,1,0,2
29.926195564383065,80.69081248374204,64.74421150737874,10.818744997074232,0.2897019738192832,61.873834750281205,18.645851517463342,3.2631187665445482,0,2,37.10670836994304,6.34225846592668,98.11296290032234,74.06422645262643,0,1,1
21.14040327171852,66.84878042255843,76.65038165261221,8.560043883694828,1.8792889883742394,63.108577587080774,6.080905392716152,1.9585743642353999,1,6,31.31792490938201,16.64984759793027,96.4359111380428,43.121772487990235,1,1,2
32.73390909775549,51.36598410981536,78.67831430195403,9.809485411872384,1.4509082401687834,74.55765871552252,18.79653285288496,4.561005249123536,1,0,23.81583627492796,9.444650855330202,97.16991980956718,98.97957436712616,1,0,1
20.58407693260044,54.15301366955113,70.71500361614393,11.137795960296701,0.3098420373620805,70.961847074868,5.002679142984885,2.291988485359428,1,1,36.2466398925332,10.071495268752367,53.25821453301461,85.72756294656031,1,1,2
24.946940972015813,34.29795275554775,89.25608304635624,8.943658129870437,1.6829575736247062,64.56146641156322,6.291244809230649,8.508161818759188,0,2,24.014339209621557,4.585308593076151,83.71417574313952,85.22580021483189,0,0,1
40.65090604859805,63.87618410453908,82.14570490209817,7.300119862232356,0.6004657707564932,90.37557981525745,12.56814992877107,5.510123915827275,1,2,20.847645093493608,12.967749623470521,96.72292823214737,40.73661523045133,1,1,2
21.212274276325658,45.1119757380022,61.70877945205437,7.0183406384872375,1.263637081749437,74.07314588186924,15.232539455785897,6.579661441677825,2,1,14.25033361644411,17.756843081245282,74.25221540239802,31.24134674257035,0,0,1
17.134748555202982,89.69516236720445,75.98260311276503,6.00094646746834,1.0666101474128276,82.74240311945638,10.02775536009768,2.355512988487544,1,6,35.314533223777815,6.59028439716935,52.84962063599027,70.97599574387434,0,1,1
17.07022777838449,53.612846068332146,100.52164567865853,10.309427969887706,0.9847178691213841,59.46367500839377,17.642313743883108,7.746479342529099,0,0,4.909086834912864,12.383718795397682,89.06874783293574,40.08844282878677,1,0,2
43.22353561509324,54.01199243327292,94.48507674309343,6.6665832530759435,1.8069990102176956,76.67538312582434,0.804808432212385,9.762236307414643,0,1,18.940108568698257,6.638979282236441,92.79509483960271,84.63034195421915,0,1,2
30.207613138855038,59.60962511874703,96.24354267899403,7.463034598175643,1.015382260234576,65.89880247233107,18.44389677268741,5.341467263430376,1,1,21.49653327500087,15.854382236686602,82.19412318319084,59.12532981247723,0,1,1
27.28236215451055,84.17292021831227,94.90584620417619,7.78725798913676,0.3818522057530138,76.32068051974392,3.9261559979081606,9.662115743115791,2,3,22.189964270791073,9.499194739846343,57.61317265213577,53.70159742912022,1,0,3
39.32635743023755,76.05726699018251,75.54865106915166,9.36227916082061,1.906617772626167,89.0412916705464,17.684774901693117,1.3124448445722399,2,1,26.075593219409726,6.789380444394093,51.44163391926716,35.15544837231974,0,1,1
40.07477783731548,51.5791048858489,64.9831961038388,8.387743663774614,1.8609366546693482,88.44566050456308,8.01726358972761,1.321504424329199,0,4,20.231824970152626,8.400977084225838,77.45618807180304,99.72455559612351,1,0,1
24.96573099346814,70.30894861809571,73.62335920165481,10.048043952138972,1.4477572067677977,67.71103390171379,16.655141117420754,9.640116196834523,1,1,10.272725905597081,1.824550427924565,68.96803148814688,96.92075462708158,1,1,2
35.80854172421385,61.036484914653315,101.58926500925796,6.333831955972216,1.0688119242310437,84.71385585398195,13.433310996073901,7.302390376879251,1,2,34.277775845579995,17.32234306644881,80.12696346479632,39.21178354647957,1,0,2
38.1336844755566,54.46569340908742,109.02353988915355,6.743635165586637,0.4125040776511622,97.06449751971385,3.518832649565242,2.698207543216043,0,1,26.30101311342113,19.161381106762096,46.70197992774196,53.29681229270443,1,1,2
34.63952060597863,33.46210409490453,84.69235073707807,8.9952690211996,1.6338092075105832,81.28346649624532,18.36095139762897,4.274873191833123,1,0,34.327512548412244,9.54828359470833,48.15481306288383,57.35512766172246,0,1,1
19.547852244002982,52.47553844184237,60.48501774615211,8.02178872708098,0.3820863502420507,57.420506169131855,4.910347809769194,5.569777611353555,1,3,11.04173963921507,4.426744161562787,61.77337335861229,50.776075468091676,0,0,1
41.27649250551171,37.20730109158022,67.00224060671145,7.774880176508159,0.3700517235665049,83.98543146395475,4.882802373899981,7.323739620118701,2,1,25.482275796112866,13.293123981778773,55.525617257732506,95.41279917583913,0,0,3
31.17283658208026,84.03895048961583,76.1040287658133,6.402168474225136,1.1904217242688941,55.24521931746557,16.283577932747612,8.578239041577065,0,3,28.566949803055802,9.047629590822854,77.16031786556024,80.49392803154593,1,0,2
23.47417279110011,43.47847694474429,88.9292674296475,11.374315048488008,0.5302244203231203,93.60552043965136,2.1174651114504206,1.743907642418752,1,2,15.336206414713537,5.046001616768394,62.052431761731285,96.91414839158455,1,1,2
27.756845563130817,86.65848101733606,63.7546822902657,10.150911516750305,0.2635279678456107,75.83302479009701,4.440718127409207,6.909167111400224,1,3,32.48976472827605,0.7686628698029807,81.03824716887303,91.21537817668685,0,0,2
16.12713271196722,57.31387030662978,107.16786493549408,6.729708940917896,0.9904485042426259,69.25703681557897,10.073551468421247,5.2904027227414865,0,2,0.10035099369186895,17.79408903577024,86.12790412634138,82.81790636284211,1,1,3
18.836004036672527,64.20810650733122,78.25418366422004,6.3902757464228435,0.4901301553176154,52.85032973248462,16.609540573732488,6.378600478987251,0,2,23.796790008568863,15.934687040900952,51.23005421315091,78.78769749559149,1,0,2
37.96640251547582,58.00583111425294,105.62921089624115,11.849235200587458,0.5309019767412096,69.03918672960549,2.9496794947453497,5.57678445950172,2,0,24.54273881408522,16.580121152787587,95.18943012490365,90.63137436856368,0,0,3
15.000349042660984,29.05664318766906,99.02609013785109,10.08703530263703,0.38459361778683565,95.16033339578948,10.953364690246927,5.056237454585097,2,2,21.353723721545418,8.796794618627777,87.2295904171942,77.89049277540187,0,1,2
27.496974854468768,46.30748533055586,97.77186362577905,8.504736426562449,0.6089140690163174,51.04914981431516,14.224811836058791,2.8496151656174455,0,4,25.20193947677798,15.065107839068549,77.60684812925652,43.210385928680566,1,1,2
30.675305432567654,26.940227859433676,90.3359789891116,10.210386244534709,1.5020973146051815,73.73240788909024,17.211904494319025,5.2510232112308115,0,2,6.689074280930809,11.624505277599912,94.53573128488824,75.36885614996686,1,0,2
16.639032600029168,63.60678309283672,91.33919085259222,10.537990718880955,1.665622787631135,96.55790455553111,18.711311204044392,2.7068962423759264,3,1,27.39125927209503,7.495505928269861,55.952124977151975,66.05011479640012,1,0,1
44.19234488916999,51.281193664030724,91.90016176081241,10.679773214332677,1.041933877051276,69.74204998825105,15.692798289378649,1.401503383249445,2,3,13.43155851346661,16.8548417624436,65.30279211832108,98.73262739667287,0,1,3
21.78375993749016,74.45894800996558,91.4360693512791,8.867263833918345,1.136469177792481,71.40878437310752,13.056567964440038,4.3644204185322,0,3,18.082149703036713,19.975150960888367,45.147218824036095,65.69758829461088,1,1,3
24.125961589088426,35.43293366995589,87.68641156991806,8.579296548749088,0.30714631053985453,78.928002759956,8.672401706255318,1.2246016487455367,2,2,13.324374559850746,17.9856461454872,67.37090926942648,32.69184882057306,0,0,2
24.11827536765082,31.519624090053444,109.32070092414445,6.066168505613402,0.3713034573998045,73.14686667885917,2.2422030837683926,6.062904667197997,2,2,18.957448139979416,15.523839433726113,70.38404377586325,48.49326575359504,0,1,3
21.912499863520498,48.443256167463744,96.6145283712848,11.559342690851029,0.7007435198866546,58.43008456187762,14.194743850510426,1.6515320800615956,2,2,24.86276906046991,14.950159443847538,76.9640154196037,94.2167232318336,0,1,2
15.044214662589342,84.86097682528668,98.84731941962606,9.619847270333658,1.2018222362480082,50.92777695349302,19.85474608950974,4.937982780581915,0,3,33.53373883582204,13.004976860337097,43.84235278506204,97.36494313126454,1,0,2
36.88034382263989,69.72952705086882,103.62314075418371,7.218923623139808,1.5442145102862377,80.49058289893509,14.735211894641997,9.821285536377047,1,2,19.33740230560884,17.072349936791543,41.947961154022146,80.99490036485399,0,1,3
44.00536499397856,49.324653735504306,70.78198813629245,11.51762051652862,1.3087553573415578,96.0403293503906,0.3342218747545256,1.088933685570442,2,1,12.92895310414413,9.86162495649332,65.19340991686582,33.98047291508793,0,0,1
21.72880449855135,56.20905188280174,64.19020795475303,11.489591410621777,0.9362237462268794,55.31820665135828,9.925199560836775,4.3016911089066845,1,1,19.517675157015372,3.63459020395986,51.34799873655551,31.647897142238605,0,1,1
34.891415754102674,25.894910782396884,84.14472182992994,11.935104986196576,0.45706712775549185,60.54763596263767,12.292932649658077,7.059365703648104,0,2,27.55214656282062,15.36099448538413,85.52730052914777,63.57165019593701,1,0,3
37.25688980876146,88.92031274632792,85.70403478096367,11.244339378833873,1.6163531610525814,68.51147429124867,13.79348402205686,2.430252141579153,2,3,13.868028669031824,18.390127483517706,80.12417704811381,99.97706145926195,0,1,3
40.45276137271574,66.64851132864433,101.45908899749588,11.986706326920388,0.8866255902983499,90.43711145105598,14.394516712014171,6.046602774131066,1,1,16.571282988936247,6.82704583860999,59.54961846298311,90.85077162495836,1,0,2
27.678875910408273,39.978284792439574,82.18917896411679,7.468117128739635,1.538094525344882,63.46301582354888,11.16216882433048,3.323713227540604,0,2,22.513592680349458,15.659665959142712,42.74699590979996,95.31753346173986,1,1,2
24.087927169212875,61.0065875950671,88.54265127721564,11.053497511195404,1.1477129733500981,94.10272021393843,4.467206654684805,3.0049182242580317,0,3,11.760370553094003,5.474454061648282,50.946617430611056,73.64790534950436,1,1,2
24.758854020690933,27.66376562482958,86.35354692567292,10.938169852774587,1.5426585937331942,52.74789373250332,18.844013229530933,9.054851956713565,1,0,8.363386381777671,18.85200546717364,81.50076055678666,90.13873097760509,0,0,3
36.378639992955385,87.60856681653085,61.910139187869554,7.385642155324403,1.8377567325420008,97.04783106294674,13.933329353273239,2.829524310821442,0,4,5.615691354530479,13.669219840275733,99.40989360021861,52.378886207803475,0,1,1
39.50338399516908,32.234949151835615,90.76074482984569,6.590625294005944,1.8618016530941535,78.03735389368825,4.736800737388189,4.388965396887723,1,1,14.104399325042971,11.385519743647944,59.58762430597494,31.915480241572197,1,0,1
20.44841903269808,65.36212226386499,101.40216428871261,11.876523082065598,1.186436865001056,82.93888392438522,6.446436645405457,2.5263775438710145,0,1,1.9337162575222822,15.597403158071499,88.11977721792361,94.27754397558388,0,1,2
26.128230244732954,37.18181237772513,67.8750274037902,7.776147309123662,1.145139638339868,68.38447612681766,18.438553412607394,3.5549896577834574,1,1,23.33930106838006,16.264623411150833,92.02578949592544,45.290143725425274,1,1,1
42.0582059024745,70.22929678539751,89.71658669632978,11.225350742806835,0.7149373146299651,89.09971427555303,17.749703734146717,3.6379601211013894,1,2,7.03637463990098,17.847397964506943,42.890852329508625,80.9940448458861,1,0,2
39.20080559084218,74.37749570681967,89.68052722232072,6.024762928047624,1.88764970517626,58.32831250422031,8.102928767161792,3.940957213813599,1,0,15.095791693201711,18.02239065694861,94.97329587533287,76.12771204140077,1,1,2
44.54575208287427,67.13938102380028,68.20924820281793,6.126148843317614,1.0513585425993366,52.44559126392435,0.7661444398290196,6.769602431440526,3,0,10.768912615934902,1.0538165110709308,67.97216226219727,41.071448389376,1,0,2
37.627447790462426,63.01496221786348,66.1731786865368,8.795227852178211,0.47328466875291,69.77584715537786,0.9699473778787637,7.683334688003811,1,2,25.215598653669975,2.4581521602559087,97.85453239223006,43.704529757180254,0,0,2
26.79585603083767,82.47283657664082,109.00259714882424,7.432288103610381,1.0072336005964624,92.68478569905197,5.678365818367781,5.596027475781145,2,2,34.01382645867465,16.521217563744166,72.31334964718695,53.035073700085704,0,0,2
32.71913501983913,25.503869769283064,79.68595848265187,10.139047700615786,0.4723431879165069,87.74634183188473,12.58244438677999,6.494283828287957,3,2,25.332041719533798,18.921033067603567,54.10861059391887,82.98514570640091,0,0,3
34.83042762741961,43.164033604613664,71.37108643617647,9.393385953407726,1.1294304474498813,75.8577985244479,11.683892706691237,8.31941872284989,0,2,21.700197146935754,6.153436962478811,98.48009844445767,32.74709712875967,0,0,1
17.35367448951372,37.380123574159214,68.56622722271875,6.464914784702948,1.2322321509983714,78.60688735826767,12.676555738878854,9.996045952063772,0,2,26.763349572881687,0.17203636865430694,54.59829484695801,58.49481182019974,1,1,2
31.334908773115952,89.1609773445795,93.38008567916175,6.975769777894302,0.8410725826137744,56.49464131493777,14.345659438642134,5.108553877093507,1,1,1.1996255104079934,6.454103780703959,92.94869365585022,76.55792444019964,1,1,2
36.27962485417829,47.257284576681144,90.47226486636394,8.328295620350485,0.37538857490509814,92.03407543087911,0.38064507185476826,9.42791046033381,1,2,4.913786438484791,7.657282719451432,50.387709683113,42.00296621570432,0,1,3
20.019639120031812,71.28288894682791,92.17760614937087,7.113624383732599,1.9011311873581684,89.34798414820985,2.1017119034488574,5.4133308372565585,0,3,3.7970894388417697,15.220667294468047,80.48605436539768,38.359209080434695,1,0,2
38.41895152276672,67.93076147167032,64.40030137557261,10.753334083463571,1.6033679485960017,82.82351969434714,7.189669036544252,8.03799777242363,2,2,3.9278866299513604,0.9516933127567828,64.67749653317163,57.31485687435493,0,0,2
32.51318341542335,34.84568662341644,104.67672917492185,8.49642141331968,1.7180418908839616,73.30955181644693,3.097199950431635,6.159007406334761,1,5,10.41934860786192,4.252804721853205,98.32109038908669,50.05914525031914,1,1,3
43.56665357092784,36.72983761480859,79.46331984045241,6.560591201054995,0.8920196900009014,98.22296341397562,1.506400850891083,8.956353027134492,0,2,21.282090415328206,17.879371723892792,51.08635786835528,75.43669649645693,1,0,3
16.27266894620675,39.68991944871239,75.6684703215179,8.906057413632748,1.5814543025340384,93.95159859382355,12.819287919946639,5.038328814550834,3,1,4.587263146269884,3.096408189028681,64.52768038048487,97.86979755648959,0,0,1
22.959784126664008,48.77890947815655,83.11807236238695,6.545029086368485,1.09940256654609,82.22152467573093,16.30672954982198,7.262335011674535,1,4,37.404649647575575,15.184953039366855,78.38657944262448,30.312825515040508,1,1,3
33.04661637899472,36.40275459553688,79.50330328738141,6.773623832518903,0.6018961047105804,68.5900498858644,15.052533148685649,5.196836972963692,0,4,34.17027210617662,7.226208311581517,98.65722539652641,93.16659387223913,1,0,1
23.89679736617792,21.375603792279346,103.1788501569573,7.437658992169232,0.46774090958762327,80.90111393407562,16.340795572183584,8.713246612030227,0,2,38.86577415331928,13.253204298427724,58.231784597880434,60.32561254733447,0,0,1
36.43272492213727,81.55751397650369,106.4630487598946,11.15716623148494,0.8538390213135996,78.77204632653327,13.317130881157544,9.949318112281444,1,1,1.7000018035396236,1.4769300660598383,63.812263062686654,76.48054104873583,0,1,3
37.77015847565793,87.59268819666188,75.17266082248031,11.547675193997831,0.49071619508149444,69.71209939174582,14.706906436284044,3.189834927333207,0,3,34.056097883572654,5.7311589017208675,67.70751923934158,89.5718922991365,0,0,1
18.075478921994232,43.909927092209756,103.19679037299774,10.957546375992415,1.9969707083571202,65.3336985844038,5.435575484166026,5.269050668865298,1,3,32.14936301765958,8.4957947499344,55.16202947777057,70.14210627854871,1,0,3
30.415633926203032,43.695481559783104,99.07615647665335,8.004463304507084,0.33608073290603857,70.35053961186611,19.860160725683286,1.7313101178434838,0,0,36.08423458409842,17.144252521555778,89.04128202421853,36.811827903393656,1,0,1
30.26671666773168,20.496426894205968,106.54038361723809,7.63467864665299,1.022001298895884,78.69557030166989,3.663313089877742,2.2689589997241018,0,3,21.117766706392345,11.269917152922353,45.51973634513816,39.84166229957404,1,1,2
26.078423106466232,67.61754818312619,72.28751560929439,9.294934144741436,1.0411636641831723,71.40674223555472,4.28987748778765,9.362351640210147,0,1,31.515562831026934,0.9045058615537838,82.28739590237815,85.24960296236648,0,0,1
42.98774587709016,77.78079270240401,88.84795750604896,10.331118963198673,0.7761058750179322,63.178724410069194,5.778436636316937,5.892523988418471,2,3,2.0514751737060966,16.037331466522524,72.03573819745213,46.036876201096305,1,1,3
39.82518959619664,30.26258102520022,73.72722923702223,11.96023672896105,1.2498652399871544,88.04816588804044,19.506648602131577,4.556044155034556,0,1,3.035111579359553,1.0904297790296513,54.51561735914275,69.83263312927036,0,0,1
35.9162814572891,31.176644455700554,101.2047245242187,6.789424271273557,0.5124597922652032,76.57337479787064,19.765771787078123,7.0433427637679795,2,3,4.74128963798353,18.687331279838013,69.56982841204292,59.96563587351456,1,0,3
36.42979907204993,75.30582749800064,60.26620952855321,6.295751994142827,1.621846666027659,53.38375816128,15.89787499412995,6.041451594881007,1,2,36.59155453192832,4.234348920807792,89.79694553165231,51.25472879663897,1,1,1
28.851484314393574,63.14035238479013,88.2409581443198,10.166135333971626,0.831783506933367,68.41582528130627,12.581151971192675,3.598459506705032,2,1,2.4467739755379547,9.758522893141095,66.72649623532759,85.08772948856712,1,1,3
42.629835632897276,23.14023903394019,76.9601715635959,10.993354701023433,1.284849532147623,94.24567286059968,10.401251503692269,3.0395305563417905,1,4,4.005981067964437,1.4456193753261815,47.313865894898626,81.18516565573732,0,0,1
35.83786281759856,63.57828933235972,76.13418535389101,11.078092679198539,1.5023686631171789,87.76182655999759,19.412416913736912,6.312157750081946,0,1,37.21641610518108,11.234247725955331,42.44811772789119,75.22762191301618,1,1,2
36.8694318496745,41.624240599063626,92.24531619324586,10.070781294462964,1.805823705957782,66.16233919720035,13.91245605716495,2.694389600902643,2,0,4.295703273291127,9.944574014569634,86.66777764681342,56.08699578962577,1,1,2
40.85072711362036,45.810760882959215,102.5742224656997,11.724094824715122,1.71262801379135,96.90915760222546,18.894602566520604,2.252548906949674,0,2,34.79025194901495,8.204970697626859,59.825988750042434,45.85292268148993,0,1,1
23.222147680265728,73.88119928078162,90.4597695696663,9.06602858126752,1.3145407991812292,53.83014541791051,6.331015989552478,3.865488062203549,1,0,31.570831522491453,0.711458340680795,95.87468179444815,66.11264656986978,1,0,1
39.212127116001085,76.76546348708274,102.65864893233612,11.482888790017274,0.9296880656718021,98.06173519460944,6.675495845391312,8.752069568291216,2,1,1.6112795412861702,17.578727573030058,77.02883086003135,87.19728702301391,1,0,3
20.85721808869476,48.02496387878814,73.2298555940515,11.806872821949138,1.130608172631187,62.28525462423379,17.09449188236871,1.3313749683054596,3,1,0.8738958755852,16.05273197625725,66.17703347008978,70.29654792689358,1,0,2
25.360258567346634,86.30070552044484,85.97509273824906,11.082944742018647,1.5952858884129044,50.45470901512096,2.9970984117058874,8.499396282604202,1,0,21.375535340543728,12.660600406579816,73.86789520904276,97.90977502364967,0,0,3
25.068313628095282,48.45239025664506,82.5268269533538,7.858551379551724,1.7857046994790777,71.69040182591634,18.918557225921514,6.588764526069641,0,4,39.88701615067069,11.444599652678608,67.42795869475796,31.080624164367812,1,1,2
44.355764051674214,74.02852246610769,60.58224497515481,7.177293907021772,0.43161837430917577,67.94852148435044,10.14948709326815,1.363354818012873,0,3,35.15320640395946,13.898928627396625,94.34866494299719,99.88427469720361,1,1,2
40.69611671243781,53.87140851949813,87.840607157037,9.28872038989091,0.9234984593628436,76.95445026033968,18.528277571673954,6.418350247494624,1,1,12.401017334851385,2.8798003182873444,67.48131216203745,78.39863324510824,0,0,1
36.035095847707794,82.82726285654589,93.07621620730875,8.71808850228113,1.608204047223626,89.83864302849227,6.735855774516262,4.834174642771479,2,1,15.452369364616136,18.65288492632968,46.24387051532484,88.2871812033699,0,1,3
36.81170284846171,83.54328705551251,89.5957202209535,11.266550053156397,1.0053905845394318,92.12154010752235,14.31917808278794,8.57014847294809,3,2,15.516239849524043,5.693465830092819,75.82528234950752,53.446665743721866,1,1,3
31.862183832077132,26.11917655097587,96.81399493917107,6.600190026402922,0.8313985871159968,70.06149998058459,9.657502439453793,9.164788395967411,2,1,29.36715263620059,13.129805448860045,77.37886276901915,65.58389296605888,0,1,3
43.41272001325557,85.5545331917158,88.56697642265385,7.546440367869112,0.9698147194407218,71.49228718531751,12.53607260490946,3.5784384507785494,0,3,13.64531010649534,12.135113622838094,85.91980436758209,85.7892473519032,1,1,2
29.887762586470846,77.78743890642909,63.33751274253785,10.510793667112251,1.3049783068761138,57.408886516473686,10.087449862783044,8.057530081505078,2,3,5.911882455010429,12.732279594312173,95.99704849306053,83.24546306568905,0,0,3
26.415531296096837,75.39175000188668,65.82227620423558,6.569919869863873,1.9996590022341527,52.377380444058176,19.342312347427228,3.7882254638884554,0,3,29.884296343342015,17.579042461642246,66.58490092740703,53.38241002154932,1,1,2
19.89106010794773,34.063793777986575,89.82372887719762,7.924586484130201,1.1127367509329307,82.06074951175123,13.842107956278344,3.660719116049569,1,1,18.320624729804184,5.918224133012395,61.12459639643835,52.708716451666206,0,1,1
38.58616956783174,76.35834461282654,73.748959598682,8.322932364323899,0.6148653311699559,53.221881277634616,5.026379372526309,2.7337450663434497,1,4,3.0711489474586795,14.978963765053146,69.44626094484995,76.39678420384918,0,1,3
37.033317962267745,79.50929142795258,63.982256451738294,9.73556277937614,0.5349815067384158,86.69150597107279,18.19353843810169,7.10640125454176,1,1,31.60209073968243,11.967821278783383,94.01193411467783,95.35614270303962,1,1,3
26.530651155724044,40.24052341179056,81.48013717242733,6.948795874316188,0.324112058083725,76.95450725111237,5.880594763102087,3.3551693112409238,4,9,23.41245055800917,1.521206619092803,98.79894291019122,60.7150193471891,0,0,3
15.75580241877688,86.65820548536266,87.71612990418276,11.163626942098258,1.2279301611070625,59.92914891130417,7.432101986017125,5.183725078206284,0,0,19.57477301075137,8.283093617639503,98.27410039682452,54.70592595164512,0,0,1
40.16991983154033,23.490210247941498,76.43729941748033,8.685253412797646,1.20300116010546,76.97614717563248,2.0424739604042674,8.30915278728145,1,2,26.933726685891195,16.759031465314887,53.78173076831368,92.62809253653273,0,0,3
15.34253950362221,30.493647727299777,96.02168511128889,11.502130271283338,0.609159371865541,59.14988583010494,17.999330395923817,8.127215575366531,1,2,20.21470731281465,6.306947778611718,69.81372169371258,77.81392430196064,0,0,2
36.11099338887153,57.630679663606,92.18853040506224,8.807219481803589,1.4668264612919923,71.9368603755206,5.7222404645572595,8.698983483658509,2,3,25.93680591953997,9.645277666257519,55.56844155130069,57.17931857942577,1,0,3
44.10771329178171,60.30547297856168,76.6409180545836,7.6502415536444,1.5469373228519414,89.97801581211144,5.178352358627647,2.449580619738029,1,2,34.699541814612864,9.772771363073199,62.078966942022824,34.009336159345615,1,1,1
28.129839844446103,65.16050583106323,97.74362644542802,6.8509729721260495,0.7034218594186947,73.09596467053187,18.40525195989908,6.282034860541081,1,5,24.540574724445015,12.36019733611725,41.901046332492825,80.50424904334494,1,1,3
22.04920214987858,21.18783905208265,92.43475212665177,6.022470568267709,0.852174587052039,57.43496591487741,16.110537248100666,9.233558603584278,0,2,26.384019914170995,17.680357195803666,49.636070756295005,54.7020543483266,1,1,3
36.146130301301454,87.22567422354912,91.87226893589511,9.192944909909013,1.9833254266076992,86.19143409114726,2.821578430387488,1.37845077671841,0,4,24.55424277682699,3.470783975703129,63.82455728122163,34.939633844065185,0,0,1
39.51384426046755,23.121166491390078,87.6713850393534,6.64294018156154,0.9049628187387848,59.33842081350044,15.386490078073614,8.150740956985345,2,0,21.247191105331865,10.092337652802513,61.88227793338386,72.86023610724638,0,0,2
31.39290948233542,30.014336690638167,60.56948340442764,8.35036658178707,1.581402925573178,86.92749371850547,18.260661961075815,3.2161349276840427,3,3,6.878896439018862,8.485345185752243,56.72995306788029,52.61048093456907,1,1,2
44.01105825768438,20.98101622682399,94.82535917384445,9.535630567422519,1.0422694966023949,73.96761446079167,1.5702243642148783,7.026882357258768,1,1,13.427105742354616,5.918401802011928,53.8185746251782,53.69195558173706,0,0,2
16.550061649738833,59.68009033058663,78.80208955545783,7.654115381416202,1.638353448756708,72.68708795471508,16.50429989809146,7.456645396261884,0,1,27.724358694324888,18.392163539075447,84.93734286684341,63.54190915235249,0,1,2
30.143867949135846,85.25868187446805,107.13048550793278,7.051345754196691,1.5957906678696339,92.57175189287373,10.94840103746112,9.330266424615111,1,2,17.019044268071085,0.1634218481542793,57.67298198868347,80.22323371299186,0,1,2
36.5536184196765,66.6163016256325,100.89923855386027,10.64832973565605,1.4185730440974373,85.43017621703343,13.383948987576012,5.579194801806685,0,1,16.24516047644093,2.442095852607542,82.3926178877646,49.34313343454059,0,0,1
40.87921413447537,77.58602279362991,89.38472347656561,11.680747033689723,1.7458621060172637,51.64553984774696,9.857086778098738,8.634079972814888,0,0,30.370771365222318,14.666888998322191,62.117506544899825,35.66621410452307,1,1,3
20.377668357233702,20.929684242100606,72.60909909096347,6.602642507171796,1.893632366035949,64.80871573008012,13.956061698105573,1.4078621133965927,1,1,0.2227544249464497,5.268832093738269,88.11875434453347,59.70980050076543,0,1,1
39.00010445291044,57.94107089358082,70.18586966388332,6.933541946310047,1.2649708107911468,93.54603304249494,0.6819572333350643,4.784885022315864,0,0,27.15977920981354,14.463585221844868,50.03400092412053,33.844779618147605,1,1,2
31.581212271556357,52.169408425386536,77.01924188387746,11.760075943516313,0.665570587639805,50.916308427259935,15.254134464465674,4.955670358020317,1,3,19.56906041960061,16.645072214311256,49.45623282217469,78.80879569245515,0,0,3
26.8966104596989,54.927756095455514,83.82839717900093,6.226705330873478,0.9476006828771313,77.26267231309852,0.6668739571791682,5.844506282592663,2,1,15.070503249854085,5.092320336690603,80.78033602246026,97.1470427545802,1,0,3
18.951450857372805,25.054922973463157,74.80327550194735,11.865794019302832,1.5770349986482632,86.39128345869719,9.10599695494687,5.33206427291074,1,2,13.621464462943585,3.838885757260484,94.89491450853131,76.11311653536922,1,0,2
40.95887276726737,67.91047527485152,85.74647476962414,6.027866898509933,1.3890460989667717,81.0928042742288,3.0192998626058976,9.711653687946594,2,0,6.915019812606782,2.9060126536231556,48.57920228997228,49.27733148255975,1,1,3
19.71819624539146,55.22542904010441,68.2685212756593,11.242011933907989,0.5611470924891853,88.02661010522182,16.471485547026145,1.7068561376326985,1,1,13.370083309944123,4.0017722176489245,44.42227707062902,42.71916712763225,1,0,1
24.29363577627298,73.56041949028848,108.88564064127499,7.843951085926497,0.3396691970062432,86.28459244573729,6.273218183513372,3.385149957362136,1,0,15.656738884414914,5.343707782343832,96.07823240930942,46.29484999100629,1,1,1
23.701365958873104,53.97034438432007,65.39622774824969,11.63153314906378,1.4451827886986135,84.60153475765566,9.08187089208665,9.717659033045898,0,1,17.497956776993394,17.374996330810177,47.039616631949166,45.512700221768505,0,1,3
41.142421025725625,30.456714535850246,106.5972069827186,7.901671731813513,0.6893882920513543,91.07699304628261,8.575014825966232,5.007722915881261,1,1,26.892025547101102,15.40008826504865,55.02201518594096,51.968135423116095,0,0,2
